Date,Series,p2_5,p16,p50,p84,p97_5
1960-01-01,Pi,-1.7986332183306717,-1.7986332183306717,-1.4926351663602986,-0.3686916251051439,-0.3686916251051439
1960-04-01,Pi,-0.018029931656545508,-0.018029931656545508,0.21514207787518355,1.2001229770343127,1.2001229770343127
1960-07-01,Pi,-0.7451574338234892,-0.7451574338234892,-0.3586611464945097,0.5275457195493788,0.5275457195493788
1960-10-01,Pi,-0.623449095291106,-0.623449095291106,-0.18559414639803967,0.7326841049963281,0.7326841049963281
1961-01-01,Pi,-1.6442306982359982,-1.6442306982359982,-0.9411916099741089,-0.43120543056068106,-0.43120543056068106
1961-04-01,Pi,-2.4322279262522635,-2.4322279262522635,-1.6299720282022925,-1.292170543456239,-1.292170543456239
1961-07-01,Pi,-0.9824694725244284,-0.9824694725244284,-0.1940301799873136,0.25843481175756516,0.25843481175756516
1961-10-01,Pi,-2.087621319701282,-2.087621319701282,-1.4855524654056813,-0.8407877280637922,-0.8407877280637922
1962-01-01,Pi,-0.6678727528271191,-0.6678727528271191,-0.2744029201587143,0.45992448415684883,0.45992448415684883
1962-04-01,Pi,-0.9069949163174277,-0.9069949163174277,-0.7046974569572534,0.05895180795037387,0.05895180795037387
1962-07-01,Pi,-1.299915595471807,-1.299915595471807,-1.0868585948657519,-0.33440989040493224,-0.33440989040493224
1962-10-01,Pi,-1.3066132778487318,-1.3066132778487318,-0.9409872862473527,-0.3034425178635497,-0.3034425178635497
1963-01-01,Pi,-1.1993093241725608,-1.1993093241725608,-0.9956543472668108,-0.4105559927786741,-0.4105559927786741
1963-04-01,Pi,-1.698038900993494,-1.698038900993494,-1.5921731292430386,-0.9436617679709255,-0.9436617679709255
1963-07-01,Pi,-0.435684218589083,-0.435684218589083,-0.3278692504465807,0.3071585842464713,0.3071585842464713
1963-10-01,Pi,-1.0018545915628805,-1.0018545915628805,-0.8031026405627589,-0.2357634466916274,-0.2357634466916274
1964-01-01,Pi,-0.6426387262487475,-0.6426387262487475,-0.23870419999476955,-0.006477960006025983,-0.006477960006025983
1964-04-01,Pi,-1.846254492542108,-1.846254492542108,-1.3875209291916775,-1.060503969345135,-1.060503969345135
1964-07-01,Pi,-1.433844851896138,-1.433844851896138,-0.8031226194201415,-0.5940985317596794,-0.5940985317596794
1964-10-01,Pi,-1.6057988652129138,-1.6057988652129138,-0.9625608734797154,-0.5793249757044395,-0.5793249757044395
1965-01-01,Pi,-1.7644058580996502,-1.7644058580996502,-1.0015884011169596,-0.498179621798363,-0.498179621798363
1965-04-01,Pi,-1.213341686137701,-1.213341686137701,-0.3244036523616307,0.28591586108636347,0.28591586108636347
1965-07-01,Pi,-1.8319353655786368,-1.8319353655786368,-0.7889049009896663,-0.29589321320483625,-0.29589321320483625
1965-10-01,Pi,-2.0638129564178795,-2.0638129564178795,-1.1590889261202528,-0.6530040407232185,-0.6530040407232185
1966-01-01,Pi,0.026101511930408574,0.026101511930408574,0.5718235673253328,1.1397068224881208,1.1397068224881208
1966-04-01,Pi,0.08745873487957516,0.08745873487957516,0.7108932795741011,1.2661779895365044,1.2661779895365044
1966-07-01,Pi,-0.03819294076016974,-0.03819294076016974,0.27343989587924583,0.9272567038791246,0.9272567038791246
1966-10-01,Pi,-0.07229977552751563,-0.07229977552751563,0.2630335879690908,0.8496876641718425,0.8496876641718425
1967-01-01,Pi,-2.072586253663401,-2.072586253663401,-1.6533941467774915,-1.077206997784971,-1.077206997784971
1967-04-01,Pi,-1.4157569907761638,-1.4157569907761638,-0.8100873916597948,-0.3599957797378934,-0.3599957797378934
1967-07-01,Pi,0.48309322804812044,0.48309322804812044,1.0857332963183264,1.2248966716793528,1.2248966716793528
1967-10-01,Pi,0.09360090751437974,0.09360090751437974,0.7072661761585912,0.76210815946353,0.76210815946353
1968-01-01,Pi,0.9204196363690647,0.9204196363690647,1.5312027244755448,1.5795159372450187,1.5795159372450187
1968-04-01,Pi,0.6150094900498094,0.6150094900498094,1.210385074597493,1.4995148302459604,1.4995148302459604
1968-07-01,Pi,0.5592602079699784,0.5592602079699784,1.246173846408198,1.4532916149533608,1.4532916149533608
1968-10-01,Pi,0.876726777894404,0.876726777894404,1.4337492404840995,1.6670443793785454,1.6670443793785454
1969-01-01,Pi,0.29584540474363297,0.29584540474363297,0.8593140176585294,1.0160641037618459,1.0160641037618459
1969-04-01,Pi,1.6090427220871755,1.6090427220871755,2.1417013350105307,2.304733348875222,2.304733348875222
1969-07-01,Pi,1.3671081077654463,1.3671081077654463,1.766931516831967,2.221558215081572,2.221558215081572
1969-10-01,Pi,1.2177614198975308,1.2177614198975308,1.58561984558666,1.9295134036123167,1.9295134036123167
1970-01-01,Pi,1.2671616263889771,1.2671616263889771,1.4990966746995105,1.8631906063652548,1.8631906063652548
1970-04-01,Pi,0.9755813850591329,0.9755813850591329,1.4236155283212348,1.7126051437742797,1.7126051437742797
1970-07-01,Pi,0.5149240359376144,0.5149240359376144,0.8648333917004182,0.9874380301182403,0.9874380301182403
1970-10-01,Pi,1.8764202959452938,1.8764202959452938,2.186678143362986,2.2335851609532846,2.2335851609532846
1971-01-01,Pi,0.43305127936102017,0.43305127936102017,0.6579224426279701,0.7576751345954281,0.7576751345954281
1971-04-01,Pi,1.24834155960321,1.24834155960321,1.3923833234377276,1.5815244283387784,1.5815244283387784
1971-07-01,Pi,0.6100755872167539,0.6100755872167539,0.7358513234237875,0.812164608207979,0.812164608207979
1971-10-01,Pi,-0.9898101522983838,-0.9898101522983838,-0.8901457439787143,-0.7815870183814544,-0.7815870183814544
1972-01-01,Pi,0.7773727474910977,0.7773727474910977,0.931323718593653,0.9564905509177913,0.9564905509177913
1972-04-01,Pi,-1.3296165310058206,-1.3296165310058206,-1.2052077360540279,-1.1522253737066277,-1.1522253737066277
1972-07-01,Pi,-0.17234011568896027,-0.17234011568896027,-0.14388127306060886,-0.024668150919942556,-0.024668150919942556
1972-10-01,Pi,-0.5401429149230705,-0.5401429149230705,-0.4439794957525916,-0.40848716358879433,-0.40848716358879433
1973-01-01,Pi,1.0801078182690387,1.0801078182690387,1.135465144627437,1.2487072793484455,1.2487072793484455
1973-04-01,Pi,3.9535005345088394,3.9535005345088394,4.149011342848396,4.21642312454221,4.21642312454221
1973-07-01,Pi,3.4515933463265975,3.4515933463265975,3.6198066761241785,3.7065656555102837,3.7065656555102837
1973-10-01,Pi,4.4138246570568,4.4138246570568,4.5463788773563305,4.727643599993953,4.727643599993953
1974-01-01,Pi,8.265664867709123,8.265664867709123,8.353613117923485,8.479983928024735,8.479983928024735
1974-04-01,Pi,7.105020711457601,7.105020711457601,7.391227811087846,7.555775677975757,7.555775677975757
1974-07-01,Pi,6.4797979130399,6.4797979130399,6.633012056075892,6.7385195915598155,6.7385195915598155
1974-10-01,Pi,5.669288988378096,5.669288988378096,5.8066040867639055,6.006970502125245,6.006970502125245
1975-01-01,Pi,2.658603316549067,2.658603316549067,2.978148981439608,3.0263559627845527,3.0263559627845527
1975-04-01,Pi,-0.01836633936952392,-0.01836633936952392,0.1670515499992596,0.36106862588645305,0.36106862588645305
1975-07-01,Pi,2.496191929596522,2.496191929596522,2.7547935519131244,2.880501666340586,2.880501666340586
1975-10-01,Pi,1.751313062746225,1.751313062746225,2.0137511292170394,2.2723207419620333,2.2723207419620333
1976-01-01,Pi,-0.37885798249610797,-0.37885798249610797,-0.28183550324555845,-0.10744895110824387,-0.10744895110824387
1976-04-01,Pi,-1.292572486077029,-1.292572486077029,-1.1678641092941044,-1.1303906413173552,-1.1303906413173552
1976-07-01,Pi,1.570720586758679,1.570720586758679,1.6282134467655436,1.7942326402958675,1.7942326402958675
1976-10-01,Pi,1.7464930603603401,1.7464930603603401,1.8329715919597291,2.126115592152435,2.126115592152435
1977-01-01,Pi,2.654181208696833,2.654181208696833,2.8250426897481717,3.010697248908343,3.010697248908343
1977-04-01,Pi,2.21733190092037,2.21733190092037,2.279891863676467,2.587290072489015,2.587290072489015
1977-07-01,Pi,1.2551661870826412,1.2551661870826412,1.3690014341343293,1.3980352067606212,1.3980352067606212
1977-10-01,Pi,0.784442127801063,0.784442127801063,0.9258737590940683,0.9933943071883912,0.9933943071883912
1978-01-01,Pi,1.550803663450501,1.550803663450501,1.650406933256837,1.9331326551407775,1.9331326551407775
1978-04-01,Pi,3.2074958872718837,3.2074958872718837,3.258744977654938,3.4843110843868312,3.4843110843868312
1978-07-01,Pi,1.6842542377136251,1.6842542377136251,1.8340152849772182,1.9122590845742333,1.9122590845742333
1978-10-01,Pi,1.962535841252516,1.962535841252516,2.1791012200626807,2.2420430013395354,2.2420430013395354
1979-01-01,Pi,1.6814420414657758,1.6814420414657758,1.8624747095197367,1.904408564655561,1.904408564655561
1979-04-01,Pi,5.129594894842091,5.129594894842091,5.269629245964535,5.44461189906951,5.44461189906951
1979-07-01,Pi,3.874913238498941,3.874913238498941,4.042217824308759,4.213390642648011,4.213390642648011
1979-10-01,Pi,3.4960233058758488,3.4960233058758488,3.5955872672967812,3.73317146396163,3.73317146396163
1980-01-01,Pi,5.88622769435314,5.88622769435314,6.077351193739166,6.240959649783124,6.240959649783124
1980-04-01,Pi,3.569463804158368,3.569463804158368,3.685305151743779,3.9400430586100392,3.9400430586100392
1980-07-01,Pi,3.0719887998982887,3.0719887998982887,3.111894290782894,3.2392558165847296,3.2392558165847296
1980-10-01,Pi,3.4246549410960228,3.4246549410960228,3.540826840377553,3.7981397310969123,3.7981397310969123
1981-01-01,Pi,3.662236623817835,3.662236623817835,3.8987116042470853,4.096171584846664,4.096171584846664
1981-04-01,Pi,-0.2001198416386456,-0.2001198416386456,0.0917551487780238,0.11002422181290747,0.11002422181290747
1981-07-01,Pi,-0.1009122352275874,-0.1009122352275874,-0.03572078621688069,0.038771429718287335,0.038771429718287335
1981-10-01,Pi,-0.5687015810322897,-0.5687015810322897,-0.4532539641295511,-0.23358951458551255,-0.23358951458551255
1982-01-01,Pi,-1.458818123863068,-1.458818123863068,-1.3399454303038278,-1.1792642209832618,-1.1792642209832618
1982-04-01,Pi,-2.5109052297199583,-2.5109052297199583,-2.3328542841941116,-2.312073820424397,-2.312073820424397
1982-07-01,Pi,0.11953430244467766,0.11953430244467766,0.19791405362044465,0.4721236540215896,0.4721236540215896
1982-10-01,Pi,-1.8182827327466327,-1.8182827327466327,-1.678068330658483,-1.3166752466556195,-1.3166752466556195
1983-01-01,Pi,-2.8766762668468115,-2.8766762668468115,-2.6800504072505773,-2.5266796496618324,-2.5266796496618324
1983-04-01,Pi,-2.552457974725304,-2.552457974725304,-2.3122917328128794,-2.25810440483515,-2.25810440483515
1983-07-01,Pi,-0.713971100035405,-0.713971100035405,-0.6622751865907148,-0.5196824333441326,-0.5196824333441326
1983-10-01,Pi,-3.351856579331474,-3.351856579331474,-3.2511357465813004,-3.098188412701771,-3.098188412701771
1984-01-01,Pi,-1.4254070087763018,-1.4254070087763018,-1.4122462284989683,-1.1999116249142079,-1.1999116249142079
1984-04-01,Pi,-1.8133591129587323,-1.8133591129587323,-1.715306593346074,-1.6191786323701143,-1.6191786323701143
1984-07-01,Pi,-2.4213915022330155,-2.4213915022330155,-2.268566384973651,-2.208048526205991,-2.208048526205991
1984-10-01,Pi,-2.809308934802583,-2.809308934802583,-2.7520084690780595,-2.5410096255638863,-2.5410096255638863
1985-01-01,Pi,-0.38468754184755505,-0.38468754184755505,-0.3131855526757927,-0.2047126995919935,-0.2047126995919935
1985-04-01,Pi,-1.8536818017675216,-1.8536818017675216,-1.8171801341208935,-1.62921433766384,-1.62921433766384
1985-07-01,Pi,-2.008067723114321,-2.008067723114321,-1.9580395210051074,-1.8314080346837063,-1.8314080346837063
1985-10-01,Pi,-2.3152580774617384,-2.3152580774617384,-2.2668255989245862,-2.2394974894040676,-2.2394974894040676
1986-01-01,Pi,-2.307016966721271,-2.307016966721271,-2.0931180383044263,-1.9148735550029679,-1.9148735550029679
1986-04-01,Pi,-5.5207286637201225,-5.5207286637201225,-5.347129588279761,-5.309670037116548,-5.309670037116548
1986-07-01,Pi,-2.961811013169652,-2.961811013169652,-2.838072609356023,-2.7848903650806407,-2.7848903650806407
1986-10-01,Pi,-2.5950935923415335,-2.5950935923415335,-2.415050479990842,-2.3667738619116636,-2.3667738619116636
1987-01-01,Pi,-1.1863909980225338,-1.1863909980225338,-1.104842470872314,-1.0797147792343915,-1.0797147792343915
1987-04-01,Pi,-0.9910781344229259,-0.9910781344229259,-0.9732580313622945,-0.9077350150226504,-0.9077350150226504
1987-07-01,Pi,-1.1701833891851734,-1.1701833891851734,-1.0995201326856092,-0.8983660429579798,-0.8983660429579798
1987-10-01,Pi,-1.3513700491747882,-1.3513700491747882,-1.2086689169795217,-1.1540921782154672,-1.1540921782154672
1988-01-01,Pi,-1.6258910014134837,-1.6258910014134837,-1.5128104727524374,-1.4225535413264745,-1.4225535413264745
1988-04-01,Pi,-0.24077695530729779,-0.24077695530729779,-0.16064709848859118,0.12378190884297746,0.12378190884297746
1988-07-01,Pi,0.49783367059779293,0.49783367059779293,0.5786014322523788,0.8083500089316281,0.8083500089316281
1988-10-01,Pi,-0.3719525749150984,-0.3719525749150984,-0.06933633882857637,0.13339932611286598,0.13339932611286598
1989-01-01,Pi,0.221360225531647,0.221360225531647,0.5933037820549198,0.7014878542693201,0.7014878542693201
1989-04-01,Pi,1.3088655585624174,1.3088655585624174,1.45675275147478,1.6022962659678395,1.6022962659678395
1989-07-01,Pi,-1.6838713851766904,-1.6838713851766904,-1.6507669827111822,-1.4402762048101228,-1.4402762048101228
1989-10-01,Pi,-0.7411372652422935,-0.7411372652422935,-0.6371285676121132,-0.5271514299403467,-0.5271514299403467
1990-01-01,Pi,2.076570676084329,2.076570676084329,2.136206344911486,2.343289866430023,2.343289866430023
1990-04-01,Pi,-0.18751077026189153,-0.18751077026189153,0.009296696840714528,0.09858121639883696,0.09858121639883696
1990-07-01,Pi,1.4652930967122701,1.4652930967122701,1.4997407910948928,1.5682788456225374,1.5682788456225374
1990-10-01,Pi,1.6086616088820884,1.6086616088820884,1.7747243909042032,1.9500346859288435,1.9500346859288435
1991-01-01,Pi,-1.588901208094919,-1.588901208094919,-1.5044965061613578,-1.2844819928806717,-1.2844819928806717
1991-04-01,Pi,-1.6089849752991423,-1.6089849752991423,-1.3833673419390922,-1.339511438924035,-1.339511438924035
1991-07-01,Pi,-0.7905088149976527,-0.7905088149976527,-0.7639174392324125,-0.7143940587635281,-0.7143940587635281
1991-10-01,Pi,-0.6591110489664685,-0.6591110489664685,-0.4435403160022424,-0.3439056986830548,-0.3439056986830548
1992-01-01,Pi,-0.8668716152141691,-0.8668716152141691,-0.8114462496618259,-0.6019373809646114,-0.6019373809646114
1992-04-01,Pi,-0.8384557851693576,-0.8384557851693576,-0.6852129341993102,-0.46111535074785814,-0.46111535074785814
1992-07-01,Pi,-0.83346762096114,-0.83346762096114,-0.7117498426659408,-0.5711243714068811,-0.5711243714068811
1992-10-01,Pi,-0.47547864648637983,-0.47547864648637983,-0.3040959933720883,-0.2972634553207132,-0.2972634553207132
1993-01-01,Pi,-0.8288584286282417,-0.8288584286282417,-0.7706655195803283,-0.672435151026966,-0.672435151026966
1993-04-01,Pi,-0.5226156262557629,-0.5226156262557629,-0.4455283742172123,-0.4297043591500588,-0.4297043591500588
1993-07-01,Pi,-1.4355016380742371,-1.4355016380742371,-1.346093286368949,-1.1850437092271675,-1.1850437092271675
1993-10-01,Pi,-0.7752445500984599,-0.7752445500984599,-0.7339961781378561,-0.6700309462967218,-0.6700309462967218
1994-01-01,Pi,-1.6360687568304866,-1.6360687568304866,-1.5090436631361064,-1.4296731413986716,-1.4296731413986716
1994-04-01,Pi,-0.9219607787468724,-0.9219607787468724,-0.7423687940144706,-0.7085740392978027,-0.7085740392978027
1994-07-01,Pi,-0.11858186078792102,-0.11858186078792102,0.01861715375965113,0.07387346960824324,0.07387346960824324
1994-10-01,Pi,-1.118599917964532,-1.118599917964532,-1.104286608091736,-0.9248033177240259,-0.9248033177240259
1995-01-01,Pi,-1.0462966338848343,-1.0462966338848343,-0.8986453560780787,-0.8113119289684455,-0.8113119289684455
1995-04-01,Pi,-0.5579004696812383,-0.5579004696812383,-0.5163088247084894,-0.37317729041212405,-0.37317729041212405
1995-07-01,Pi,-1.1646785270793507,-1.1646785270793507,-1.1441856586659227,-1.0617116209119073,-1.0617116209119073
1995-10-01,Pi,-0.8918057936751581,-0.8918057936751581,-0.8692905749730174,-0.822778508390239,-0.822778508390239
1996-01-01,Pi,-0.3113862974235549,-0.3113862974235549,-0.22183179233970177,-0.15348005608878018,-0.15348005608878018
1996-04-01,Pi,0.11932879295798138,0.11932879295798138,0.29350916400203503,0.30348455505833183,0.30348455505833183
1996-07-01,Pi,-0.8900086231755471,-0.8900086231755471,-0.6555724602066263,-0.6004954275447831,-0.6004954275447831
1996-10-01,Pi,0.20340460465420607,0.20340460465420607,0.34394467192724587,0.41344855498266314,0.41344855498266314
1997-01-01,Pi,-0.9242130293006506,-0.9242130293006506,-0.6505007816972095,-0.5788850245480572,-0.5788850245480572
1997-04-01,Pi,-1.528077164790442,-1.528077164790442,-1.4883048366713556,-1.3098098708134684,-1.3098098708134684
1997-07-01,Pi,-1.4092355411161024,-1.4092355411161024,-1.3339917663157517,-1.2522385554446518,-1.2522385554446518
1997-10-01,Pi,-1.266464693689012,-1.266464693689012,-1.0943082363625756,-1.0216667475251433,-1.0216667475251433
1998-01-01,Pi,-2.390272945417956,-2.390272945417956,-2.208914865329522,-2.115709054659152,-2.115709054659152
1998-04-01,Pi,-1.6062952092900262,-1.6062952092900262,-1.3373933726359384,-1.2146457495573757,-1.2146457495573757
1998-07-01,Pi,-0.9961105050785432,-0.9961105050785432,-0.8191299477327517,-0.7889663575055947,-0.7889663575055947
1998-10-01,Pi,-0.9937501893611819,-0.9937501893611819,-0.9287298193545018,-0.758322501472764,-0.758322501472764
1999-01-01,Pi,-1.1991598416849945,-1.1991598416849945,-1.1566385090807558,-1.035059613747327,-1.035059613747327
1999-04-01,Pi,0.28408734884281805,0.28408734884281805,0.38011417295575073,0.4140829308487875,0.4140829308487875
1999-07-01,Pi,0.22037203601705874,0.22037203601705874,0.3098575674593515,0.3499053896758374,0.3499053896758374
1999-10-01,Pi,0.4159941537084581,0.4159941537084581,0.4952792569800341,0.5146215800318198,0.5146215800318198
2000-01-01,Pi,1.2633104051787918,1.2633104051787918,1.3346133800079119,1.364430214066608,1.364430214066608
2000-04-01,Pi,-0.033600064428092845,-0.033600064428092845,0.043819221031291884,0.09009147671347463,0.09009147671347463
2000-07-01,Pi,0.6374333385595573,0.6374333385595573,0.708892021839446,0.8962524530211061,0.8962524530211061
2000-10-01,Pi,0.2050644225915608,0.2050644225915608,0.3827567920073473,0.44800742293025614,0.44800742293025614
2001-01-01,Pi,0.9357269784920262,0.9357269784920262,1.0470774025148217,1.095599167369405,1.095599167369405
2001-04-01,Pi,-0.21961859066138628,-0.21961859066138628,-0.011381370095352405,0.012250078465515889,0.012250078465515889
2001-07-01,Pi,-1.8510594076154143,-1.8510594076154143,-1.731727210315876,-1.5618091231074664,-1.5618091231074664
2001-10-01,Pi,-2.050910307580716,-2.050910307580716,-1.8665849543641082,-1.648693470706791,-1.648693470706791
2002-01-01,Pi,-1.4133947591886837,-1.4133947591886837,-1.2024173330745809,-1.155527715650303,-1.155527715650303
2002-04-01,Pi,0.7948922218566444,0.7948922218566444,0.933990385165846,1.1638303375642396,1.1638303375642396
2002-07-01,Pi,-0.09606145852190782,-0.09606145852190782,0.06568878303306608,0.10030054615954843,0.10030054615954843
2002-10-01,Pi,-0.26189631746634007,-0.26189631746634007,-0.14316294784628128,-0.1157070465810713,-0.1157070465810713
2003-01-01,Pi,0.9972907254906689,0.9972907254906689,1.0184799172241594,1.1186204400776814,1.1186204400776814
2003-04-01,Pi,-1.7037750115666321,-1.7037750115666321,-1.5976534258327053,-1.5546007135583142,-1.5546007135583142
2003-07-01,Pi,0.5175316770643046,0.5175316770643046,0.5746039030493402,0.728924067831037,0.728924067831037
2003-10-01,Pi,-0.18561718637353697,-0.18561718637353697,0.007826195027172338,0.07780000203649319,0.07780000203649319
2004-01-01,Pi,0.9787798133107596,0.9787798133107596,1.1019648147368841,1.242900723005257,1.242900723005257
2004-04-01,Pi,0.6433802675363395,0.6433802675363395,0.7090085376721403,0.7768628642841131,0.7768628642841131
2004-07-01,Pi,-0.06863398462498588,-0.06863398462498588,-0.0022597713268402322,0.126353286415036,0.126353286415036
2004-10-01,Pi,1.3709742492427803,1.3709742492427803,1.3789985995239302,1.5867458906952228,1.5867458906952228
2005-01-01,Pi,0.11222883378783353,0.11222883378783353,0.3147008335259016,0.5370730472600536,0.5370730472600536
2005-04-01,Pi,0.42523370168613817,0.42523370168613817,0.5572648787314182,0.7031638362940873,0.7031638362940873
2005-07-01,Pi,2.295390554547034,2.295390554547034,2.373478980932249,2.4364432557814393,2.4364432557814393
2005-10-01,Pi,1.0915523888498713,1.0915523888498713,1.1864478770254074,1.2288538202758212,1.2288538202758212
2006-01-01,Pi,-0.04019374448373723,-0.04019374448373723,0.06088632220940616,0.14163856486706755,0.14163856486706755
2006-04-01,Pi,1.3890794541226645,1.3890794541226645,1.5489624617106508,1.6997297166983911,1.6997297166983911
2006-07-01,Pi,0.8350207064966124,0.8350207064966124,0.9687639103774613,1.0974853867253775,1.0974853867253775
2006-10-01,Pi,-2.754595155939693,-2.754595155939693,-2.7141800403398055,-2.5990035839472103,-2.5990035839472103
2007-01-01,Pi,1.494844896306066,1.494844896306066,1.637315470505984,1.7851695692924259,1.7851695692924259
2007-04-01,Pi,1.1372860072566853,1.1372860072566853,1.337900667588607,1.4830247016167388,1.4830247016167388
2007-07-01,Pi,0.009836553124508655,0.009836553124508655,0.13744529928033444,0.24606830507204625,0.24606830507204625
2007-10-01,Pi,1.839368590494707,1.839368590494707,1.8632831799590939,2.1527338784864183,2.1527338784864183
2008-01-01,Pi,0.9681486753479939,0.9681486753479939,1.0927386558337464,1.2808527913279828,1.2808527913279828
2008-04-01,Pi,1.6379684768566831,1.6379684768566831,1.771959848538097,1.8731087794545669,1.8731087794545669
2008-07-01,Pi,2.0193725906174125,2.0193725906174125,2.1862340663974686,2.229676131565805,2.229676131565805
2008-10-01,Pi,-8.539993101288479,-8.539993101288479,-8.464265929537161,-8.393194674903553,-8.393194674903553
2009-01-01,Pi,-5.120525058336713,-5.120525058336713,-5.073515751069791,-4.916529408028195,-4.916529408028195
2009-04-01,Pi,-0.9614229108696878,-0.9614229108696878,-0.8472505717384031,-0.7331895158125004,-0.7331895158125004
2009-07-01,Pi,0.3812501723006819,0.3812501723006819,0.4287445184869763,0.6364562388414676,0.6364562388414676
2009-10-01,Pi,0.7285385445988413,0.7285385445988413,0.8542728171928423,0.9637285586394504,0.9637285586394504
2010-01-01,Pi,-0.9096445250360349,-0.9096445250360349,-0.7079064114379536,-0.603040236597539,-0.603040236597539
2010-04-01,Pi,-1.6528288970357432,-1.6528288970357432,-1.6189033139600981,-1.45859008205747,-1.45859008205747
2010-07-01,Pi,-1.447630228557104,-1.447630228557104,-1.4067778460480354,-1.368738474144971,-1.368738474144971
2010-10-01,Pi,0.3244457677238191,0.3244457677238191,0.4757197462768205,0.5153603273954747,0.5153603273954747
2011-01-01,Pi,1.072520775246433,1.072520775246433,1.24882312041933,1.2923457066920299,1.2923457066920299
2011-04-01,Pi,1.6475473199777324,1.6475473199777324,1.7051537448205867,1.8908593836657048,1.8908593836657048
2011-07-01,Pi,-0.584884259506312,-0.584884259506312,-0.48309673029632433,-0.3645953131889133,-0.3645953131889133
2011-10-01,Pi,-1.1505359274370686,-1.1505359274370686,-0.989688337803275,-0.8787975135030037,-0.8787975135030037
2012-01-01,Pi,0.24822579317534513,0.24822579317534513,0.4048738868366015,0.5473761448373705,0.5473761448373705
2012-04-01,Pi,-1.4877024211557102,-1.4877024211557102,-1.3558489860286578,-1.28514894862098,-1.28514894862098
2012-07-01,Pi,-1.2497052809706621,-1.2497052809706621,-1.2341851663926693,-1.1220473146715255,-1.1220473146715255
2012-10-01,Pi,-0.08133923833003458,-0.08133923833003458,-0.056388897416553514,0.13677416259216035,0.13677416259216035
2013-01-01,Pi,-0.9231947189300479,-0.9231947189300479,-0.8925708145554726,-0.7218253267498775,-0.7218253267498775
2013-04-01,Pi,-2.1157394401874448,-2.1157394401874448,-2.0472844867818867,-1.933847501366598,-1.933847501366598
2013-07-01,Pi,-0.5779381057982363,-0.5779381057982363,-0.525214839523268,-0.42717985792055935,-0.42717985792055935
2013-10-01,Pi,-0.7487327153932389,-0.7487327153932389,-0.6527283831702582,-0.5636098396153483,-0.5636098396153483
2014-01-01,Pi,-0.44179134050574187,-0.44179134050574187,-0.3527585214708054,-0.20344847068908087,-0.20344847068908087
2014-04-01,Pi,-0.5679048088726693,-0.5679048088726693,-0.3991610238378081,-0.2817703236860192,-0.2817703236860192
2014-07-01,Pi,-1.1815440954522236,-1.1815440954522236,-1.1655201770163006,-1.0139043647531896,-1.0139043647531896
2014-10-01,Pi,-2.826856615767096,-2.826856615767096,-2.7784389346764033,-2.7217451877944083,-2.7217451877944083
2015-01-01,Pi,-4.083504104765168,-4.083504104765168,-4.069013996603308,-3.8345292414110155,-3.8345292414110155
2015-04-01,Pi,-0.37489590937470585,-0.37489590937470585,-0.21127018495826763,-0.09548607057585486,-0.09548607057585486
2015-07-01,Pi,-1.3214182025221677,-1.3214182025221677,-1.1613554092761003,-1.0543590291853828,-1.0543590291853828
2015-10-01,Pi,-2.6826151154741504,-2.6826151154741504,-2.5053891588616315,-2.4139786599792066,-2.4139786599792066
2016-01-01,Pi,-2.1606420988005897,-2.1606420988005897,-1.9876784315685683,-1.85597101648021,-1.85597101648021
2016-04-01,Pi,0.24693222847260626,0.24693222847260626,0.3537238195481849,0.4239187877132038,0.4239187877132038
2016-07-01,Pi,-0.9269690140298454,-0.9269690140298454,-0.8365019039580671,-0.7286866574052719,-0.7286866574052719
2016-10-01,Pi,-0.42203779770383026,-0.42203779770383026,-0.37107052603940255,-0.33159274477785594,-0.33159274477785594
2017-01-01,Pi,-0.06503734033649515,-0.06503734033649515,0.23049161665105963,0.2547219104511695,0.2547219104511695
2017-04-01,Pi,-1.5279780337851243,-1.5279780337851243,-1.4153683877909762,-1.2274306319838908,-1.2274306319838908
2017-07-01,Pi,-0.8472326320296375,-0.8472326320296375,-0.6685068001932323,-0.5717066440673392,-0.5717066440673392
2017-10-01,Pi,0.2219466307357656,0.2219466307357656,0.3856842179593141,0.40667397330484617,0.40667397330484617
2018-01-01,Pi,0.6626444085593893,0.6626444085593893,0.7754914597939508,0.9823916607985749,0.9823916607985749
2018-04-01,Pi,-0.08744494060262141,-0.08744494060262141,-0.02368509419493289,0.17600183375145628,0.17600183375145628
2018-07-01,Pi,-0.8709873787023346,-0.8709873787023346,-0.7952682988436314,-0.5275675107041697,-0.5275675107041697
2018-10-01,Pi,-0.8953412698349217,-0.8953412698349217,-0.679801813115967,-0.5275304742590328,-0.5275304742590328
2019-01-01,Pi,-1.4761899539606576,-1.4761899539606576,-1.3379159033281067,-1.248190945717423,-1.248190945717423
2019-04-01,Pi,-0.019300954824642728,-0.019300954824642728,0.0949196517919809,0.3507571494103002,0.3507571494103002
2019-07-01,Pi,-1.2919610882333064,-1.2919610882333064,-1.1803615173780002,-1.0840988588540184,-1.0840988588540184
2019-10-01,Pi,-0.6629217387472824,-0.6629217387472824,-0.5490740931907863,-0.46177707708088794,-0.46177707708088794
2020-01-01,Pi,-1.0484696761602532,-1.0484696761602532,-0.9371969018783652,-0.9081105111166436,-0.9081105111166436
2020-04-01,Pi,-3.86499245362051,-3.86499245362051,-3.7206925618579754,-3.554808294155177,-3.554808294155177
2020-07-01,Pi,0.9349581933292076,0.9349581933292076,1.0814047515296699,1.2408415927180338,1.2408415927180338
2020-10-01,Pi,-0.4411304580796154,-0.4411304580796154,-0.27222383474289846,-0.12686680554619334,-0.12686680554619334
2021-01-01,Pi,2.289924931606103,2.289924931606103,2.31484944400027,2.5022177705838367,2.5022177705838367
2021-04-01,Pi,3.883069616331159,3.883069616331159,4.190045245791104,4.326997728933197,4.326997728933197
2021-07-01,Pi,3.2805232540703604,3.2805232540703604,3.4105389371761046,3.5915372447395186,3.5915372447395186
2021-10-01,Pi,4.4619834494009005,4.4619834494009005,4.61420262256042,4.647729169398391,4.647729169398391
2022-01-01,Pi,5.465073278728084,5.465073278728084,5.572656323027271,5.7161117770674394,5.7161117770674394
2022-04-01,Pi,5.228003540416762,5.228003540416762,5.421066809300895,5.533564117851484,5.533564117851484
2022-07-01,Pi,2.4718749358809644,2.4718749358809644,2.5878377681369362,2.7624581167004787,2.7624581167004787
2022-10-01,Pi,1.8737092326062081,1.8737092326062081,1.917269293558362,2.0275551715003957,2.0275551715003957
2023-01-01,Pi,1.7633675607355683,1.7633675607355683,1.9142556274873463,1.9744065309062884,1.9744065309062884
2023-04-01,Pi,0.7714409095384427,0.7714409095384427,0.9261679302028619,1.0201308177535082,1.0201308177535082
2023-07-01,Pi,0.470538004145619,0.470538004145619,0.5822236013674914,0.7013141045117987,0.7013141045117987
2023-10-01,Pi,-0.4851354978896562,-0.4851354978896562,-0.4365542114868018,-0.37440294706617677,-0.37440294706617677
2024-01-01,Pi,1.2904767465927536,1.2904767465927536,1.4562400839582148,1.5474972655106327,1.5474972655106327
2024-04-01,Pi,0.32132426243734585,0.32132426243734585,0.4642136777043108,0.5481118417565961,0.5481118417565961
2024-07-01,Pi,-0.6470318016121783,-0.6470318016121783,-0.557672431472256,-0.5049333498205167,-0.5049333498205167
2024-10-01,Pi,0.16990248012902295,0.16990248012902295,0.37243911323452783,0.42351420297380526,0.42351420297380526
2025-01-01,Pi,1.5396204592999763,1.5396204592999763,1.6583478197624617,1.7502473586446572,1.7502473586446572
2025-04-01,Pi,-0.1906225900993187,-0.1906225900993187,-0.029567128742358804,0.053089670083916254,0.053089670083916254
1960-01-01,EPi,-0.16912858572489511,-0.16912858572489511,0.020338204375187567,0.07997824447274236,0.07997824447274236
1960-04-01,EPi,-0.14712374582895,-0.14712374582895,-0.008193564046020512,0.15909110364677234,0.15909110364677234
1960-07-01,EPi,-0.24505488059161967,-0.24505488059161967,-0.1231729748211069,0.051196774881311656,0.051196774881311656
1960-10-01,EPi,-0.20895287095880033,-0.20895287095880033,-0.02508081878607219,0.2085494185893225,0.2085494185893225
1961-01-01,EPi,-0.335558460533518,-0.335558460533518,-0.06536809009502835,0.05433218501393652,0.05433218501393652
1961-04-01,EPi,-0.2476826270446935,-0.2476826270446935,-0.07998884751164634,0.13132274714578226,0.13132274714578226
1961-07-01,EPi,-0.23969680381436353,-0.23969680381436353,-0.22615125878453546,0.0498446252269541,0.0498446252269541
1961-10-01,EPi,-0.256528885184875,-0.256528885184875,-0.11163159965949021,0.09765201389176827,0.09765201389176827
1962-01-01,EPi,-0.272978055779615,-0.272978055779615,-0.19550848391169856,-0.007428565251935024,-0.007428565251935024
1962-04-01,EPi,-0.028018936161449407,-0.028018936161449407,-0.016344434445889875,0.22605002310867411,0.22605002310867411
1962-07-01,EPi,-0.24565999418676424,-0.24565999418676424,-0.20107276613996594,-0.08494896937400913,-0.08494896937400913
1962-10-01,EPi,-0.09165085304445375,-0.09165085304445375,-0.0025888926684209898,0.12787222341304744,0.12787222341304744
1963-01-01,EPi,-0.2998734580289639,-0.2998734580289639,-0.12259943677137872,0.15265251397858653,0.15265251397858653
1963-04-01,EPi,-0.5061070284975858,-0.5061070284975858,-0.07176636927723491,0.14600898442039043,0.14600898442039043
1963-07-01,EPi,-0.35337101707613416,-0.35337101707613416,-0.12114846156506447,0.02752622065186509,0.02752622065186509
1963-10-01,EPi,-0.18557237019271286,-0.18557237019271286,-0.06936892377669165,0.2801660061835283,0.2801660061835283
1964-01-01,EPi,-0.23194094868817156,-0.23194094868817156,-0.09476015671768818,0.0926350412362938,0.0926350412362938
1964-04-01,EPi,-0.3660574047346462,-0.3660574047346462,0.10592317882543037,0.17418114468530305,0.17418114468530305
1964-07-01,EPi,-0.2482967042653683,-0.2482967042653683,-0.16652426357177472,-0.02107279787357138,-0.02107279787357138
1964-10-01,EPi,-0.23468254989262213,-0.23468254989262213,-0.009082424950840712,0.13344257176407612,0.13344257176407612
1965-01-01,EPi,-0.3711907550226609,-0.3711907550226609,-0.12750207304253927,-0.000608733763031143,-0.000608733763031143
1965-04-01,EPi,-0.45488436944925464,-0.45488436944925464,-0.10768795354990071,-0.004536096032988079,-0.004536096032988079
1965-07-01,EPi,-0.314037423914412,-0.314037423914412,-0.0944412930307779,0.06921160200411851,0.06921160200411851
1965-10-01,EPi,-0.32234586312019897,-0.32234586312019897,-0.14212108368704446,-0.002506086573087587,-0.002506086573087587
1966-01-01,EPi,-0.3018468237171049,-0.3018468237171049,-0.24850924766533333,-0.005027608987749117,-0.005027608987749117
1966-04-01,EPi,-0.23866305904762689,-0.23866305904762689,-0.044801817269361874,0.06809683491836438,0.06809683491836438
1966-07-01,EPi,-0.11504368914460351,-0.11504368914460351,0.016076835269791985,0.24053186188267917,0.24053186188267917
1966-10-01,EPi,-0.33481388430332465,-0.33481388430332465,-0.07676713589554159,0.13061882613044748,0.13061882613044748
1967-01-01,EPi,-0.1953890096561462,-0.1953890096561462,-0.08654131933763333,0.10843375821815769,0.10843375821815769
1967-04-01,EPi,-0.44194743238494344,-0.44194743238494344,-0.3769054593837148,0.23655958255465098,0.23655958255465098
1967-07-01,EPi,-0.27114047976718014,-0.27114047976718014,-0.1426861433110797,-0.04380110251222887,-0.04380110251222887
1967-10-01,EPi,-0.26148588327051847,-0.26148588327051847,0.07493899185894212,0.33896474947243144,0.33896474947243144
1968-01-01,EPi,-0.0402643513119505,-0.0402643513119505,0.0006072501440722059,0.13883249591906713,0.13883249591906713
1968-04-01,EPi,-0.024684478528006055,-0.024684478528006055,0.002989436856725682,0.07259330934204912,0.07259330934204912
1968-07-01,EPi,-0.06116138259499691,-0.06116138259499691,-0.0028742406930934972,0.1470523838703232,0.1470523838703232
1968-10-01,EPi,-0.0861896483940131,-0.0861896483940131,0.1749335276442037,0.28223090703304776,0.28223090703304776
1969-01-01,EPi,-0.05725878409109817,-0.05725878409109817,0.05670555111362624,0.22767624501384676,0.22767624501384676
1969-04-01,EPi,-0.3305228752923164,-0.3305228752923164,0.10732426494624774,0.2009559517551561,0.2009559517551561
1969-07-01,EPi,-0.0693036745140012,-0.0693036745140012,0.27234845621045334,0.41363902436453887,0.41363902436453887
1969-10-01,EPi,0.07225295661644798,0.07225295661644798,0.1619103343860543,0.3613304738751931,0.3613304738751931
1970-01-01,EPi,-0.09807353526711442,-0.09807353526711442,0.14625702424837297,0.18971068103481928,0.18971068103481928
1970-04-01,EPi,-0.027170561679168544,-0.027170561679168544,0.03947509071401147,0.19420971734672843,0.19420971734672843
1970-07-01,EPi,0.02372794565017437,0.02372794565017437,0.06055566026832153,0.24258991166992902,0.24258991166992902
1970-10-01,EPi,-0.09292207233576848,-0.09292207233576848,-0.013864630647856176,0.14028567907926479,0.14028567907926479
1971-01-01,EPi,-0.3034045669398973,-0.3034045669398973,-0.07853396941361347,0.021417759962507714,0.021417759962507714
1971-04-01,EPi,-0.2844903244679716,-0.2844903244679716,-0.14082667040129196,0.048399045972842315,0.048399045972842315
1971-07-01,EPi,-0.26764279543572184,-0.26764279543572184,-0.14102039471954078,-0.06505795815959961,-0.06505795815959961
1971-10-01,EPi,0.011244619533211004,0.011244619533211004,0.11038404433952793,0.21907111882569077,0.21907111882569077
1972-01-01,EPi,0.004083853392983375,0.004083853392983375,0.15844934778538497,0.18348711328304945,0.18348711328304945
1972-04-01,EPi,-0.17153703032495324,-0.17153703032495324,-0.04707865929782793,0.005803109683733023,0.005803109683733023
1972-07-01,EPi,-0.23488497893113408,-0.23488497893113408,-0.2062908807433092,-0.08731428419365382,-0.08731428419365382
1972-10-01,EPi,0.06354259196622453,0.06354259196622453,0.1597659903369293,0.1950343549769846,0.1950343549769846
1973-01-01,EPi,0.04678708726407812,0.04678708726407812,0.1025142601093664,0.2152629953594681,0.2152629953594681
1973-04-01,EPi,-0.053413195565069425,-0.053413195565069425,0.1422524022152911,0.20978867365719167,0.20978867365719167
1973-07-01,EPi,-0.13568738164028324,-0.13568738164028324,0.03315410649029992,0.12001851223069529,0.12001851223069529
1973-10-01,EPi,-0.13795529447441268,-0.13795529447441268,-0.005528582837129214,0.17537758817123195,0.17537758817123195
1974-01-01,EPi,0.027192093003250307,0.027192093003250307,0.11506627405637504,0.2411143994077803,0.2411143994077803
1974-04-01,EPi,0.1766540232716193,0.1766540232716193,0.46261160169064236,0.6276635416935076,0.6276635416935076
1974-07-01,EPi,0.3207626705463852,0.3207626705463852,0.4741299092303524,0.5796745958052608,0.5796745958052608
1974-10-01,EPi,0.2289728325055359,0.2289728325055359,0.3663706293531932,0.5667227134882166,0.5667227134882166
1975-01-01,EPi,0.053461172904841814,0.053461172904841814,0.3727438615940035,0.4209004231294614,0.4209004231294614
1975-04-01,EPi,0.11074839841897612,0.11074839841897612,0.29627475725461233,0.49038771937799713,0.49038771937799713
1975-07-01,EPi,-0.041641467146685485,-0.041641467146685485,0.21729383467958494,0.3429073943768,0.3429073943768
1975-10-01,EPi,0.012332423555744517,0.012332423555744517,0.2746152128897265,0.5330507553287436,0.5330507553287436
1976-01-01,EPi,-0.007272985979321349,-0.007272985979321349,0.0898940918156058,0.26388755840954675,0.26388755840954675
1976-04-01,EPi,-0.29635635347721556,-0.29635635347721556,-0.17115741908695944,-0.13414394986417347,-0.13414394986417347
1976-07-01,EPi,-0.17276777328667892,-0.17276777328667892,-0.11514810255241512,0.050703985586758385,0.050703985586758385
1976-10-01,EPi,-0.22445978468328004,-0.22445978468328004,-0.1378850987085308,0.15532228142252943,0.15532228142252943
1977-01-01,EPi,-0.2598799260883565,-0.2598799260883565,-0.08904795023237491,0.09630816917330265,0.09630816917330265
1977-04-01,EPi,-0.17327111404640597,-0.17327111404640597,-0.11068604275319152,0.19698685727749515,0.19698685727749515
1977-07-01,EPi,-0.05246612682729023,-0.05246612682729023,0.0613069746940773,0.0903684734078002,0.0903684734078002
1977-10-01,EPi,-0.16899447055472505,-0.16899447055472505,-0.027499188044487397,0.04015436071425482,0.04015436071425482
1978-01-01,EPi,-0.10816963049768619,-0.10816963049768619,-0.008180698949520986,0.2743389625296738,0.2743389625296738
1978-04-01,EPi,0.14844772077009677,0.14844772077009677,0.2002902500528909,0.42601335387172085,0.42601335387172085
1978-07-01,EPi,-0.11442400749649248,-0.11442400749649248,0.035312217538284535,0.11387075223989633,0.11387075223989633
1978-10-01,EPi,-0.1642098361086911,-0.1642098361086911,0.052142049502326905,0.11519536250527908,0.11519536250527908
1979-01-01,EPi,0.06369867929757585,0.06369867929757585,0.24498023393381294,0.2865180500971393,0.2865180500971393
1979-04-01,EPi,-0.12806774882745145,-0.12806774882745145,0.011729843488687395,0.18699344138269397,0.18699344138269397
1979-07-01,EPi,0.2857637984243727,0.2857637984243727,0.4531131487060835,0.6238929910281524,0.6238929910281524
1979-10-01,EPi,0.15336571369314914,0.15336571369314914,0.2529602548758952,0.3902556926968592,0.3902556926968592
1980-01-01,EPi,0.04535986302124309,0.04535986302124309,0.23641961546236995,0.40000703410758853,0.40000703410758853
1980-04-01,EPi,0.11773885442069003,0.11773885442069003,0.23341436428791423,0.4881818018158173,0.4881818018158173
1980-07-01,EPi,0.09533910315013501,0.09533910315013501,0.13495700905677602,0.2625783430521814,0.2625783430521814
1980-10-01,EPi,0.19491165300367275,0.19491165300367275,0.31118291317024205,0.5684212635820951,0.5684212635820951
1981-01-01,EPi,0.5816971606902734,0.5816971606902734,0.8179026599902306,1.0161443511639325,1.0161443511639325
1981-04-01,EPi,0.29139480139294055,0.29139480139294055,0.5833646921627704,0.6017910170578528,0.6017910170578528
1981-07-01,EPi,0.266889376671051,0.266889376671051,0.331760942096026,0.40632655507678195,0.40632655507678195
1981-10-01,EPi,0.40338760272490687,0.40338760272490687,0.51891449838134,0.7383915328578265,0.7383915328578265
1982-01-01,EPi,0.04771757753857392,0.04771757753857392,0.16659224267440564,0.32717821683175546,0.32717821683175546
1982-04-01,EPi,-0.14493567398615034,-0.14493567398615034,0.03317132398089294,0.05364376739612415,0.05364376739612415
1982-07-01,EPi,-0.06296027369342136,-0.06296027369342136,0.015343338333937103,0.2899537269619882,0.2899537269619882
1982-10-01,EPi,-0.19079401120885145,-0.19079401120885145,-0.05080599650241997,0.3103907504227971,0.3103907504227971
1983-01-01,EPi,-0.3876876490991148,-0.3876876490991148,-0.19117093652201456,-0.037523047888634066,-0.037523047888634066
1983-04-01,EPi,-0.17798763003973259,-0.17798763003973259,0.06241929528660706,0.1174957164263045,0.1174957164263045
1983-07-01,EPi,0.05121671485449625,0.05121671485449625,0.10286741705260385,0.24544934634179102,0.24544934634179102
1983-10-01,EPi,0.1160212055255249,0.1160212055255249,0.21664621271831877,0.3698675089378536,0.3698675089378536
1984-01-01,EPi,0.23744671055118083,0.23744671055118083,0.25046790949677067,0.462715200980042,0.462715200980042
1984-04-01,EPi,0.24227023784819812,0.24227023784819812,0.340627765019095,0.43675534913799546,0.43675534913799546
1984-07-01,EPi,0.002967503765324107,0.002967503765324107,0.1554444520422251,0.21578608536843635,0.21578608536843635
1984-10-01,EPi,-0.10643228421726254,-0.10643228421726254,-0.049005721018674134,0.16144108325120304,0.16144108325120304
1985-01-01,EPi,-0.32059474100426855,-0.32059474100426855,-0.24910568482642143,-0.14057700903801437,-0.14057700903801437
1985-04-01,EPi,-0.16428710385548703,-0.16428710385548703,-0.12803773253921433,0.0602711049169302,0.0602711049169302
1985-07-01,EPi,0.010004245370911224,0.010004245370911224,0.059920454155850615,0.18666827617049736,0.18666827617049736
1985-10-01,EPi,-0.022593749334784252,-0.022593749334784252,0.025770129199694857,0.05328163946822543,0.05328163946822543
1986-01-01,EPi,-0.40949766513841546,-0.40949766513841546,-0.1955940662313465,-0.01751725761323543,-0.01751725761323543
1986-04-01,EPi,-0.35445730424569777,-0.35445730424569777,-0.1809795149352068,-0.14420483248444252,-0.14420483248444252
1986-07-01,EPi,-0.46992664776725945,-0.46992664776725945,-0.34578127135041664,-0.2930030216259637,-0.2930030216259637
1986-10-01,EPi,-0.43101207880781,-0.43101207880781,-0.25131290397580125,-0.2026183518598557,-0.2026183518598557
1987-01-01,EPi,-0.23250818035841017,-0.23250818035841017,-0.15135007350580498,-0.126095730442529,-0.126095730442529
1987-04-01,EPi,-0.10873431207897431,-0.10873431207897431,-0.09094092093608562,-0.02569695561411552,-0.02569695561411552
1987-07-01,EPi,-0.025634592444392597,-0.025634592444392597,0.045050408923803256,0.2457936136283782,0.2457936136283782
1987-10-01,EPi,-0.20903612632676702,-0.20903612632676702,-0.06662620946757764,-0.011880895898404607,-0.011880895898404607
1988-01-01,EPi,-0.0826662729917065,-0.0826662729917065,0.030356362919551728,0.12074826529698282,0.12074826529698282
1988-04-01,EPi,-0.18985415477872405,-0.18985415477872405,-0.10937518588891972,0.17493008087668882,0.17493008087668882
1988-07-01,EPi,-0.10354517335143629,-0.10354517335143629,-0.022679963637695866,0.20726003284951977,0.20726003284951977
1988-10-01,EPi,-0.31036193995614075,-0.31036193995614075,-0.007234875218403377,0.19535452519789817,0.19535452519789817
1989-01-01,EPi,-0.2739482333945969,-0.2739482333945969,0.09801985407258146,0.20574980767484358,0.20574980767484358
1989-04-01,EPi,0.04156598550813381,0.04156598550813381,0.18984115657591819,0.3352703066257434,0.3352703066257434
1989-07-01,EPi,-0.04016918921403661,-0.04016918921403661,-0.006816546686411955,0.2035181847671085,0.2035181847671085
1989-10-01,EPi,-0.1311709078328328,-0.1311709078328328,-0.02717055798417233,0.08252063938009029,0.08252063938009029
1990-01-01,EPi,-0.3067125900658103,-0.3067125900658103,-0.2469606552048347,-0.04002903931955278,-0.04002903931955278
1990-04-01,EPi,-0.10011013674835101,-0.10011013674835101,0.09704906872685347,0.1862051990313575,0.1862051990313575
1990-07-01,EPi,0.17237077835560882,0.17237077835560882,0.20691727020471293,0.27531375529103724,0.27531375529103724
1990-10-01,EPi,0.008791018865982284,0.008791018865982284,0.17478764347394732,0.35010629946176136,0.35010629946176136
1991-01-01,EPi,0.11086504431591651,0.11086504431591651,0.1951267966044306,0.41557000677686695,0.41557000677686695
1991-04-01,EPi,0.03676175700204798,0.03676175700204798,0.26220882067012796,0.3058373043168422,0.3058373043168422
1991-07-01,EPi,0.05094501247298447,0.05094501247298447,0.07790324888545933,0.1272989693218804,0.1272989693218804
1991-10-01,EPi,-0.08955727297940501,-0.08955727297940501,0.12666035568916847,0.22562041529448953,0.22562041529448953
1992-01-01,EPi,-0.19064740849298215,-0.19064740849298215,-0.13525490171689306,0.07484072227664751,0.07484072227664751
1992-04-01,EPi,-0.12172264390856234,-0.12172264390856234,0.03179150084283369,0.25570232684708255,0.25570232684708255
1992-07-01,EPi,-0.15865945008092752,-0.15865945008092752,-0.03667634528382965,0.10375375214191486,0.10375375214191486
1992-10-01,EPi,-0.1970056074659937,-0.1970056074659937,-0.025736611689014564,-0.018665470444882714,-0.018665470444882714
1993-01-01,EPi,-0.23557052517156807,-0.23557052517156807,-0.1774247230746082,-0.08008354526418651,-0.08008354526418651
1993-04-01,EPi,-0.037507027080625054,-0.037507027080625054,0.039168935337775344,0.055077619352002116,0.055077619352002116
1993-07-01,EPi,-0.23579373196742778,-0.23579373196742778,-0.14606183780234172,0.014493942601014996,0.014493942601014996
1993-10-01,EPi,-0.15408816204658368,-0.15408816204658368,-0.11295938487681435,-0.048815490809420596,-0.048815490809420596
1994-01-01,EPi,-0.12190604290322428,-0.12190604290322428,0.005035149086300056,0.0846911253672872,0.0846911253672872
1994-04-01,EPi,-0.1731096376879815,-0.1731096376879815,0.006398902187809717,0.039979950147883796,0.039979950147883796
1994-07-01,EPi,-0.022902659506163017,-0.022902659506163017,0.11412236121563936,0.16991939487045785,0.16991939487045785
1994-10-01,EPi,-0.011513711271159452,-0.011513711271159452,0.003061309178377151,0.1820624097628895,0.1820624097628895
1995-01-01,EPi,-0.22158831204354681,-0.22158831204354681,-0.07428832402534148,0.013883750986500845,0.013883750986500845
1995-04-01,EPi,-0.05422273261935289,-0.05422273261935289,-0.012796059735628829,0.13081140239820602,0.13081140239820602
1995-07-01,EPi,-0.1127616953245532,-0.1127616953245532,-0.09221697479636463,-0.01047557050152608,-0.01047557050152608
1995-10-01,EPi,-0.15853896634502218,-0.15853896634502218,-0.13664252021203796,-0.0894503154826395,-0.0894503154826395
1996-01-01,EPi,-0.05287110649258301,-0.05287110649258301,0.03706743115790553,0.10518057002091499,0.10518057002091499
1996-04-01,EPi,-0.08447868475983467,-0.08447868475983467,0.08976667127941464,0.09924116111076867,0.09924116111076867
1996-07-01,EPi,-0.104437978825307,-0.104437978825307,0.1304163744475671,0.18578020043234464,0.18578020043234464
1996-10-01,EPi,-0.05324470324836643,-0.05324470324836643,0.08762200960635048,0.15675222952250292,0.15675222952250292
1997-01-01,EPi,-0.20637014049110677,-0.20637014049110677,0.06708013332227805,0.13975711972916424,0.13975711972916424
1997-04-01,EPi,-0.1859686407770678,-0.1859686407770678,-0.14588639824997487,0.03301765233035832,0.03301765233035832
1997-07-01,EPi,0.03365189057222727,0.03365189057222727,0.10905578196728355,0.1915314711384548,0.1915314711384548
1997-10-01,EPi,-0.38256416615385586,-0.38256416615385586,-0.21058153790007295,-0.13755735748196332,-0.13755735748196332
1998-01-01,EPi,-0.32468707228134336,-0.32468707228134336,-0.14329349125601268,-0.049767723677162784,-0.049767723677162784
1998-04-01,EPi,-0.32672392554956503,-0.32672392554956503,-0.05758153487309058,0.06494556937377437,0.06494556937377437
1998-07-01,EPi,-0.23265958333140313,-0.23265958333140313,-0.05567349814060534,-0.025674094254926578,-0.025674094254926578
1998-10-01,EPi,-0.05011237305180931,-0.05011237305180931,0.014404154696605883,0.18481478379708785,0.18481478379708785
1999-01-01,EPi,-0.1819294351737657,-0.1819294351737657,-0.13943815291791462,-0.01779263215625394,-0.01779263215625394
1999-04-01,EPi,-0.004663191693476225,-0.004663191693476225,0.09113348464311724,0.12540595757060305,0.12540595757060305
1999-07-01,EPi,0.006957051878401333,0.006957051878401333,0.09587579313756003,0.1362152140025704,0.1362152140025704
1999-10-01,EPi,-0.03916262471436723,-0.03916262471436723,0.04039091538125477,0.0595675295495336,0.0595675295495336
2000-01-01,EPi,-0.02654589291900877,-0.02654589291900877,0.04528971619984185,0.07491463196748298,0.07491463196748298
2000-04-01,EPi,0.04041866372536791,0.04041866372536791,0.11781089016582234,0.16395969503383,0.16395969503383
2000-07-01,EPi,0.02970343086994899,0.02970343086994899,0.10081815237530195,0.28845829685418395,0.28845829685418395
2000-10-01,EPi,-0.08361493967839186,-0.08361493967839186,0.09417456980285951,0.15932981635514432,0.15932981635514432
2001-01-01,EPi,-0.07376282858865384,-0.07376282858865384,0.0377748512659282,0.08572562228890004,0.08572562228890004
2001-04-01,EPi,-0.11002630569259095,-0.11002630569259095,0.09818234967981743,0.12215709997539052,0.12215709997539052
2001-07-01,EPi,-0.05358123322250278,-0.05358123322250278,0.06717669110035936,0.23623424670726503,0.23623424670726503
2001-10-01,EPi,-0.16015680081848396,-0.16015680081848396,0.02401325185010767,0.24236654454807674,0.24236654454807674
2002-01-01,EPi,-0.21506730927871445,-0.21506730927871445,-0.005874184907512646,0.04059616887034722,0.04059616887034722
2002-04-01,EPi,-0.20186923668729992,-0.20186923668729992,-0.0629570572832778,0.16683291442063936,0.16683291442063936
2002-07-01,EPi,-0.17673668422813243,-0.17673668422813243,-0.014786108628516379,0.020044194616290926,0.020044194616290926
2002-10-01,EPi,-0.19081198869428992,-0.19081198869428992,-0.07212791564531298,-0.045033581717827585,-0.045033581717827585
2003-01-01,EPi,-0.0960862448030725,-0.0960862448030725,-0.0756909842908768,0.02496489174768353,0.02496489174768353
2003-04-01,EPi,-0.10192441096191213,-0.10192441096191213,0.004140425763042608,0.04730569590401948,0.04730569590401948
2003-07-01,EPi,-0.1437241590184863,-0.1437241590184863,-0.08740864404914357,0.06814378684246866,0.06814378684246866
2003-10-01,EPi,-0.1622197856854486,-0.1622197856854486,0.03088681947742629,0.1009207647821638,0.1009207647821638
2004-01-01,EPi,-0.14207216165812606,-0.14207216165812606,-0.018264485995737826,0.12165016782042709,0.12165016782042709
2004-04-01,EPi,-0.07064288336405279,-0.07064288336405279,-0.004971998939767313,0.0627510912178731,0.0627510912178731
2004-07-01,EPi,-0.05264703131799184,-0.05264703131799184,0.012738446377991522,0.14160735484358802,0.14160735484358802
2004-10-01,EPi,-0.0887841520364469,-0.0887841520364469,-0.08098856518863118,0.126864392750196,0.126864392750196
2005-01-01,EPi,-0.28420410614765856,-0.28420410614765856,-0.0818839292674037,0.14077172751228026,0.14077172751228026
2005-04-01,EPi,-0.12783517353296053,-0.12783517353296053,0.003943324064440823,0.14965051860338072,0.14965051860338072
2005-07-01,EPi,-0.0962036385330584,-0.0962036385330584,-0.018257206565378915,0.04503787754255297,0.04503787754255297
2005-10-01,EPi,-0.13612529721289526,-0.13612529721289526,-0.041676302912692,0.0010432092856040766,0.0010432092856040766
2006-01-01,EPi,-0.13846057728218095,-0.13846057728218095,-0.03749121683563179,0.043344257462514274,0.043344257462514274
2006-04-01,EPi,-0.17339036216384918,-0.17339036216384918,-0.014003498360217153,0.13723331572401967,0.13723331572401967
2006-07-01,EPi,-0.0746790255591977,-0.0746790255591977,0.05946495861960703,0.18779021960213307,0.18779021960213307
2006-10-01,EPi,-0.09183595597901428,-0.09183595597901428,-0.05164428058088386,0.06301553607954156,0.06301553607954156
2007-01-01,EPi,-0.21075682487244907,-0.21075682487244907,-0.06794710309628292,0.07970751467644892,0.07970751467644892
2007-04-01,EPi,-0.29950424924158303,-0.29950424924158303,-0.09805762348510255,0.04761512267762208,0.04761512267762208
2007-07-01,EPi,-0.17546976551891807,-0.17546976551891807,-0.04838621115581388,0.06071384171142651,0.06071384171142651
2007-10-01,EPi,-0.1919921410990331,-0.1919921410990331,-0.16829204112877497,0.12115759629733198,0.12115759629733198
2008-01-01,EPi,-0.13742440488307003,-0.13742440488307003,-0.014025591108687417,0.17456313600774154,0.17456313600774154
2008-04-01,EPi,-0.1196267363916465,-0.1196267363916465,0.014599440028504312,0.1155488879186099,0.1155488879186099
2008-07-01,EPi,-0.11970158211119608,-0.11970158211119608,0.04696419573385588,0.09068086069329609,0.09068086069329609
2008-10-01,EPi,-0.10266004884947592,-0.10266004884947592,-0.026857877348294857,0.043751964786523066,0.043751964786523066
2009-01-01,EPi,-0.244483539939205,-0.244483539939205,-0.19755582353323867,-0.04066387901817063,-0.04066387901817063
2009-04-01,EPi,-0.28345861283383655,-0.28345861283383655,-0.16908252359274484,-0.055494594768362215,-0.055494594768362215
2009-07-01,EPi,-0.25340401910067795,-0.25340401910067795,-0.20604602268885278,0.0019644348695547105,0.0019644348695547105
2009-10-01,EPi,-0.2902935864727362,-0.2902935864727362,-0.16454278980500145,-0.054730155888660446,-0.054730155888660446
2010-01-01,EPi,-0.364048209296573,-0.364048209296573,-0.16194648434156167,-0.05713933933432363,-0.05713933933432363
2010-04-01,EPi,-0.1208520783790007,-0.1208520783790007,-0.0870640667782218,0.07313516341700277,0.07313516341700277
2010-07-01,EPi,-0.11535910359880104,-0.11535910359880104,-0.0748507702533482,-0.036747084498554745,-0.036747084498554745
2010-10-01,EPi,-0.2641795712698751,-0.2641795712698751,-0.11302485845753121,-0.07307388539698767,-0.07307388539698767
2011-01-01,EPi,-0.23014222696651757,-0.23014222696651757,-0.05383828494170753,-0.010401412920123806,-0.010401412920123806
2011-04-01,EPi,-0.07940426691449859,-0.07940426691449859,-0.021595494900465396,0.16384912369073212,0.16384912369073212
2011-07-01,EPi,-0.1981107048850245,-0.1981107048850245,-0.09641213046715552,0.021995180472730497,0.021995180472730497
2011-10-01,EPi,-0.3246582539626715,-0.3246582539626715,-0.16359759786002973,-0.05280019913611855,-0.05280019913611855
2012-01-01,EPi,-0.2769922186173737,-0.2769922186173737,-0.12055130490474096,0.022176854868279212,0.022176854868279212
2012-04-01,EPi,-0.2561313039871703,-0.2561313039871703,-0.12431983999755669,-0.05323050554571748,-0.05323050554571748
2012-07-01,EPi,-0.2168915741111243,-0.2168915741111243,-0.20110150120481443,-0.08919637629686057,-0.08919637629686057
2012-10-01,EPi,-0.24119432572979832,-0.24119432572979832,-0.21650804936600887,-0.023516374438344086,-0.023516374438344086
2013-01-01,EPi,-0.3348767044090797,-0.3348767044090797,-0.304902184968799,-0.13368506028572436,-0.13368506028572436
2013-04-01,EPi,-0.3169216987767406,-0.3169216987767406,-0.24831945318207269,-0.1351691013812447,-0.1351691013812447
2013-07-01,EPi,-0.23425382177303786,-0.23425382177303786,-0.18141157388749551,-0.08333842304531204,-0.08333842304531204
2013-10-01,EPi,-0.22920134275298262,-0.22920134275298262,-0.13303825337833702,-0.04427329057892824,-0.04427329057892824
2014-01-01,EPi,-0.291455487871806,-0.291455487871806,-0.20230575411516216,-0.05304567619724498,-0.05304567619724498
2014-04-01,EPi,-0.366592386784162,-0.366592386784162,-0.19834310951804157,-0.08110776954392324,-0.08110776954392324
2014-07-01,EPi,-0.2815464577337601,-0.2815464577337601,-0.26541873364604784,-0.11402311288975198,-0.11402311288975198
2014-10-01,EPi,-0.2980078820628217,-0.2980078820628217,-0.2499926618699367,-0.1931435423219976,-0.1931435423219976
2015-01-01,EPi,-0.30237544312554004,-0.30237544312554004,-0.28781024588976656,-0.05342165732085677,-0.05342165732085677
2015-04-01,EPi,-0.4143098612728168,-0.4143098612728168,-0.25051341436098945,-0.1350290196709604,-0.1350290196709604
2015-07-01,EPi,-0.3611764425994058,-0.3611764425994058,-0.20156499842149306,-0.09402282290610976,-0.09402282290610976
2015-10-01,EPi,-0.4755104688751153,-0.4755104688751153,-0.29853291255503556,-0.20651332248617993,-0.20651332248617993
2016-01-01,EPi,-0.38060412852742437,-0.38060412852742437,-0.2075447663107504,-0.07596583702621357,-0.07596583702621357
2016-04-01,EPi,-0.3161361977831306,-0.3161361977831306,-0.20918415359009304,-0.13894608821866933,-0.13894608821866933
2016-07-01,EPi,-0.31184819397045993,-0.31184819397045993,-0.22091917861873875,-0.1135724012259743,-0.1135724012259743
2016-10-01,EPi,-0.2662516534239178,-0.2662516534239178,-0.2150567237505992,-0.1757532908931706,-0.1757532908931706
2017-01-01,EPi,-0.31856246195925925,-0.31856246195925925,-0.02283298900017411,0.001525236266057379,0.001525236266057379
2017-04-01,EPi,-0.24750554743298758,-0.24750554743298758,-0.13387422525805284,0.05383748450035454,0.05383748450035454
2017-07-01,EPi,-0.2709326013954553,-0.2709326013954553,-0.09164448131847949,0.004806468045550434,0.004806468045550434
2017-10-01,EPi,-0.19399915984733362,-0.19399915984733362,-0.030214546991689514,-0.008976565605177235,-0.008976565605177235
2018-01-01,EPi,-0.16789984507399117,-0.16789984507399117,-0.05531365800800879,0.15185800435936853,0.15185800435936853
2018-04-01,EPi,-0.2070377370194654,-0.2070377370194654,-0.14334256086650235,0.05672481384283888,0.05672481384283888
2018-07-01,EPi,-0.22027594664112624,-0.22027594664112624,-0.14485239808379427,0.12304100467506296,0.12304100467506296
2018-10-01,EPi,-0.41719296140258605,-0.41719296140258605,-0.2011620000204373,-0.048840736896942384,-0.048840736896942384
2019-01-01,EPi,-0.28896964973098893,-0.28896964973098893,-0.15080727018931564,-0.06030191924612578,-0.06030191924612578
2019-04-01,EPi,-0.27395460807541844,-0.27395460807541844,-0.1606312643889941,0.09562230243671303,0.09562230243671303
2019-07-01,EPi,-0.2509351304401466,-0.2509351304401466,-0.13924114991563621,-0.042638881637438494,-0.042638881637438494
2019-10-01,EPi,-0.23860672942145772,-0.23860672942145772,-0.1250478873744171,-0.037765847454965494,-0.037765847454965494
2020-01-01,EPi,-0.2803305792279849,-0.2803305792279849,-0.16851517212808392,-0.14049869135086454,-0.14049869135086454
2020-04-01,EPi,-0.3997116661800781,-0.3997116661800781,-0.2559584900340529,-0.09027736216957767,-0.09027736216957767
2020-07-01,EPi,-0.4819881090049427,-0.4819881090049427,-0.3364460840667974,-0.17613796534772105,-0.17613796534772105
2020-10-01,EPi,-0.47064050326038553,-0.47064050326038553,-0.3015985884334052,-0.15631151764666398,-0.15631151764666398
2021-01-01,EPi,-0.2411805629897696,-0.2411805629897696,-0.21661107544449731,-0.029145120834912528,-0.029145120834912528
2021-04-01,EPi,-0.3838803122154456,-0.3838803122154456,-0.07670277054055914,0.06055936482519771,0.06055936482519771
2021-07-01,EPi,-0.16076507327980805,-0.16076507327980805,-0.03058153796675411,0.15054542332422233,0.15054542332422233
2021-10-01,EPi,-0.025746399158623826,-0.025746399158623826,0.1264725923141516,0.15990760897244588,0.15990760897244588
2022-01-01,EPi,-0.1098863041813272,-0.1098863041813272,-0.0022412068082329983,0.1411029451185859,0.1411029451185859
2022-04-01,EPi,0.03847012081615068,0.03847012081615068,0.23164055987407342,0.3446015603777352,0.3446015603777352
2022-07-01,EPi,0.1815528827575352,0.1815528827575352,0.29741972821132034,0.47208919412544137,0.47208919412544137
2022-10-01,EPi,0.42727315754482964,0.42727315754482964,0.47089289799816453,0.5810941310006469,0.5810941310006469
2023-01-01,EPi,-0.02638926367478604,-0.02638926367478604,0.1248811176101975,0.1846132327478094,0.1846132327478094
2023-04-01,EPi,0.05383548759680083,0.05383548759680083,0.20807397844864536,0.3021675464017018,0.3021675464017018
2023-07-01,EPi,-0.02189503166427481,-0.02189503166427481,0.089677648955799,0.2086983201645254,0.2086983201645254
2023-10-01,EPi,0.08810460885051223,0.08810460885051223,0.13664576218868232,0.19877738083111432,0.19877738083111432
2024-01-01,EPi,-0.1375553929656153,-0.1375553929656153,0.0286402516960834,0.11933860347736125,0.11933860347736125
2024-04-01,EPi,-0.11023027574475482,-0.11023027574475482,0.032752347061675215,0.11681268082141655,0.11681268082141655
2024-07-01,EPi,-0.0874023888180055,-0.0874023888180055,0.0018543301076649635,0.05468726575541056,0.05468726575541056
2024-10-01,EPi,-0.11078346854472329,-0.11078346854472329,0.0917565067580209,0.14265571049909012,0.14265571049909012
2025-01-01,EPi,-0.008307433019250524,-0.008307433019250524,0.11033803428167566,0.20182578244603838,0.20182578244603838
2025-04-01,EPi,-0.0025357136717520656,-0.0025357136717520656,0.1585193528551905,0.24117687356659784,0.24117687356659784
1960-01-01,BILL,-0.27327781488790986,-0.27327781488790986,0.6728409453393612,1.8054323672027899,1.8054323672027899
1960-04-01,BILL,-0.9899716018759696,-0.9899716018759696,-0.15822140320773326,0.994397449816627,0.994397449816627
1960-07-01,BILL,-1.6572241149105347,-1.6572241149105347,-0.7271182906224779,0.3228127042350224,0.3228127042350224
1960-10-01,BILL,-1.8084273103203887,-1.8084273103203887,-0.8324086876118466,0.16724269444136677,0.16724269444136677
1961-01-01,BILL,-1.7022220945654505,-1.7022220945654505,-0.8290162486577212,0.11396622571510946,0.11396622571510946
1961-04-01,BILL,-1.9506401266963604,-1.9506401266963604,-0.7777574125500797,-0.046560728566375,-0.046560728566375
1961-07-01,BILL,-1.915842201530538,-1.915842201530538,-0.6107058868575364,-0.17988591599192125,-0.17988591599192125
1961-10-01,BILL,-1.7625548779154794,-1.7625548779154794,-0.6546385045926573,0.024147073852711854,0.024147073852711854
1962-01-01,BILL,-1.4422299995755392,-1.4422299995755392,-0.5775066987107675,0.04609135264878794,0.04609135264878794
1962-04-01,BILL,-1.3344365273921384,-1.3344365273921384,-0.5949712592396312,-0.05047881835394224,-0.05047881835394224
1962-07-01,BILL,-1.1624555315246843,-1.1624555315246843,-0.5248290309881689,-0.1295449073938224,-0.1295449073938224
1962-10-01,BILL,-1.2576537286770688,-1.2576537286770688,-0.6414065557349284,-0.12044743823099029,-0.12044743823099029
1963-01-01,BILL,-1.0478317800527182,-1.0478317800527182,-0.5459517455152961,0.14361004132420593,0.14361004132420593
1963-04-01,BILL,-0.9998532254495321,-0.9998532254495321,-0.580716604761543,0.13932840836663957,0.13932840836663957
1963-07-01,BILL,-0.7165001785765057,-0.7165001785765057,-0.2963005682940427,0.3796446430722054,0.3796446430722054
1963-10-01,BILL,-0.7169471148057105,-0.7169471148057105,-0.11689512677853604,0.43708592676773417,0.43708592676773417
1964-01-01,BILL,-0.6713800096910564,-0.6713800096910564,-0.2701607877289394,0.5224888439161453,0.5224888439161453
1964-04-01,BILL,-0.8978803403719308,-0.8978803403719308,-0.3537163830910935,0.2977922056754493,0.2977922056754493
1964-07-01,BILL,-0.9225953606183382,-0.9225953606183382,-0.19397727996034655,0.5183411134972565,0.5183411134972565
1964-10-01,BILL,-0.9368853772296535,-0.9368853772296535,-0.13163059930459925,0.7474914030496439,0.7474914030496439
1965-01-01,BILL,-0.8632307904690364,-0.8632307904690364,0.310423091394629,1.0732174367757101,1.0732174367757101
1965-04-01,BILL,-0.926841160118383,-0.926841160118383,0.2126591442152021,1.0284294046779139,1.0284294046779139
1965-07-01,BILL,-1.063768308110182,-1.063768308110182,0.18376115351920191,0.9492953535527848,0.9492953535527848
1965-10-01,BILL,-0.6813513162095243,-0.6813513162095243,0.3569989826698047,1.2529647092281961,1.2529647092281961
1966-01-01,BILL,-0.7033810740444901,-0.7033810740444901,0.5607606148485469,1.560546067343029,1.560546067343029
1966-04-01,BILL,-0.5793131493476782,-0.5793131493476782,0.5717004072361698,1.3368873259177092,1.3368873259177092
1966-07-01,BILL,-0.33512823210767884,-0.33512823210767884,0.6761394676880352,1.859145218777938,1.859145218777938
1966-10-01,BILL,-0.30899170701249434,-0.30899170701249434,0.8323139651401926,1.8033692951733493,1.8033692951733493
1967-01-01,BILL,-1.1096221674374718,-1.1096221674374718,0.1365794190544865,1.1750898400829555,1.1750898400829555
1967-04-01,BILL,-2.0431882037442723,-2.0431882037442723,-0.48269253843432175,0.33257626627011144,0.33257626627011144
1967-07-01,BILL,-1.2688291313162945,-1.2688291313162945,0.18289168685888557,0.7128022520004635,0.7128022520004635
1967-10-01,BILL,-0.9841669494207684,-0.9841669494207684,0.5781929404047566,0.9481936045651694,0.9481936045651694
1968-01-01,BILL,-0.6311678517729601,-0.6311678517729601,0.7762416740942435,1.1949669780610548,1.1949669780610548
1968-04-01,BILL,-0.3161638948384419,-0.3161638948384419,1.2784007563296362,1.546226854503794,1.546226854503794
1968-07-01,BILL,-0.8471585260832201,-0.8471585260832201,0.8163500583399301,1.1321764733921085,1.1321764733921085
1968-10-01,BILL,-0.3933072970374893,-0.3933072970374893,1.1371215032767594,1.6950722371336573,1.6950722371336573
1969-01-01,BILL,0.09296781367980804,0.09296781367980804,1.709561820450907,2.082788143042998,2.082788143042998
1969-04-01,BILL,0.36197368898160637,0.36197368898160637,1.7837873674299831,2.0658584672722777,2.0658584672722777
1969-07-01,BILL,1.2015093580818295,1.2015093580818295,2.638495042021532,2.716287358232664,2.716287358232664
1969-10-01,BILL,1.7252426826387823,1.7252426826387823,2.869849871461341,3.1656422694094815,3.1656422694094815
1970-01-01,BILL,1.7382780546980299,1.7382780546980299,2.7343782219046946,2.88841906214324,2.88841906214324
1970-04-01,BILL,1.0547131526307265,1.0547131526307265,2.2697388885508563,2.5117029819893455,2.5117029819893455
1970-07-01,BILL,0.765959259697893,0.765959259697893,1.8036775664969151,2.207491060435511,2.207491060435511
1970-10-01,BILL,-0.00834312891171838,-0.00834312891171838,0.7397299395786853,1.0913902448469288,1.0913902448469288
1971-01-01,BILL,-1.5963527004728286,-1.5963527004728286,-0.772830902612293,-0.6117061611347692,-0.6117061611347692
1971-04-01,BILL,-1.37488674816865,-1.37488674816865,-0.3867527125612001,-0.18105105239798597,-0.18105105239798597
1971-07-01,BILL,-0.493753236607727,-0.493753236607727,0.34759255523065824,0.6328491465943794,0.6328491465943794
1971-10-01,BILL,-1.4495377714851467,-1.4495377714851467,-0.6604991406103566,-0.2957857045053407,-0.2957857045053407
1972-01-01,BILL,-2.185666465212473,-2.185666465212473,-1.428169500694547,-1.1525307376811162,-1.1525307376811162
1972-04-01,BILL,-2.0214923931112025,-2.0214923931112025,-1.1464188368891801,-1.0844009846859806,-1.0844009846859806
1972-07-01,BILL,-1.6715458119535682,-1.6715458119535682,-0.8409469268296448,-0.8218940751100242,-0.8218940751100242
1972-10-01,BILL,-1.1477942948837094,-1.1477942948837094,-0.3511813973778974,-0.14665462308385724,-0.14665462308385724
1973-01-01,BILL,-0.45419655183600216,-0.45419655183600216,0.4552599393517235,0.6369920491335029,0.6369920491335029
1973-04-01,BILL,0.2998834100801261,0.2998834100801261,1.3617442136222664,1.6166856967862542,1.6166856967862542
1973-07-01,BILL,1.880366621413608,1.880366621413608,2.9522214409637897,3.202125238817046,3.202125238817046
1973-10-01,BILL,1.0499061302324384,1.0499061302324384,1.9637380782067522,2.433521886994068,2.433521886994068
1974-01-01,BILL,1.223383106002252,1.223383106002252,1.8200587709561449,2.385914299275558,2.385914299275558
1974-04-01,BILL,1.3940095429190238,1.3940095429190238,1.9378356421694567,2.601795722910886,2.601795722910886
1974-07-01,BILL,1.1976800116056556,1.1976800116056556,1.8262603654877643,2.3885406727847447,2.3885406727847447
1974-10-01,BILL,0.39293138947540535,0.39293138947540535,1.0153163584554648,1.5919327233468996,1.5919327233468996
1975-01-01,BILL,-1.4661120250771664,-1.4661120250771664,-0.7122369993593217,-0.24403783395626638,-0.24403783395626638
1975-04-01,BILL,-1.861999981083338,-1.861999981083338,-1.0435963644491548,-0.7554297964740238,-0.7554297964740238
1975-07-01,BILL,-1.1812529839278685,-1.1812529839278685,-0.27933520422468416,0.17072138219725327,0.17072138219725327
1975-10-01,BILL,-1.869183075999118,-1.869183075999118,-0.931340876584311,-0.40236893451345324,-0.40236893451345324
1976-01-01,BILL,-2.3689299584308965,-2.3689299584308965,-1.6089839040443186,-1.158783965064435,-1.158783965064435
1976-04-01,BILL,-1.8392906431441312,-1.8392906431441312,-1.22182610240181,-0.713568341638194,-0.713568341638194
1976-07-01,BILL,-1.8598330665696057,-1.8598330665696057,-1.3190479968853064,-0.6320645769318605,-0.6320645769318605
1976-10-01,BILL,-2.288709667396453,-2.288709667396453,-1.8921339336771656,-1.0181044675899922,-1.0181044675899922
1977-01-01,BILL,-2.460953140621811,-2.460953140621811,-1.8671218075889167,-1.0737732199803702,-1.0737732199803702
1977-04-01,BILL,-2.258094239979926,-2.258094239979926,-1.7598116356211244,-0.8459589437346603,-0.8459589437346603
1977-07-01,BILL,-1.628152169870592,-1.628152169870592,-1.2534862842345778,-0.5776440705245597,-0.5776440705245597
1977-10-01,BILL,-1.1457007020611325,-1.1457007020611325,-0.5668989196533996,-0.05460145955487078,-0.05460145955487078
1978-01-01,BILL,-0.9961159721177115,-0.9961159721177115,-0.5241451758723139,0.2733688186219121,0.2733688186219121
1978-04-01,BILL,-1.0160790356103047,-1.0160790356103047,-0.6076085347918647,0.07335727562966379,0.07335727562966379
1978-07-01,BILL,-0.4608980141907305,-0.4608980141907305,0.07713083450601017,0.6577039683915973,0.6577039683915973
1978-10-01,BILL,0.448705490296699,0.448705490296699,1.146110604912491,1.5925378530354344,1.5925378530354344
1979-01-01,BILL,0.9500780622469686,0.9500780622469686,1.6131657193622027,2.115647335572538,2.115647335572538
1979-04-01,BILL,0.7901343602398416,0.7901343602398416,1.4065783335052364,2.021943297292814,2.021943297292814
1979-07-01,BILL,1.0312381185322719,1.0312381185322719,1.5490809342828098,2.1877238675635,2.1877238675635
1979-10-01,BILL,3.077277594297628,3.077277594297628,3.5633842449469926,3.9787268477406834,3.9787268477406834
1980-01-01,BILL,4.605595044646679,4.605595044646679,4.954309780910997,5.4139649279588875,5.4139649279588875
1980-04-01,BILL,0.7796041310505444,0.7796041310505444,1.2948260995903351,1.7743894912212945,1.7743894912212945
1980-07-01,BILL,0.14847691761686196,0.14847691761686196,0.8807925015609702,1.0979493308642192,1.0979493308642192
1980-10-01,BILL,4.413396304299907,4.413396304299907,5.188089956762857,5.443568596415499,5.443568596415499
1981-01-01,BILL,4.923589571526805,4.923589571526805,5.513325543449657,6.0796894631802685,6.0796894631802685
1981-04-01,BILL,5.535770687904169,5.535770687904169,6.0455474971319,6.54763435507145,6.54763435507145
1981-07-01,BILL,5.914872888294406,5.914872888294406,6.3725802963995415,6.668951031542011,6.668951031542011
1981-10-01,BILL,2.64784947011271,2.64784947011271,3.0255682619247493,3.472773902183013,3.472773902183013
1982-01-01,BILL,4.002835078195234,4.002835078195234,4.402642751133222,4.730269495058253,4.730269495058253
1982-04-01,BILL,3.884123261033608,3.884123261033608,4.231053800696401,4.621894126888322,4.621894126888322
1982-07-01,BILL,0.776370150860971,0.776370150860971,1.0674435022002582,1.8825502146111888,1.8825502146111888
1982-10-01,BILL,-0.6072881089385617,-0.6072881089385617,-0.18014439810726826,0.6874727627094883,0.6874727627094883
1983-01-01,BILL,-0.33824069833307574,-0.33824069833307574,0.12806883952260034,0.7888032447945741,0.7888032447945741
1983-04-01,BILL,0.03724430811332305,0.03724430811332305,0.4128874599299387,0.9660047900549293,0.9660047900549293
1983-07-01,BILL,0.9466372326560658,0.9466372326560658,1.2322855219394377,1.6112695210740238,1.6112695210740238
1983-10-01,BILL,0.7724280179861753,0.7724280179861753,0.7946639163891352,1.314349492584058,1.314349492584058
1984-01-01,BILL,1.2091183954277378,1.2091183954277378,1.3273654065331237,1.836699565725055,1.836699565725055
1984-04-01,BILL,2.0199282539280765,2.0199282539280765,2.1821310471126023,2.5029603491334917,2.5029603491334917
1984-07-01,BILL,2.849308956975641,2.849308956975641,2.884545867331762,3.227288071023091,3.227288071023091
1984-10-01,BILL,1.6466369880856628,1.6466369880856628,1.6983594179902377,1.985881287540883,1.985881287540883
1985-01-01,BILL,0.9799667090145351,0.9799667090145351,1.3053103456161892,1.588641683013534,1.588641683013534
1985-04-01,BILL,0.2829340746122266,0.2829340746122266,0.5714112129352091,0.9969261495050088,0.9969261495050088
1985-07-01,BILL,-0.21486770512695486,-0.21486770512695486,0.14168887303213853,0.6031091021346495,0.6031091021346495
1985-10-01,BILL,-0.015361982863395698,-0.015361982863395698,0.31100085129991323,0.6699287232356361,0.6699287232356361
1986-01-01,BILL,-0.29619805554855966,-0.29619805554855966,0.1775496741454969,0.8171348784329094,0.8171348784329094
1986-04-01,BILL,-0.9105566294884911,-0.9105566294884911,-0.7124419974031561,-0.04352558213333385,-0.04352558213333385
1986-07-01,BILL,-1.559662201921255,-1.559662201921255,-1.2626278409358813,-0.6126705025253542,-0.6126705025253542
1986-10-01,BILL,-1.7084190996192752,-1.7084190996192752,-1.2705245722125729,-0.6563888858953068,-0.6563888858953068
1987-01-01,BILL,-1.469785481631494,-1.469785481631494,-1.151954912332362,-0.6056480990057377,-0.6056480990057377
1987-04-01,BILL,-1.32214932222156,-1.32214932222156,-0.9401819950318463,-0.5649985996028325,-0.5649985996028325
1987-07-01,BILL,-1.1381759933612892,-1.1381759933612892,-0.5651507002322915,-0.2128889509802761,-0.2128889509802761
1987-10-01,BILL,-1.1874205702958194,-1.1874205702958194,-0.6380179691351614,-0.1496223045605006,-0.1496223045605006
1988-01-01,BILL,-1.311848688675222,-1.311848688675222,-0.6826106157446159,-0.35293668499323216,-0.35293668499323216
1988-04-01,BILL,-0.7524146472436525,-0.7524146472436525,-0.06410365664175621,0.23356187125656894,0.23356187125656894
1988-07-01,BILL,0.1821191965667417,0.1821191965667417,0.9721567580053537,1.3968871935859037,1.3968871935859037
1988-10-01,BILL,0.8273030758143949,0.8273030758143949,1.9451166616662583,2.3343649133271285,2.3343649133271285
1989-01-01,BILL,1.5794381193630018,1.5794381193630018,2.6197943754315114,3.372356028926204,3.372356028926204
1989-04-01,BILL,1.7563467582155536,1.7563467582155536,2.5896327315110663,3.3115244721407904,3.3115244721407904
1989-07-01,BILL,1.3897654191292412,1.3897654191292412,1.9024927754609273,2.813031831038195,2.813031831038195
1989-10-01,BILL,1.2616242755920533,1.2616242755920533,1.9336592966106954,2.6039593017132177,2.6039593017132177
1990-01-01,BILL,1.6169688742742647,1.6169688742742647,2.0680641910932023,2.773766311148347,2.773766311148347
1990-04-01,BILL,1.7716381112619344,1.7716381112619344,2.189487202635933,2.7980225421857132,2.7980225421857132
1990-07-01,BILL,1.5407845780951162,1.5407845780951162,2.025642345790311,2.4713702763979986,2.4713702763979986
1990-10-01,BILL,1.0718201156141174,1.0718201156141174,1.6209362145815287,2.139878630848776,2.139878630848776
1991-01-01,BILL,0.09081777984163279,0.09081777984163279,0.7486228043641265,1.1724641009282741,1.1724641009282741
1991-04-01,BILL,-0.3521279606748295,-0.3521279606748295,0.2960534335272607,0.5330254398555357,0.5330254398555357
1991-07-01,BILL,-0.28841155684952613,-0.28841155684952613,0.12892650704379463,0.41795651190054434,0.41795651190054434
1991-10-01,BILL,-1.1080036327403775,-1.1080036327403775,-0.6196122290912383,-0.27628856953295566,-0.27628856953295566
1992-01-01,BILL,-1.5943819365357907,-1.5943819365357907,-1.2812459157149565,-0.6979049738586312,-0.6979049738586312
1992-04-01,BILL,-1.8217160425895205,-1.8217160425895205,-1.4353712536857068,-1.1092712029675342,-1.1092712029675342
1992-07-01,BILL,-2.191152746787372,-2.191152746787372,-1.9595664182970534,-1.761612376133403,-1.761612376133403
1992-10-01,BILL,-2.048077948545693,-2.048077948545693,-1.919632635582338,-1.7512724880415558,-1.7512724880415558
1993-01-01,BILL,-2.1310927061770175,-2.1310927061770175,-2.058218651373519,-1.7877357893381298,-1.7877357893381298
1993-04-01,BILL,-2.1670622580846093,-2.1670622580846093,-1.9848082755958794,-1.885721706219459,-1.885721706219459
1993-07-01,BILL,-1.9650348639908761,-1.9650348639908761,-1.8037590718165428,-1.7760081302894166,-1.7760081302894166
1993-10-01,BILL,-1.9334678382170676,-1.9334678382170676,-1.8091178253631326,-1.6529719296997265,-1.6529719296997265
1994-01-01,BILL,-1.9041133894623408,-1.9041133894623408,-1.5178126798648122,-1.3539947132735843,-1.3539947132735843
1994-04-01,BILL,-1.1162060429510725,-1.1162060429510725,-0.8578846821110668,-0.7422511747158902,-0.7422511747158902
1994-07-01,BILL,-0.6726540386958253,-0.6726540386958253,-0.2699062382285138,-0.19432116271709932,-0.19432116271709932
1994-10-01,BILL,0.2223437438754896,0.2223437438754896,0.38030618974901365,0.6253575802111278,0.6253575802111278
1995-01-01,BILL,0.657545955320947,0.657545955320947,0.9165649733049201,1.0920314900411812,1.0920314900411812
1995-04-01,BILL,0.5524702895559899,0.5524702895559899,0.8509619679900843,0.9894227476449351,0.9894227476449351
1995-07-01,BILL,0.49321544668419004,0.49321544668419004,0.6564514261698091,0.6747431989716739,0.6747431989716739
1995-10-01,BILL,0.5631138724271711,0.5631138724271711,0.659084329522952,0.7833526334124269,0.7833526334124269
1996-01-01,BILL,0.3776280496133191,0.3776280496133191,0.40963066056786535,0.5494092403445261,0.5494092403445261
1996-04-01,BILL,0.45197252203653177,0.45197252203653177,0.5435438897101021,0.6353096313215657,0.6353096313215657
1996-07-01,BILL,0.45595387738473875,0.45595387738473875,0.7559194345179092,0.8137655041604063,0.8137655041604063
1996-10-01,BILL,0.30023204793347197,0.30023204793347197,0.49521135405198125,0.6778814056723915,0.6778814056723915
1997-01-01,BILL,0.20903079021822263,0.20903079021822263,0.5423596033496165,0.7083757879003695,0.7083757879003695
1997-04-01,BILL,0.34308232413739914,0.34308232413739914,0.5538143596856915,0.7535800203229154,0.7535800203229154
1997-07-01,BILL,0.41609691059357296,0.41609691059357296,0.530983151681739,0.6419677706532627,0.6419677706532627
1997-10-01,BILL,0.29191793729016247,0.29191793729016247,0.7269614076132078,0.7853832883971379,0.7853832883971379
1998-01-01,BILL,0.37106598706190236,0.37106598706190236,0.6928613401648449,0.9131796438768983,0.9131796438768983
1998-04-01,BILL,0.3693849491398093,0.3693849491398093,0.826030067543867,1.1677906481082967,1.1677906481082967
1998-07-01,BILL,0.22383749558302427,0.22383749558302427,0.6864256513690838,0.9430738288997518,0.9430738288997518
1998-10-01,BILL,-0.1365124891140795,-0.1365124891140795,0.337009848403072,0.42838592849606394,0.42838592849606394
1999-01-01,BILL,0.22666139519807055,0.22666139519807055,0.3866903582486116,0.6708712230346712,0.6708712230346712
1999-04-01,BILL,0.25101366066455627,0.25101366066455627,0.4978246702673894,0.6103075261531196,0.6103075261531196
1999-07-01,BILL,0.4282573025366891,0.4282573025366891,0.8032643266108433,0.8384791434851411,0.8384791434851411
1999-10-01,BILL,0.6921963088294368,0.6921963088294368,0.9393677567266163,1.1838162938137204,1.1838162938137204
2000-01-01,BILL,1.3247853498944038,1.3247853498944038,1.397233497312799,1.6094091743001862,1.6094091743001862
2000-04-01,BILL,1.6404098248296373,1.6404098248296373,1.7525868328099499,1.9916898318828007,1.9916898318828007
2000-07-01,BILL,1.897505931819939,1.897505931819939,2.217090968388105,2.516277124947186,2.516277124947186
2000-10-01,BILL,1.8044660704175322,1.8044660704175322,2.1717093199673427,2.479593290414326,2.479593290414326
2001-01-01,BILL,0.7916993194647614,0.7916993194647614,0.9035630332142075,1.1283443851918118,1.1283443851918118
2001-04-01,BILL,-0.497496307716399,-0.497496307716399,-0.22011090813302966,0.07443538442374438,0.07443538442374438
2001-07-01,BILL,-1.0182306319792636,-1.0182306319792636,-0.6986989080765853,-0.1935343258450106,-0.1935343258450106
2001-10-01,BILL,-2.382274548032533,-2.382274548032533,-2.1185823370481565,-1.5421993150043167,-1.5421993150043167
2002-01-01,BILL,-2.5602515830446024,-2.5602515830446024,-2.2572552728915514,-2.0015662853191687,-2.0015662853191687
2002-04-01,BILL,-2.463386446510509,-2.463386446510509,-2.22990139308285,-1.8960271912457798,-1.8960271912457798
2002-07-01,BILL,-2.484520247391906,-2.484520247391906,-2.2612689341739203,-1.9899747771655192,-1.9899747771655192
2002-10-01,BILL,-2.8093320417807948,-2.8093320417807948,-2.6366043911173485,-2.3109726489402234,-2.3109726489402234
2003-01-01,BILL,-2.9456872397557174,-2.9456872397557174,-2.790401428342981,-2.592229671944296,-2.592229671944296
2003-04-01,BILL,-3.0646225878715825,-3.0646225878715825,-2.7705386858986456,-2.6686096687111465,-2.6686096687111465
2003-07-01,BILL,-3.266117661008096,-3.266117661008096,-2.9824066510478184,-2.8094944697949873,-2.8094944697949873
2003-10-01,BILL,-3.2415722460825362,-3.2415722460825362,-2.9102477927592507,-2.6730636385132422,-2.6730636385132422
2004-01-01,BILL,-3.22500559849885,-3.22500559849885,-2.982984367421996,-2.763720331869959,-2.763720331869959
2004-04-01,BILL,-3.082840189153275,-3.082840189153275,-2.77619803394001,-2.6043866595228637,-2.6043866595228637
2004-07-01,BILL,-2.572051989962222,-2.572051989962222,-2.1732510815300654,-2.129584714577782,-2.129584714577782
2004-10-01,BILL,-2.113470751758159,-2.113470751758159,-1.8776879935525224,-1.6350908886763973,-1.6350908886763973
2005-01-01,BILL,-1.6072128812182267,-1.6072128812182267,-1.4818147935766446,-1.020797320451094,-1.020797320451094
2005-04-01,BILL,-1.1901958911417028,-1.1901958911417028,-1.0112064566711483,-0.7175916475349331,-0.7175916475349331
2005-07-01,BILL,-0.6364072111498135,-0.6364072111498135,-0.46914530187609255,-0.3318064726709037,-0.3318064726709037
2005-10-01,BILL,-0.2388478460446937,-0.2388478460446937,-0.08902671853159792,0.11474201108787686,0.11474201108787686
2006-01-01,BILL,0.1877387720178988,0.1877387720178988,0.5607991310768076,0.6595843735727522,0.6595843735727522
2006-04-01,BILL,0.48334393953846294,0.48334393953846294,0.935265798625371,1.0248583730004288,1.0248583730004288
2006-07-01,BILL,0.7831694335329898,0.7831694335329898,1.0763486114454248,1.3432539310000822,1.3432539310000822
2006-10-01,BILL,0.8141948575467058,0.8141948575467058,1.1299612371765673,1.236392135664337,1.236392135664337
2007-01-01,BILL,0.9482986815049028,0.9482986815049028,1.1176504173589759,1.3272256676887881,1.3272256676887881
2007-04-01,BILL,0.6370700287364055,0.6370700287364055,0.9386847514523069,1.1271446138132497,1.1271446138132497
2007-07-01,BILL,0.005308621325323764,0.005308621325323764,0.41699563518484606,0.5704781546786004,0.5704781546786004
2007-10-01,BILL,-0.8246700626169636,-0.8246700626169636,-0.5385958099704818,-0.19019516222913244,-0.19019516222913244
2008-01-01,BILL,-1.9399591899794402,-1.9399591899794402,-1.9061050195024887,-1.4837405701797377,-1.4837405701797377
2008-04-01,BILL,-2.521113006560201,-2.521113006560201,-2.204385666247406,-1.9201021926935402,-1.9201021926935402
2008-07-01,BILL,-2.5002434507946254,-2.5002434507946254,-2.254808333387727,-1.9629662914459405,-1.9629662914459405
2008-10-01,BILL,-3.807960897653276,-3.807960897653276,-3.326360629949812,-3.246380870474163,-3.246380870474163
2009-01-01,BILL,-3.9783651909435647,-3.9783651909435647,-3.0569331795658963,-2.176876186443022,-2.176876186443022
2009-04-01,BILL,-2.363115876950013,-2.363115876950013,-2.334037159095808,-1.6105145247890174,-1.6105145247890174
2009-07-01,BILL,-2.695400456128827,-2.695400456128827,-2.343225501321613,-0.9443545242999716,-0.9443545242999716
2009-10-01,BILL,-2.5206912910351074,-2.5206912910351074,-1.1170240307189818,-0.566695793648071,-0.566695793648071
2010-01-01,BILL,-2.260544828015967,-2.260544828015967,-1.3919840755484794,-0.6302037636717611,-0.6302037636717611
2010-04-01,BILL,-2.3111428064914694,-2.3111428064914694,-0.8602718502398686,0.26298801887371226,0.26298801887371226
2010-07-01,BILL,-1.5317419349363173,-1.5317419349363173,-1.167806544482607,-0.6605488398398031,-0.6605488398398031
2010-10-01,BILL,-2.2809359839283108,-2.2809359839283108,-1.269016956055063,0.3987247181528702,0.3987247181528702
2011-01-01,BILL,-1.9394327282695074,-1.9394327282695074,-0.8577808785464878,-0.15350289485870988,-0.15350289485870988
2011-04-01,BILL,-2.1453463617633663,-2.1453463617633663,-0.7546194086297843,-0.4145929276008885,-0.4145929276008885
2011-07-01,BILL,-2.549482323726386,-2.549482323726386,-2.0177461672415635,-1.0103377229583705,-1.0103377229583705
2011-10-01,BILL,-3.454933541640982,-3.454933541640982,-2.6348428409307743,-1.8181533181031888,-1.8181533181031888
2012-01-01,BILL,-3.190595186878732,-3.190595186878732,-2.5387160820107226,-1.1326753551028168,-1.1326753551028168
2012-04-01,BILL,-3.4672576869264686,-3.4672576869264686,-3.416759852384404,-2.2436860630832154,-2.2436860630832154
2012-07-01,BILL,-3.871532694864013,-3.871532694864013,-2.8637936856016286,-2.689827177287384,-2.689827177287384
2012-10-01,BILL,-4.195039817904068,-4.195039817904068,-2.9085445133545016,-2.096775980583224,-2.096775980583224
2013-01-01,BILL,-2.841828009465778,-2.841828009465778,-2.7974030379203643,-1.0083574043978418,-1.0083574043978418
2013-04-01,BILL,-3.568444373253153,-3.568444373253153,-2.142284831583632,-1.3148734402709836,-1.3148734402709836
2013-07-01,BILL,-2.935315383085529,-2.935315383085529,-1.84445244613004,-0.7193238859497775,-0.7193238859497775
2013-10-01,BILL,-2.937126391893487,-2.937126391893487,-2.0377321801982067,-0.4806558688708623,-0.4806558688708623
2014-01-01,BILL,-4.074876892372427,-4.074876892372427,-1.7721600009901601,-0.4994138098238931,-0.4994138098238931
2014-04-01,BILL,-4.738117158035642,-4.738117158035642,-1.772679774321209,-1.23484258203306,-1.23484258203306
2014-07-01,BILL,-4.056184186054749,-4.056184186054749,-2.4341127095484625,-1.4302388683732756,-1.4302388683732756
2014-10-01,BILL,-3.4156751705729405,-3.4156751705729405,-3.222575494909962,-2.5357953911901676,-2.5357953911901676
2015-01-01,BILL,-3.7638960047928505,-3.7638960047928505,-3.337545058198492,-2.2474184687843963,-2.2474184687843963
2015-04-01,BILL,-4.198861000089372,-4.198861000089372,-3.1297046823542916,-2.4679975271901866,-2.4679975271901866
2015-07-01,BILL,-4.773987146903117,-4.773987146903117,-2.9948426914403674,-2.299227755560092,-2.299227755560092
2015-10-01,BILL,-3.4913825128013216,-3.4913825128013216,-2.6754497917798856,-2.458790242053698,-2.458790242053698
2016-01-01,BILL,-3.2732228397372953,-3.2732228397372953,-2.8774835243743473,-2.603863886672241,-2.603863886672241
2016-04-01,BILL,-3.2269982257465752,-3.2269982257465752,-2.9359439392272595,-2.7478724102729744,-2.7478724102729744
2016-07-01,BILL,-3.129045765047604,-3.129045765047604,-2.9230703580660853,-2.674480040917386,-2.674480040917386
2016-10-01,BILL,-2.920438451405998,-2.920438451405998,-2.7436846662214975,-2.5218614621659534,-2.5218614621659534
2017-01-01,BILL,-2.9202783821733638,-2.9202783821733638,-2.4080733380143937,-2.27851886216859,-2.27851886216859
2017-04-01,BILL,-2.4885216237402825,-2.4885216237402825,-2.0535477713387116,-1.9305291322321243,-1.9305291322321243
2017-07-01,BILL,-2.3409872418688327,-2.3409872418688327,-1.7471069940718542,-1.6924346056917572,-1.6924346056917572
2017-10-01,BILL,-2.1051074827543914,-2.1051074827543914,-1.5843139272785296,-1.3625685947299653,-1.3625685947299653
2018-01-01,BILL,-1.7986425455633965,-1.7986425455633965,-1.281991983527867,-0.7844795755018259,-0.7844795755018259
2018-04-01,BILL,-1.566201214080266,-1.566201214080266,-1.1041958685402302,-0.5494063818475616,-0.5494063818475616
2018-07-01,BILL,-1.347796903860152,-1.347796903860152,-0.9037895699275876,-0.2714726327508398,-0.2714726327508398
2018-10-01,BILL,-1.3008053784001485,-1.3008053784001485,-0.7489837036068813,-0.22101524112629672,-0.22101524112629672
2019-01-01,BILL,-1.1507933327590678,-1.1507933327590678,-0.5175447886098034,-0.14648841560764123,-0.14648841560764123
2019-04-01,BILL,-1.1850547231553754,-1.1850547231553754,-0.6683669981649609,-0.1363439840032085,-0.1363439840032085
2019-07-01,BILL,-1.4680411421456177,-1.4680411421456177,-0.9025251452288545,-0.5746597530716846,-0.5746597530716846
2019-10-01,BILL,-1.8397921633858416,-1.8397921633858416,-1.1991901615140612,-0.9397151992497614,-0.9397151992497614
2020-01-01,BILL,-2.2472893696604617,-2.2472893696604617,-1.71213100378921,-1.5446547837255482,-1.5446547837255482
2020-04-01,BILL,-3.8314913242370268,-3.8314913242370268,-2.7966264092950204,-1.3760237192126075,-1.3760237192126075
2020-07-01,BILL,-4.452751073895397,-4.452751073895397,-2.9656789791351317,-1.430488445648678,-1.430488445648678
2020-10-01,BILL,-4.434589896880511,-4.434589896880511,-2.5360210704573105,-2.114981659700633,-2.114981659700633
2021-01-01,BILL,-3.392089529708686,-3.392089529708686,-1.9200489727687104,-1.364053291831511,-1.364053291831511
2021-04-01,BILL,-2.8211491079453292,-2.8211491079453292,-2.2158984903140775,-0.6634170488733355,-0.6634170488733355
2021-07-01,BILL,-2.8790183048800606,-2.8790183048800606,-2.0779984604983035,-0.5633278167737231,-0.5633278167737231
2021-10-01,BILL,-3.3895843546365056,-3.3895843546365056,-2.1653518437297574,-0.7045856355693766,-0.7045856355693766
2022-01-01,BILL,-3.086724004696336,-3.086724004696336,-2.7558368309087737,-0.6667061426804134,-0.6667061426804134
2022-04-01,BILL,-2.230964633203804,-2.230964633203804,-1.6672605233906188,-1.3649451734670457,-1.3649451734670457
2022-07-01,BILL,-0.708345439732481,-0.708345439732481,-0.06038947858629766,0.25653777672607786,0.25653777672607786
2022-10-01,BILL,0.8134749173957032,0.8134749173957032,1.2054964901476102,1.7141451396802694,1.7141451396802694
2023-01-01,BILL,1.5164630070867693,1.5164630070867693,1.810319335244866,2.4323390605547246,2.4323390605547246
2023-04-01,BILL,2.059713723252507,2.059713723252507,2.3012563673684885,2.8159662664092413,2.8159662664092413
2023-07-01,BILL,2.0130333548242905,2.0130333548242905,2.4073383846918492,2.8965419361053786,2.8965419361053786
2023-10-01,BILL,2.073709909677528,2.073709909677528,2.3451250952495903,2.9372949720305286,2.9372949720305286
2024-01-01,BILL,2.037277547048563,2.037277547048563,2.30994647029931,3.033861609305387,3.033861609305387
2024-04-01,BILL,2.1785725063986194,2.1785725063986194,2.2264854539496244,3.0401306572891063,3.0401306572891063
2024-07-01,BILL,1.776950888999231,1.776950888999231,2.1566344323929934,2.683626655322689,2.683626655322689
2024-10-01,BILL,1.0859581769246713,1.0859581769246713,1.4785771040639044,2.3101516229136174,2.3101516229136174
2025-01-01,BILL,0.9263430894084416,0.9263430894084416,1.3618346720764294,2.0766125545631837,2.0766125545631837
2025-04-01,BILL,0.9299058750453946,0.9299058750453946,1.3850661494348828,2.039190936166772,2.039190936166772
1960-01-01,EBILL,-0.8219669886337301,-0.8219669886337301,-0.283800760888053,0.8719844124031539,0.8719844124031539
1960-04-01,EBILL,-0.5984879905269649,-0.5984879905269649,0.34387742262458126,0.7712323133222653,0.7712323133222653
1960-07-01,EBILL,-0.6067452728200191,-0.6067452728200191,-0.030194507668845107,0.24712664267635448,0.24712664267635448
1960-10-01,EBILL,-0.6455074105158395,-0.6455074105158395,-0.6078284627593694,-0.29046441679936386,-0.29046441679936386
1961-01-01,EBILL,-0.6632346845467003,-0.6632346845467003,-0.13377907983798423,0.1803033096368791,0.1803033096368791
1961-04-01,EBILL,-1.4852266191949164,-1.4852266191949164,-0.5067640357262734,-0.06116269733814294,-0.06116269733814294
1961-07-01,EBILL,-0.7158482176066949,-0.7158482176066949,0.35210033259953527,0.5508425649964167,0.5508425649964167
1961-10-01,EBILL,-0.6252019463490534,-0.6252019463490534,-0.0562614669479692,0.34514057108681384,0.34514057108681384
1962-01-01,EBILL,-0.836865778104505,-0.836865778104505,-0.4940802261096401,0.19046944046279446,0.19046944046279446
1962-04-01,EBILL,-0.3993469115352892,-0.3993469115352892,-0.14534619020998926,0.26901689172525023,0.26901689172525023
1962-07-01,EBILL,-0.6164487700165251,-0.6164487700165251,-0.16253767644884692,-0.022907518169575876,-0.022907518169575876
1962-10-01,EBILL,-1.1673719679598806,-1.1673719679598806,-0.48230167149837333,0.31046628671529336,0.31046628671529336
1963-01-01,EBILL,-0.8881344273999124,-0.8881344273999124,-0.4235216721620815,0.9579588740782514,0.9579588740782514
1963-04-01,EBILL,-0.7819169796091009,-0.7819169796091009,-0.5636844356307517,0.015669278448871393,0.015669278448871393
1963-07-01,EBILL,-0.3809744044677384,-0.3809744044677384,-0.1769509178714932,0.4766570976318162,0.4766570976318162
1963-10-01,EBILL,-1.1021841606362137,-1.1021841606362137,-0.7275332637219583,0.23771893909534794,0.23771893909534794
1964-01-01,EBILL,-0.7866639629219834,-0.7866639629219834,-0.15747340997660533,0.337853516865742,0.337853516865742
1964-04-01,EBILL,-0.7888780503395544,-0.7888780503395544,-0.2113935750516454,-0.0661034266303417,-0.0661034266303417
1964-07-01,EBILL,-0.8253243843221375,-0.8253243843221375,-0.3082976148181796,0.3362484898917742,0.3362484898917742
1964-10-01,EBILL,-0.8035492662946989,-0.8035492662946989,-0.4815394016313786,0.6164605025585835,0.6164605025585835
1965-01-01,EBILL,-1.3819916857177033,-1.3819916857177033,-0.17129875316844184,-0.09687226990396802,-0.09687226990396802
1965-04-01,EBILL,-0.9482467461995582,-0.9482467461995582,-0.5237764143105358,0.06336782059619558,0.06336782059619558
1965-07-01,EBILL,-0.9751511684183206,-0.9751511684183206,-0.16813879024208447,0.1640882213848778,0.1640882213848778
1965-10-01,EBILL,-1.0306611310852716,-1.0306611310852716,-0.2855987854894253,0.3441291056335976,0.3441291056335976
1966-01-01,EBILL,-1.1860382980609696,-1.1860382980609696,-0.7842433170152674,0.41252072541704665,0.41252072541704665
1966-04-01,EBILL,-1.0593693713280556,-1.0593693713280556,-0.05296496220613839,0.8722954148103258,0.8722954148103258
1966-07-01,EBILL,-1.096664317327768,-1.096664317327768,-0.22427395564655322,0.18561949126412775,0.18561949126412775
1966-10-01,EBILL,-0.6626751543228238,-0.6626751543228238,-0.27023180456898493,0.6784815638374558,0.6784815638374558
1967-01-01,EBILL,-1.0294623646836756,-1.0294623646836756,-0.1815427760868939,0.1456332028799727,0.1456332028799727
1967-04-01,EBILL,-1.1202536980005318,-1.1202536980005318,-0.5940379413735639,0.2713448148829137,0.2713448148829137
1967-07-01,EBILL,-0.949979339254107,-0.949979339254107,-0.7460782334114122,-0.21279730170405187,-0.21279730170405187
1967-10-01,EBILL,-0.23916279183390896,-0.23916279183390896,-0.08486052856904684,0.1820700351561163,0.1820700351561163
1968-01-01,EBILL,-1.2333344388310397,-1.2333344388310397,-0.02490316261478711,0.5655453580349962,0.5655453580349962
1968-04-01,EBILL,-1.063002357910191,-1.063002357910191,0.05435099844297408,0.5137887939649275,0.5137887939649275
1968-07-01,EBILL,-0.4884427640596254,-0.4884427640596254,-0.2839526320918207,0.2316490449064007,0.2316490449064007
1968-10-01,EBILL,-0.9211582425055092,-0.9211582425055092,0.22752874535271683,0.37192345697913376,0.37192345697913376
1969-01-01,EBILL,-0.2028944642202891,-0.2028944642202891,0.005097814562295497,0.43273296530032507,0.43273296530032507
1969-04-01,EBILL,-0.6942544940833457,-0.6942544940833457,0.3449521073804332,1.03117400337487,1.03117400337487
1969-07-01,EBILL,-0.5436954958065652,-0.5436954958065652,-0.004818883042356623,0.18562065540865244,0.18562065540865244
1969-10-01,EBILL,0.04820747489025198,0.04820747489025198,0.13021388583408547,0.9081967570887158,0.9081967570887158
1970-01-01,EBILL,-0.14032052327739034,-0.14032052327739034,0.12716434456094752,1.0574890456157657,1.0574890456157657
1970-04-01,EBILL,-0.2976600987287903,-0.2976600987287903,0.07066493927300192,1.3093524825411982,1.3093524825411982
1970-07-01,EBILL,-0.2011880578574965,-0.2011880578574965,0.2665266954400812,0.5325089850849175,0.5325089850849175
1970-10-01,EBILL,-0.12187248544587057,-0.12187248544587057,-0.041302661119026036,0.5811013851904072,0.5811013851904072
1971-01-01,EBILL,-0.7497259522845455,-0.7497259522845455,-0.21017599981507823,0.672607258992148,0.672607258992148
1971-04-01,EBILL,-0.5011865176775911,-0.5011865176775911,-0.006047369859655059,0.6217816394947068,0.6217816394947068
1971-07-01,EBILL,-0.575882065789388,-0.575882065789388,0.049950433296156824,0.41812273037634007,0.41812273037634007
1971-10-01,EBILL,-0.637636720056204,-0.637636720056204,-0.16794704548736789,0.10551970309481461,0.10551970309481461
1972-01-01,EBILL,-0.7109117168263854,-0.7109117168263854,-0.5287064515169393,-0.01062348449614341,-0.01062348449614341
1972-04-01,EBILL,-1.3175715707184332,-1.3175715707184332,-0.28377107597026807,0.06284983411177548,0.06284983411177548
1972-07-01,EBILL,-0.6334715571677404,-0.6334715571677404,-0.4009831936160928,-0.08125488812617494,-0.08125488812617494
1972-10-01,EBILL,-0.9790467398849726,-0.9790467398849726,-0.3961697667106179,0.9086711017976115,0.9086711017976115
1973-01-01,EBILL,-0.7092726537616519,-0.7092726537616519,-0.13713123658283485,1.0031515142755834,1.0031515142755834
1973-04-01,EBILL,-1.3230140731699522,-1.3230140731699522,-0.2330201155500508,0.5647578418302559,0.5647578418302559
1973-07-01,EBILL,-0.21765935988292812,-0.21765935988292812,0.1128580678447529,0.2812984951640463,0.2812984951640463
1973-10-01,EBILL,-1.3523985818568722,-1.3523985818568722,-0.3313173438436047,0.4084264525227699,0.4084264525227699
1974-01-01,EBILL,-0.5697500102353196,-0.5697500102353196,-0.12270974395148787,1.4862150825573666,1.4862150825573666
1974-04-01,EBILL,-0.9037180943119457,-0.9037180943119457,-0.13291233610891642,0.5296865508047082,0.5296865508047082
1974-07-01,EBILL,-0.3578722141399513,-0.3578722141399513,0.16538378951723065,0.3745495105976732,0.3745495105976732
1974-10-01,EBILL,-0.4303914131951119,-0.4303914131951119,0.12324175857827181,0.47907028724451467,0.47907028724451467
1975-01-01,EBILL,-0.7698393829789497,-0.7698393829789497,-0.10418844990925376,0.011605587548707302,0.011605587548707302
1975-04-01,EBILL,-1.687791580973285,-1.687791580973285,-0.31652482441468865,0.6605033901094696,0.6605033901094696
1975-07-01,EBILL,-0.17082168499589603,-0.17082168499589603,0.05320686254404312,1.1784703091459523,1.1784703091459523
1975-10-01,EBILL,-0.5196615078390826,-0.5196615078390826,-0.17183194375985703,0.46895006035870296,0.46895006035870296
1976-01-01,EBILL,-0.41675985431324947,-0.41675985431324947,-0.14926867970403038,0.03398400303570645,0.03398400303570645
1976-04-01,EBILL,-0.9080607270923418,-0.9080607270923418,-0.14301252002890444,0.6675905597185594,0.6675905597185594
1976-07-01,EBILL,-1.0827023446101522,-1.0827023446101522,-0.11041048409954228,0.004853665250520635,0.004853665250520635
1976-10-01,EBILL,-0.5821049828153466,-0.5821049828153466,-0.010130176453626832,0.10980035598656868,0.10980035598656868
1977-01-01,EBILL,-0.5954868555232248,-0.5954868555232248,-0.2963587779669326,0.3333659085204534,0.3333659085204534
1977-04-01,EBILL,-0.96752621231007,-0.96752621231007,-0.09708167442356845,0.22007649654295122,0.22007649654295122
1977-07-01,EBILL,-0.795748320476488,-0.795748320476488,-0.6049574008658826,-0.25543394745937587,-0.25543394745937587
1977-10-01,EBILL,-0.4998537888373871,-0.4998537888373871,-0.06503700268675733,0.17619025857827658,0.17619025857827658
1978-01-01,EBILL,-0.6850569611025067,-0.6850569611025067,-0.5590790611597248,-0.144394253754663,-0.144394253754663
1978-04-01,EBILL,-0.826981167395468,-0.826981167395468,-0.5085282509515847,-0.32780548166783735,-0.32780548166783735
1978-07-01,EBILL,-1.4941655097723288,-1.4941655097723288,-0.17900883306400098,0.7160045844256654,0.7160045844256654
1978-10-01,EBILL,-0.9009137852275447,-0.9009137852275447,-0.5108129772760329,-0.073605526573475,-0.073605526573475
1979-01-01,EBILL,-0.6151537231662147,-0.6151537231662147,-0.09489224911011601,0.25959409791799043,0.25959409791799043
1979-04-01,EBILL,-1.035403302264619,-1.035403302264619,0.060343414891706484,0.2803207909514797,0.2803207909514797
1979-07-01,EBILL,-1.1134455721968948,-1.1134455721968948,-0.6262629944183372,0.3966606012636876,0.3966606012636876
1979-10-01,EBILL,-0.6971044499795932,-0.6971044499795932,0.25851853839590966,0.45860765273263254,0.45860765273263254
1980-01-01,EBILL,0.6064609899945949,0.6064609899945949,0.7540159522778913,1.5366975505211893,1.5366975505211893
1980-04-01,EBILL,-0.0008728975624286806,-0.0008728975624286806,0.34169566802007406,0.9126393998576059,0.9126393998576059
1980-07-01,EBILL,-0.6663691914381511,-0.6663691914381511,0.21418109284366427,0.755092098773671,0.755092098773671
1980-10-01,EBILL,0.6510561216151984,0.6510561216151984,0.8261474342884702,1.354058612291259,1.354058612291259
1981-01-01,EBILL,1.2141287791738609,1.2141287791738609,1.3186098679405591,1.6412940893947856,1.6412940893947856
1981-04-01,EBILL,0.9798010298359026,0.9798010298359026,1.5371372142169992,1.9929536678734046,1.9929536678734046
1981-07-01,EBILL,1.535256019439576,1.535256019439576,1.7523211057222978,2.38485889831424,2.38485889831424
1981-10-01,EBILL,0.7535887681801853,0.7535887681801853,1.8002385657833693,2.814455210397802,2.814455210397802
1982-01-01,EBILL,0.7488224564716297,0.7488224564716297,1.8215256045124288,2.344418119324749,2.344418119324749
1982-04-01,EBILL,1.071652259951265,1.071652259951265,1.3918385307660917,1.4866725904940066,1.4866725904940066
1982-07-01,EBILL,0.26165790166104025,0.26165790166104025,0.6583645980283421,1.9625072923567657,1.9625072923567657
1982-10-01,EBILL,-0.29809631996785607,-0.29809631996785607,0.25586496697259575,1.1234651878253037,1.1234651878253037
1983-01-01,EBILL,-0.17933740317060656,-0.17933740317060656,0.4251407820050447,1.1537770004334804,1.1537770004334804
1983-04-01,EBILL,-0.05314893326748497,-0.05314893326748497,0.5732497114055619,0.92785793377461,0.92785793377461
1983-07-01,EBILL,0.41436826692087664,0.41436826692087664,1.0446493308333347,1.4450329220153273,1.4450329220153273
1983-10-01,EBILL,0.2777140801022397,0.2777140801022397,1.04113624330242,1.5649138238975664,1.5649138238975664
1984-01-01,EBILL,1.0686899745180714,1.0686899745180714,1.3192856093774434,1.819939833157368,1.819939833157368
1984-04-01,EBILL,1.089770936631424,1.089770936631424,1.5129346347428025,1.7195068494567942,1.7195068494567942
1984-07-01,EBILL,1.5338264559913228,1.5338264559913228,1.7289061750657875,2.4459011098173806,2.4459011098173806
1984-10-01,EBILL,0.9208753852165003,0.9208753852165003,1.1555475452791764,1.6160792937067796,1.6160792937067796
1985-01-01,EBILL,0.2825516362768586,0.2825516362768586,0.8874388988516224,2.1640743542674894,2.1640743542674894
1985-04-01,EBILL,0.5710326300354678,0.5710326300354678,1.050953311071479,1.286243924328233,1.286243924328233
1985-07-01,EBILL,0.10725037459941242,0.10725037459941242,0.43839399191562056,0.6939255748712029,0.6939255748712029
1985-10-01,EBILL,-0.4086234404234395,-0.4086234404234395,0.051164052487133106,0.5462660566020132,0.5462660566020132
1986-01-01,EBILL,-0.7390869116810191,-0.7390869116810191,-0.05340658068041085,0.5712276243297266,0.5712276243297266
1986-04-01,EBILL,-0.7879893654818435,-0.7879893654818435,-0.685267120807842,-0.14049896998770234,-0.14049896998770234
1986-07-01,EBILL,-0.5678572445385643,-0.5678572445385643,-0.40254679012303674,-0.14192081157148484,-0.14192081157148484
1986-10-01,EBILL,-1.2558995993701436,-1.2558995993701436,-0.6293890574839617,-0.27175538896072593,-0.27175538896072593
1987-01-01,EBILL,-0.8856524484563126,-0.8856524484563126,-0.16943780405670608,0.19044475836397323,0.19044475836397323
1987-04-01,EBILL,-0.1619364788522047,-0.1619364788522047,0.12412544772759705,0.6165076917737911,0.6165076917737911
1987-07-01,EBILL,-0.823982705766497,-0.823982705766497,0.0418119024504376,0.6738207300040356,0.6738207300040356
1987-10-01,EBILL,-0.3461064607988328,-0.3461064607988328,0.034289548643310935,1.159923630306904,1.159923630306904
1988-01-01,EBILL,-1.0014430782468282,-1.0014430782468282,0.24675323290871048,1.2235874837909613,1.2235874837909613
1988-04-01,EBILL,-0.4694540705406317,-0.4694540705406317,0.10940458668896981,1.2253728773467438,1.2253728773467438
1988-07-01,EBILL,-0.5588475246814529,-0.5588475246814529,0.43637549417562543,0.9562793207864841,0.9562793207864841
1988-10-01,EBILL,-0.4278387038033021,-0.4278387038033021,0.7647136813117885,0.8935921376594321,0.8935921376594321
1989-01-01,EBILL,-0.3213366554943484,-0.3213366554943484,0.13246254034902186,1.1143486226902428,1.1143486226902428
1989-04-01,EBILL,0.4438020845231673,0.4438020845231673,0.6092273725577446,0.9662877864865498,0.9662877864865498
1989-07-01,EBILL,-0.6059635177100579,-0.6059635177100579,0.2555875929526562,0.756961027674872,0.756961027674872
1989-10-01,EBILL,-0.2440184415953997,-0.2440184415953997,0.14618678247318007,1.1933053924634882,1.1933053924634882
1990-01-01,EBILL,-0.24280275072317864,-0.24280275072317864,0.48987686573738237,1.211067648858956,1.211067648858956
1990-04-01,EBILL,0.18721577265138387,0.18721577265138387,0.6354211079401844,1.026902713865544,1.026902713865544
1990-07-01,EBILL,0.01691461349917055,0.01691461349917055,0.9163400747996309,1.080944459965221,1.080944459965221
1990-10-01,EBILL,-0.05288585234408349,-0.05288585234408349,0.5890263366610119,1.51599716498323,1.51599716498323
1991-01-01,EBILL,-0.27769075228230183,-0.27769075228230183,0.346221228617008,0.8467989735055168,0.8467989735055168
1991-04-01,EBILL,-0.03038977855989449,-0.03038977855989449,0.34091269462778706,0.9175147921704042,0.9175147921704042
1991-07-01,EBILL,0.07121620671038964,0.07121620671038964,0.7239322810017513,0.8781457944924687,0.8781457944924687
1991-10-01,EBILL,-0.15600354215531928,-0.15600354215531928,0.09887011326911584,0.4210168306272296,0.4210168306272296
1992-01-01,EBILL,-0.48439559232155255,-0.48439559232155255,-0.17037754985451536,0.41040450525649635,0.41040450525649635
1992-04-01,EBILL,-0.08713209339454785,-0.08713209339454785,0.34492244931844845,0.6113783627566921,0.6113783627566921
1992-07-01,EBILL,-0.46191490951468767,-0.46191490951468767,-0.0733997494588399,-0.041556303427297915,-0.041556303427297915
1992-10-01,EBILL,-0.3422830558595504,-0.3422830558595504,0.03434562660418358,0.431287635838432,0.431287635838432
1993-01-01,EBILL,-0.9903804592313422,-0.9903804592313422,-0.9153640160053519,-0.6471826444634796,-0.6471826444634796
1993-04-01,EBILL,-0.4465808194337693,-0.4465808194337693,-0.08355870857586842,0.06218081044036992,0.06218081044036992
1993-07-01,EBILL,-0.7747348193567328,-0.7747348193567328,-0.43218815024073004,0.2544318743189215,0.2544318743189215
1993-10-01,EBILL,-0.8477634796764625,-0.8477634796764625,0.013034786765920538,0.37069029849085205,0.37069029849085205
1994-01-01,EBILL,-0.9946032574961963,-0.9946032574961963,-0.6081468089325683,-0.44391335765121825,-0.44391335765121825
1994-04-01,EBILL,0.060501677826955896,0.060501677826955896,0.42349220725556824,0.5382649545141995,0.5382649545141995
1994-07-01,EBILL,-0.3456305823273785,-0.3456305823273785,0.07134081492586913,0.8315191937159321,0.8315191937159321
1994-10-01,EBILL,0.2847387242912996,0.2847387242912996,0.6096247481155002,0.7640017775836401,0.7640017775836401
1995-01-01,EBILL,0.06648537147893822,0.06648537147893822,0.32589445324057675,0.502016689365885,0.502016689365885
1995-04-01,EBILL,-0.24591464343146138,-0.24591464343146138,-0.17324753325801978,0.10147438375613771,0.10147438375613771
1995-07-01,EBILL,-0.5676128136897587,-0.5676128136897587,0.2772439108384483,0.5966236886411228,0.5966236886411228
1995-10-01,EBILL,-0.13709953809717515,-0.13709953809717515,0.4650789096423115,0.7134294405882249,0.7134294405882249
1996-01-01,EBILL,0.13773185298437127,0.13773185298437127,0.16875257223490953,0.3090808226228593,0.3090808226228593
1996-04-01,EBILL,0.0776943317518559,0.0776943317518559,0.7191998376230633,0.884317900425771,0.884317900425771
1996-07-01,EBILL,-0.4477230468142862,-0.4477230468142862,0.304782297901726,1.021191761658701,1.021191761658701
1996-10-01,EBILL,0.1948577699898443,0.1948577699898443,0.5271611280792302,0.654030713608306,0.654030713608306
1997-01-01,EBILL,0.09813249444658897,0.09813249444658897,0.43261116386057064,0.5980810514750161,0.5980810514750161
1997-04-01,EBILL,-0.3830342914315071,-0.3830342914315071,-0.03512770816824856,0.6789437636256039,0.6789437636256039
1997-07-01,EBILL,0.20934305285467994,0.20934305285467994,0.47923266696927164,0.8619824752608489,0.8619824752608489
1997-10-01,EBILL,-0.626199792312223,-0.626199792312223,-0.08476133356031856,0.16273723022083247,0.16273723022083247
1998-01-01,EBILL,0.3212478043018528,0.3212478043018528,0.6429443743994606,0.8633181095378466,0.8633181095378466
1998-04-01,EBILL,-1.1056793955601127,-1.1056793955601127,-0.016731449258926716,0.061342632133063096,0.061342632133063096
1998-07-01,EBILL,-0.5756711200665154,-0.5756711200665154,-0.31114713255802084,0.6051681404536211,0.6051681404536211
1998-10-01,EBILL,-0.9029402848552447,-0.9029402848552447,0.07498675274355879,0.44370961931976866,0.44370961931976866
1999-01-01,EBILL,0.31699462952358193,0.31699462952358193,0.4770252470729058,0.7613102365848592,0.7613102365848592
1999-04-01,EBILL,0.18721196362958184,0.18721196362958184,0.29791052229104464,0.5129804987196629,0.5129804987196629
1999-07-01,EBILL,-0.2921055310702566,-0.2921055310702566,0.3165353689570978,0.6138610058064459,0.6138610058064459
1999-10-01,EBILL,-0.024295224009129774,-0.024295224009129774,0.482982294991038,0.8359821069918578,0.8359821069918578
2000-01-01,EBILL,0.8026661470735664,0.8026661470735664,0.8758663650775929,1.0876533836542988,1.0876533836542988
2000-04-01,EBILL,-0.10936806128428966,-0.10936806128428966,0.4492010623144996,0.7470820927601262,0.7470820927601262
2000-07-01,EBILL,-0.7250404251944865,-0.7250404251944865,0.5222912928717474,0.7053941865404594,0.7053941865404594
2000-10-01,EBILL,0.31807866103920224,0.31807866103920224,0.7608077099954034,1.1215497407162132,1.1215497407162132
2001-01-01,EBILL,0.47159244419836943,0.47159244419836943,0.5837494173174849,0.8091723532084468,0.8091723532084468
2001-04-01,EBILL,-0.48796274911765714,-0.48796274911765714,0.4492095115587867,0.5449245957730833,0.5449245957730833
2001-07-01,EBILL,-0.3305746494311944,-0.3305746494311944,0.19644716856110314,0.6246716193030523,0.6246716193030523
2001-10-01,EBILL,-0.7402059715556704,-0.7402059715556704,-0.026862850969028775,0.8224179793140177,0.8224179793140177
2002-01-01,EBILL,-0.532189522066157,-0.532189522066157,-0.22967438332684656,0.02708341047585895,0.02708341047585895
2002-04-01,EBILL,-0.37862071785827783,-0.37862071785827783,0.06661733737806656,0.609039268949361,0.609039268949361
2002-07-01,EBILL,-0.5376586409487999,-0.5376586409487999,-0.2913515752503034,-0.2768713380200252,-0.2768713380200252
2002-10-01,EBILL,-0.5645226972915731,-0.5645226972915731,-0.2777971732881426,0.3266434758329882,0.3266434758329882
2003-01-01,EBILL,-0.10388458848481813,-0.10388458848481813,0.04909286947812323,0.2475826664812582,0.2475826664812582
2003-04-01,EBILL,-0.35459874016278903,-0.35459874016278903,0.036650451891567175,0.284388583743047,0.284388583743047
2003-07-01,EBILL,-0.4353921825285244,-0.4353921825285244,-0.26545179720623896,0.607258531632188,0.607258531632188
2003-10-01,EBILL,-0.8592115526940761,-0.8592115526940761,-0.19248245048528081,0.2253004622021131,0.2253004622021131
2004-01-01,EBILL,-0.6447487046480717,-0.6447487046480717,-0.4028354844778415,-0.18312728589263466,-0.18312728589263466
2004-04-01,EBILL,-0.5491165907642789,-0.5491165907642789,-0.042457957542118445,0.17863884565269528,0.17863884565269528
2004-07-01,EBILL,-0.8086064405156949,-0.8086064405156949,-0.40995819903303965,0.27811607098369895,0.27811607098369895
2004-10-01,EBILL,-0.7098721350566409,-0.7098721350566409,-0.4424357547475608,-0.21237695971646864,-0.21237695971646864
2005-01-01,EBILL,-0.4478985394327893,-0.4478985394327893,-0.32300913670790077,0.13979540632123238,0.13979540632123238
2005-04-01,EBILL,-0.6213389186235126,-0.6213389186235126,-0.2282864018881036,0.0631268367310323,0.0631268367310323
2005-07-01,EBILL,-0.7562891713504117,-0.7562891713504117,-0.3900105206261833,0.4786163255681212,0.4786163255681212
2005-10-01,EBILL,-0.8629213945921139,-0.8629213945921139,-0.44852813413562415,0.2932274990373513,0.2932274990373513
2006-01-01,EBILL,0.04897495087500472,0.04897495087500472,0.42154027072800404,0.5208903830207858,0.5208903830207858
2006-04-01,EBILL,-0.6436109488659704,-0.6436109488659704,-0.2317889549855756,0.0532240777918028,0.0532240777918028
2006-07-01,EBILL,-0.3106135417801939,-0.3106135417801939,0.24615578333721727,0.8200162596608049,0.8200162596608049
2006-10-01,EBILL,-0.9609300107803191,-0.9609300107803191,-0.5433329042453234,0.024792515858089406,0.024792515858089406
2007-01-01,EBILL,0.4676058681540707,0.4676058681540707,0.63523625638884,0.8471225469145682,0.8471225469145682
2007-04-01,EBILL,-0.23382410557982938,-0.23382410557982938,0.09409191393020212,0.39141374306176047,0.39141374306176047
2007-07-01,EBILL,-0.3224088736419943,-0.3224088736419943,0.07498337254645186,0.34925664817461594,0.34925664817461594
2007-10-01,EBILL,-0.7137475199021669,-0.7137475199021669,-0.05941881839903371,0.7969205434949675,0.7969205434949675
2008-01-01,EBILL,0.019541092651451215,0.019541092651451215,0.05305221167809162,0.47654960501204136,0.47654960501204136
2008-04-01,EBILL,-0.6633674178658057,-0.6633674178658057,-0.21864935580748027,0.09805746907324758,0.09805746907324758
2008-07-01,EBILL,-0.34201871612997,-0.34201871612997,0.295083998737118,0.38559669786384737,0.38559669786384737
2008-10-01,EBILL,-0.9948214596107648,-0.9948214596107648,-0.5921920454329426,-0.3997012076597881,-0.3997012076597881
2009-01-01,EBILL,-1.25164237867665,-1.25164237867665,-0.791975521811268,-0.5626570944155797,-0.5626570944155797
2009-04-01,EBILL,-0.9679660208360157,-0.9679660208360157,0.016315651517460904,0.3977190082085739,0.3977190082085739
2009-07-01,EBILL,-0.989047226650476,-0.989047226650476,-0.10391707862487144,0.26454428040854894,0.26454428040854894
2009-10-01,EBILL,-0.8704419672500857,-0.8704419672500857,-0.4790542287943743,0.02792385212624015,0.02792385212624015
2010-01-01,EBILL,-0.9622914702782922,-0.9622914702782922,-0.7315440078015519,-0.4805824561818066,-0.4805824561818066
2010-04-01,EBILL,-0.6259898256685499,-0.6259898256685499,-0.3984362880098348,0.6268389480023393,0.6268389480023393
2010-07-01,EBILL,-0.8818528545774549,-0.8818528545774549,-0.4513813956983038,-0.15852300491076912,-0.15852300491076912
2010-10-01,EBILL,-1.0126524680411806,-1.0126524680411806,-0.310600808604418,0.5741466615496713,0.5741466615496713
2011-01-01,EBILL,-0.7076070361157979,-0.7076070361157979,-0.5611621948583952,-0.33680967804069833,-0.33680967804069833
2011-04-01,EBILL,-0.9972887090940541,-0.9972887090940541,-0.38781340034717443,0.27069947228143293,0.27069947228143293
2011-07-01,EBILL,-0.723209038699287,-0.723209038699287,-0.684722901596552,-0.3298947623695129,-0.3298947623695129
2011-10-01,EBILL,-1.7150377118914388,-1.7150377118914388,-1.1253523940665886,-1.0120603066707448,-1.0120603066707448
2012-01-01,EBILL,-1.2910989050757316,-1.2910989050757316,-1.066167959777608,-0.545062498928915,-0.545062498928915
2012-04-01,EBILL,-1.7839778063495708,-1.7839778063495708,-1.113379974544109,-0.7005247577029903,-0.7005247577029903
2012-07-01,EBILL,-1.5021388626836005,-1.5021388626836005,-1.1385592208084008,0.3131845406342635,0.3131845406342635
2012-10-01,EBILL,-1.31578161510531,-1.31578161510531,-0.9411944212496609,-0.6837360055374399,-0.6837360055374399
2013-01-01,EBILL,-1.2140046227407755,-1.2140046227407755,-1.157215526157354,-0.8531202051564435,-0.8531202051564435
2013-04-01,EBILL,-1.029611588638182,-1.029611588638182,-0.8582459208475535,0.21092256190732864,0.21092256190732864
2013-07-01,EBILL,-0.8165226773872829,-0.8165226773872829,-0.5031932704526221,0.10898193526363803,0.10898193526363803
2013-10-01,EBILL,-0.6909679413545188,-0.6909679413545188,-0.08805657670624804,0.3526715522883855,0.3526715522883855
2014-01-01,EBILL,-1.086771676859494,-1.086771676859494,-0.7800741244211225,-0.48573369187219345,-0.48573369187219345
2014-04-01,EBILL,-0.9139367506804166,-0.9139367506804166,-0.5679425301049087,-0.1490308074259294,-0.1490308074259294
2014-07-01,EBILL,-1.0869985195844396,-1.0869985195844396,-0.6496533143179112,1.1854156591456448,1.1854156591456448
2014-10-01,EBILL,-0.9022590462071396,-0.9022590462071396,-0.49236787619381767,-0.16371853006368886,-0.16371853006368886
2015-01-01,EBILL,-0.9983385956930858,-0.9983385956930858,-0.6988972264894426,-0.38627103666810575,-0.38627103666810575
2015-04-01,EBILL,-1.4703703542467577,-1.4703703542467577,-0.8727571386602521,-0.2725653545917142,-0.2725653545917142
2015-07-01,EBILL,-1.4576964119079903,-1.4576964119079903,-0.9267251934561181,-0.38838560952676604,-0.38838560952676604
2015-10-01,EBILL,-1.2140208638894574,-1.2140208638894574,-0.8431994622861603,-0.24687385573608095,-0.24687385573608095
2016-01-01,EBILL,-1.062825530341915,-1.062825530341915,-0.6676486511347847,-0.39418738634174205,-0.39418738634174205
2016-04-01,EBILL,-1.7173202430564416,-1.7173202430564416,-0.6625022061582405,-0.6172490712685859,-0.6172490712685859
2016-07-01,EBILL,-1.7381004625559116,-1.7381004625559116,-1.440139224312619,-0.9576574921080924,-0.9576574921080924
2016-10-01,EBILL,-0.9074088833619239,-0.9074088833619239,-0.8035733793856075,-0.4324469374550384,-0.4324469374550384
2017-01-01,EBILL,-1.0107032823116582,-1.0107032823116582,-0.495628605343152,-0.3698703876990083,-0.3698703876990083
2017-04-01,EBILL,-0.9665530874389012,-0.9665530874389012,-0.6216842148523319,-0.1903440632487683,-0.1903440632487683
2017-07-01,EBILL,-1.0778634937685339,-1.0778634937685339,-0.25172850504578004,0.3301892195923518,0.3301892195923518
2017-10-01,EBILL,-0.6663930575693402,-0.6663930575693402,-0.47961554640184767,-0.06018720539294038,-0.06018720539294038
2018-01-01,EBILL,-0.6089739508843448,-0.6089739508843448,-0.09118424315694895,0.40475145715331956,0.40475145715331956
2018-04-01,EBILL,-0.8875939465120055,-0.8875939465120055,-0.3736404441421096,-0.013508266401759462,-0.013508266401759462
2018-07-01,EBILL,-0.9389036540998815,-0.9389036540998815,-0.3010187683548768,-0.20818173433162468,-0.20818173433162468
2018-10-01,EBILL,-1.0171744173235142,-1.0171744173235142,-0.7224824313963962,0.19297430013126932,0.19297430013126932
2019-01-01,EBILL,-0.7918450633550134,-0.7918450633550134,-0.15976871192295655,0.20955479967312474,0.20955479967312474
2019-04-01,EBILL,-1.1232752010748197,-1.1232752010748197,-0.781245380603049,-0.5552898131325488,-0.5552898131325488
2019-07-01,EBILL,-1.3832725411974591,-1.3832725411974591,-1.16050851932336,0.06529788101668899,0.06529788101668899
2019-10-01,EBILL,-1.508025191649434,-1.508025191649434,-0.720021033268541,-0.4613588437658694,-0.4613588437658694
2020-01-01,EBILL,-1.331776550273837,-1.331776550273837,-0.7997500918072384,-0.6338737647864046,-0.6338737647864046
2020-04-01,EBILL,-2.0195143570812983,-2.0195143570812983,-1.7245303461756822,-1.0693147086384533,-1.0693147086384533
2020-07-01,EBILL,-1.5576254646188552,-1.5576254646188552,-1.2025111185417918,0.17893776713712622,0.17893776713712622
2020-10-01,EBILL,-2.3702047185110646,-2.3702047185110646,-1.4838661660535328,-1.0404152131595046,-1.0404152131595046
2021-01-01,EBILL,-1.7774703742542066,-1.7774703742542066,-1.0946731715381004,-0.7441249562036951,-0.7441249562036951
2021-04-01,EBILL,-1.7018103500050912,-1.7018103500050912,-0.7384140540108952,0.0026079133120222473,0.0026079133120222473
2021-07-01,EBILL,-1.9246456645669188,-1.9246456645669188,-1.0815291588131533,-0.5600517867255086,-0.5600517867255086
2021-10-01,EBILL,-1.1686746887575423,-1.1686746887575423,-0.9451264483896095,-0.5040725014864189,-0.5040725014864189
2022-01-01,EBILL,-1.0719635711038233,-1.0719635711038233,-0.5682673096020939,-0.12762795189067347,-0.12762795189067347
2022-04-01,EBILL,-0.8787928434443797,-0.8787928434443797,-0.5747512815293326,0.25717360569805475,0.25717360569805475
2022-07-01,EBILL,-1.3063859541643859,-1.3063859541643859,-0.2901183314486164,0.32773686163804683,0.32773686163804683
2022-10-01,EBILL,-0.6867249109711973,-0.6867249109711973,0.5371077274648071,1.0666240814739292,1.0666240814739292
2023-01-01,EBILL,-0.4647513426192242,-0.4647513426192242,-0.1670692449708705,0.451837165628462,0.451837165628462
2023-04-01,EBILL,-0.1997839247776544,-0.1997839247776544,0.13128662853336492,0.6704942727434181,0.6704942727434181
2023-07-01,EBILL,0.009892522949959614,0.009892522949959614,0.2619867940169592,0.845816922760365,0.845816922760365
2023-10-01,EBILL,-0.2853608732157839,-0.2853608732157839,0.27927979120561974,0.9503800127099106,0.9503800127099106
2024-01-01,EBILL,-0.4176118020959902,-0.4176118020959902,-0.14461647008260997,0.5788352022762626,0.5788352022762626
2024-04-01,EBILL,0.06163692224013548,0.06163692224013548,0.4550019014263524,0.6536893423076399,0.6536893423076399
2024-07-01,EBILL,-0.10144011072759776,-0.10144011072759776,0.37629833354718584,0.6239809699107264,0.6239809699107264
2024-10-01,EBILL,-0.19553979378259354,-0.19553979378259354,0.410183765407845,0.7973408574269607,0.7973408574269607
2025-01-01,EBILL,-0.11447563418604474,-0.11447563418604474,0.3218812548754952,1.037174802957396,1.037174802957396
2025-04-01,EBILL,-0.09192344623458393,-0.09192344623458393,0.7242425187703412,0.8392166075672309,0.8392166075672309
1960-01-01,TBlong,-1.0133666405210198,-1.0133666405210198,0.07393183640146521,0.9172292237408346,0.9172292237408346
1960-04-01,TBlong,-1.0527170967992727,-1.0527170967992727,-0.043104319737268214,0.8802521688631141,0.8802521688631141
1960-07-01,TBlong,-1.3773621792401143,-1.3773621792401143,-0.2319270086238045,0.5504563745571907,0.5504563745571907
1960-10-01,TBlong,-1.4372871580340363,-1.4372871580340363,-0.2773759222204527,0.503209710162306,0.503209710162306
1961-01-01,TBlong,-1.4607002558786015,-1.4607002558786015,-0.17018398227473538,0.39601182086788844,0.39601182086788844
1961-04-01,TBlong,-1.6549881990872637,-1.6549881990872637,-0.2547970765313192,0.226569614640795,0.226569614640795
1961-07-01,TBlong,-1.3936030480802784,-1.3936030480802784,-0.008324729208566094,0.22468849888053738,0.22468849888053738
1961-10-01,TBlong,-1.394285624505208,-1.394285624505208,-0.19660058607395833,0.28211382956129705,0.28211382956129705
1962-01-01,TBlong,-1.2415954230991453,-1.2415954230991453,-0.07812207456825686,0.1673207722452072,0.1673207722452072
1962-04-01,TBlong,-1.3382171759888333,-1.3382171759888333,-0.4226625385698043,-0.056508072286912674,-0.056508072286912674
1962-07-01,TBlong,-1.2161704186867324,-1.2161704186867324,-0.3398171028125961,-0.06711053404773634,-0.06711053404773634
1962-10-01,TBlong,-1.4420347022960929,-1.4420347022960929,-0.6042665391474991,-0.1624167248683874,-0.1624167248683874
1963-01-01,TBlong,-1.3474831371646379,-1.3474831371646379,-0.7072545087940673,0.09964593241571974,0.09964593241571974
1963-04-01,TBlong,-1.208553559152182,-1.208553559152182,-0.5908152076699811,0.061141786464138106,0.061141786464138106
1963-07-01,TBlong,-1.1801965183159107,-1.1801965183159107,-0.4924979495077181,-0.040132333063118156,-0.040132333063118156
1963-10-01,TBlong,-1.2304176245781422,-1.2304176245781422,-0.45655245455324217,-0.033677064091473204,-0.033677064091473204
1964-01-01,TBlong,-1.140665334635285,-1.140665334635285,-0.6073391875266653,0.08474122435814835,0.08474122435814835
1964-04-01,TBlong,-1.3698983707542776,-1.3698983707542776,-0.6294494659626275,-0.07183053814520281,-0.07183053814520281
1964-07-01,TBlong,-1.428736890472631,-1.428736890472631,-0.49334523782488426,0.16001010322702172,0.16001010322702172
1964-10-01,TBlong,-1.6930234433706506,-1.6930234433706506,-0.6751409378911896,0.1519868348795733,0.1519868348795733
1965-01-01,TBlong,-1.9029128272760454,-1.9029128272760454,-0.5711735218047753,0.25036092326138065,0.25036092326138065
1965-04-01,TBlong,-1.878242333544248,-1.878242333544248,-0.7494442889795677,0.22410716166057976,0.22410716166057976
1965-07-01,TBlong,-1.9481596770243785,-1.9481596770243785,-0.7314109199305293,0.1931317970857938,0.1931317970857938
1965-10-01,TBlong,-1.669792002227513,-1.669792002227513,-0.7487069742302876,0.3085727875285864,0.3085727875285864
1966-01-01,TBlong,-1.7570091671198766,-1.7570091671198766,-0.737419370237829,0.3895321061877142,0.3895321061877142
1966-04-01,TBlong,-1.5892674476968196,-1.5892674476968196,-0.6087203445208417,0.17873161949047958,0.17873161949047958
1966-07-01,TBlong,-1.5448072829934765,-1.5448072829934765,-0.7246790700542041,0.19042000811655516,0.19042000811655516
1966-10-01,TBlong,-1.8036216676765302,-1.8036216676765302,-0.8859920304623118,-0.0718071276442392,-0.0718071276442392
1967-01-01,TBlong,-2.157939347875532,-2.157939347875532,-1.117219749998776,-0.30742971174209033,-0.30742971174209033
1967-04-01,TBlong,-1.98682309552663,-1.98682309552663,-0.5695898058597583,-0.005768001260484676,-0.005768001260484676
1967-07-01,TBlong,-1.6130622138350859,-1.6130622138350859,-0.37724013557546,-0.0698235742386309,-0.0698235742386309
1967-10-01,TBlong,-1.2924991522883138,-1.2924991522883138,0.020615862194842814,0.1475672165066475,0.1475672165066475
1968-01-01,TBlong,-1.3104888092740483,-1.3104888092740483,-0.28664725082919934,0.09307913798351598,0.09307913798351598
1968-04-01,TBlong,-1.41325832569878,-1.41325832569878,-0.3407708296288749,0.04010032802301299,0.04010032802301299
1968-07-01,TBlong,-1.761048550699033,-1.761048550699033,-0.6268365374760823,-0.17542647125808436,-0.17542647125808436
1968-10-01,TBlong,-1.4662245456550222,-1.4662245456550222,-0.40360516406357955,0.3384586864095749,0.3384586864095749
1969-01-01,TBlong,-1.0024453809858924,-1.0024453809858924,0.20547977997709152,0.7290157066621314,0.7290157066621314
1969-04-01,TBlong,-0.8208712472361467,-0.8208712472361467,0.21743460028405792,0.5430035483660595,0.5430035483660595
1969-07-01,TBlong,-0.6300806251297708,-0.6300806251297708,0.5247971115477195,0.6724653544754843,0.6724653544754843
1969-10-01,TBlong,-0.14407363563742137,-0.14407363563742137,0.7884606279442348,1.0530112695874032,1.0530112695874032
1970-01-01,TBlong,-0.02422304623752281,-0.02422304623752281,0.8267332846634576,1.0647872994114964,1.0647872994114964
1970-04-01,TBlong,0.13501411651316825,0.13501411651316825,1.2522697700845473,1.5773681708024596,1.5773681708024596
1970-07-01,TBlong,-0.008928364748153242,-0.008928364748153242,0.891522355112278,1.4902952691510893,1.4902952691510893
1970-10-01,TBlong,-0.23756812475998107,-0.23756812475998107,0.3799832388358382,0.9761482930743827,0.9761482930743827
1971-01-01,TBlong,-0.8932901670548059,-0.8932901670548059,-0.1801280234266331,0.262278398032001,0.262278398032001
1971-04-01,TBlong,-0.9325099297133526,-0.9325099297133526,0.05462014541482884,0.2784594215430512,0.2784594215430512
1971-07-01,TBlong,-0.8999749747657193,-0.8999749747657193,0.07383902009531053,0.24604205003955348,0.24604205003955348
1971-10-01,TBlong,-1.4414961501025967,-1.4414961501025967,-0.42616406333063944,-0.05279773601088167,-0.05279773601088167
1972-01-01,TBlong,-1.370688426821579,-1.370688426821579,-0.28272323686086753,-0.048565802693585076,-0.048565802693585076
1972-04-01,TBlong,-1.502161873051075,-1.502161873051075,-0.5536325700702631,-0.2742032210297121,-0.2742032210297121
1972-07-01,TBlong,-1.6592098846036527,-1.6592098846036527,-0.7877273711684193,-0.4449620204601537,-0.4449620204601537
1972-10-01,TBlong,-1.8942012164917128,-1.8942012164917128,-1.121302532189445,-0.4838705846224881,-0.4838705846224881
1973-01-01,TBlong,-1.1722544291409143,-1.1722544291409143,-0.1608192962232709,0.3947275842797836,0.3947275842797836
1973-04-01,TBlong,-1.3087304417408105,-1.3087304417408105,-0.10690383647783744,0.606006724541767,0.606006724541767
1973-07-01,TBlong,-1.0370081916310179,-1.0370081916310179,0.19898228627004064,0.8368501578712074,0.8368501578712074
1973-10-01,TBlong,-1.0930993364756023,-1.0930993364756023,0.020132881418906345,0.5509269306833479,0.5509269306833479
1974-01-01,TBlong,-0.8147822727001109,-0.8147822727001109,-0.01841260990572271,0.6934285591531044,0.6934285591531044
1974-04-01,TBlong,-0.6776401296780215,-0.6776401296780215,0.18187992801988867,0.8982468727022074,0.8982468727022074
1974-07-01,TBlong,-0.5094531615941468,-0.5094531615941468,0.42481802895299303,1.0064686614026337,1.0064686614026337
1974-10-01,TBlong,-0.8845042746745889,-0.8845042746745889,0.046519602812938946,0.5819887528867186,0.5819887528867186
1975-01-01,TBlong,-1.453540513368589,-1.453540513368589,-0.30199491802436834,0.0988758952874401,0.0988758952874401
1975-04-01,TBlong,-1.1412964418362859,-1.1412964418362859,0.08406903016530874,0.28260569396429824,0.28260569396429824
1975-07-01,TBlong,-1.186160196047527,-1.186160196047527,0.0633299419990182,0.337959695122893,0.337959695122893
1975-10-01,TBlong,-1.343883840957481,-1.343883840957481,-0.11316975005441991,0.5922341925438477,0.5922341925438477
1976-01-01,TBlong,-1.4715439528182799,-1.4715439528182799,-0.3314904467131573,0.2415479049674232,0.2415479049674232
1976-04-01,TBlong,-1.1944601218300455,-1.1944601218300455,-0.15628808745330772,0.46290679295415527,0.46290679295415527
1976-07-01,TBlong,-1.3615847552265112,-1.3615847552265112,-0.34628301151855057,0.40694235855096994,0.40694235855096994
1976-10-01,TBlong,-1.6369284223030496,-1.6369284223030496,-0.8544006397431029,0.14997130233368383,0.14997130233368383
1977-01-01,TBlong,-1.6841763597637467,-1.6841763597637467,-0.7799032953141258,0.15133923528877907,0.15133923528877907
1977-04-01,TBlong,-1.5821731909448502,-1.5821731909448502,-0.7253863059911935,0.1132258325166217,0.1132258325166217
1977-07-01,TBlong,-1.7153116365903063,-1.7153116365903063,-1.0254594718034267,-0.34075468944505716,-0.34075468944505716
1977-10-01,TBlong,-1.6526452779969631,-1.6526452779969631,-0.7938720236909105,-0.2527115218190234,-0.2527115218190234
1978-01-01,TBlong,-1.4242835967710776,-1.4242835967710776,-0.579318355213737,0.24170624908984092,0.24170624908984092
1978-04-01,TBlong,-1.25745333990981,-1.25745333990981,-0.5729303218952455,0.18017416291437743,0.18017416291437743
1978-07-01,TBlong,-1.4177391037558142,-1.4177391037558142,-0.5756199624969371,-0.05958503211230771,-0.05958503211230771
1978-10-01,TBlong,-1.516468292673859,-1.516468292673859,-0.4622533845198709,-0.041360936877851605,-0.041360936877851605
1979-01-01,TBlong,-1.5591739761540149,-1.5591739761540149,-0.5739556940962841,-0.05939826491469646,-0.05939826491469646
1979-04-01,TBlong,-1.613571884546211,-1.613571884546211,-0.5994516362510036,-0.15966583708794635,-0.15966583708794635
1979-07-01,TBlong,-1.7080946491573743,-1.7080946491573743,-0.7199403386049581,-0.2317797043516427,-0.2317797043516427
1979-10-01,TBlong,-0.7240526679788883,-0.7240526679788883,0.21266859029291746,0.5983895491245709,0.5983895491245709
1980-01-01,TBlong,0.9648194074799951,0.9648194074799951,1.671474962621488,2.160446744412778,2.160446744412778
1980-04-01,TBlong,-0.30322305833638413,-0.30322305833638413,0.5328339855472569,1.0525584122076506,1.0525584122076506
1980-07-01,TBlong,-0.1163457463269412,-0.1163457463269412,0.9339562974169046,1.1959331994329188,1.1959331994329188
1980-10-01,TBlong,0.9104997007400973,0.9104997007400973,2.002667835878214,2.456511318581106,2.456511318581106
1981-01-01,TBlong,1.3094433572823685,1.3094433572823685,2.0379877340850054,2.8779300595580977,2.8779300595580977
1981-04-01,TBlong,2.174453892115448,2.174453892115448,2.7489297889607203,3.5141214371339053,3.5141214371339053
1981-07-01,TBlong,3.368553502480503,3.368553502480503,3.923904139350809,4.4205380267679715,4.4205380267679715
1981-10-01,TBlong,2.9632932492817714,2.9632932492817714,3.4011815374414978,4.124132372182203,4.124132372182203
1982-01-01,TBlong,3.254350916742854,3.254350916742854,3.7944267516456534,4.476230959428017,4.476230959428017
1982-04-01,TBlong,2.901221740059041,2.901221740059041,3.588040881489509,4.219531837457178,4.219531837457178
1982-07-01,TBlong,2.098998479311747,2.098998479311747,2.773285884429095,3.680960182861527,3.680960182861527
1982-10-01,TBlong,-0.13753749074294758,-0.13753749074294758,1.0418969465811263,1.7630498988917496,1.7630498988917496
1983-01-01,TBlong,0.18765989140296774,0.18765989140296774,0.9328128471096312,1.7638559693929317,1.7638559693929317
1983-04-01,TBlong,0.20149313113115175,0.20149313113115175,0.7740050814420417,1.5341476492875699,1.5341476492875699
1983-07-01,TBlong,1.3570717188456474,1.3570717188456474,1.844099464709679,2.319867555453226,2.319867555453226
1983-10-01,TBlong,1.6384746433997117,1.6384746433997117,1.7619424541309547,2.4281798227443874,2.4281798227443874
1984-01-01,TBlong,1.9444066412794705,1.9444066412794705,2.0456200116630128,2.820242291635581,2.820242291635581
1984-04-01,TBlong,3.250258772343121,3.250258772343121,3.390288641581009,4.0242059950665015,4.0242059950665015
1984-07-01,TBlong,3.0790170131469776,3.0790170131469776,3.2158630293636397,3.7822049398888726,3.7822049398888726
1984-10-01,TBlong,2.3517251709151843,2.3517251709151843,2.471434045891746,2.984533540652737,2.984533540652737
1985-01-01,TBlong,2.3503525714322344,2.3503525714322344,2.6855612304167287,3.216093848008007,3.216093848008007
1985-04-01,TBlong,1.726906172476966,1.726906172476966,2.064812756685935,2.657885069517625,2.657885069517625
1985-07-01,TBlong,1.1847866725193221,1.1847866725193221,1.782995287519681,2.212027645518814,2.212027645518814
1985-10-01,TBlong,0.8286092404898335,0.8286092404898335,1.2597830136247337,1.7396835430936317,1.7396835430936317
1986-01-01,TBlong,-0.533370500198357,-0.533370500198357,0.09769481572201665,0.8912225383540862,0.8912225383540862
1986-04-01,TBlong,-1.564330598575867,-1.564330598575867,-1.2131859626021275,-0.4275663854920785,-0.4275663854920785
1986-07-01,TBlong,-1.9288288299443266,-1.9288288299443266,-1.3869727752182535,-0.70963830709311,-0.70963830709311
1986-10-01,TBlong,-1.8222081094639933,-1.8222081094639933,-1.1361694066503607,-0.5097612224252756,-0.5097612224252756
1987-01-01,TBlong,-1.8491209335461434,-1.8491209335461434,-1.289572049584335,-0.7522257820631549,-0.7522257820631549
1987-04-01,TBlong,-0.6808160417061734,-0.6808160417061734,-0.15418646288683518,0.31221841268157297,0.31221841268157297
1987-07-01,TBlong,-0.38751880089791985,-0.38751880089791985,0.2742755264286599,0.860738551041696,0.860738551041696
1987-10-01,TBlong,-0.10944346982206617,-0.10944346982206617,0.5332088862960214,1.2531094399966056,1.2531094399966056
1988-01-01,TBlong,-0.772408827426956,-0.772408827426956,-0.048918478195702136,0.5183570430715218,0.5183570430715218
1988-04-01,TBlong,-0.3004377704756822,-0.3004377704756822,0.6084438493046883,0.9937238582204562,0.9937238582204562
1988-07-01,TBlong,-0.04691835850610519,-0.04691835850610519,1.0048587751916993,1.4805010669832221,1.4805010669832221
1988-10-01,TBlong,-0.32985773811194946,-0.32985773811194946,1.1068351944059234,1.5122341193570668,1.5122341193570668
1989-01-01,TBlong,-0.115460620549935,-0.115460620549935,1.0947361942068372,1.9275015459525446,1.9275015459525446
1989-04-01,TBlong,-0.14072021618990055,-0.14072021618990055,0.7751325189819886,1.6291965439371943,1.6291965439371943
1989-07-01,TBlong,-0.5539962085641501,-0.5539962085641501,0.15642236011464938,1.117328161162865,1.117328161162865
1989-10-01,TBlong,-0.5738880343108025,-0.5738880343108025,0.1991435379911963,0.9467709577240998,0.9467709577240998
1990-01-01,TBlong,0.13388780971679723,0.13388780971679723,0.6317117190094509,1.4136612963880393,1.4136612963880393
1990-04-01,TBlong,0.5141780999994682,0.5141780999994682,1.0127247722030956,1.6791462321288062,1.6791462321288062
1990-07-01,TBlong,0.7300090620352573,0.7300090620352573,1.1939656115029254,1.7886181356481134,1.7886181356481134
1990-10-01,TBlong,0.5804951985390785,0.5804951985390785,1.0802900208687134,1.648665953247582,1.648665953247582
1991-01-01,TBlong,0.20406706673814015,0.20406706673814015,0.7834470129471491,1.2729217628119405,1.2729217628119405
1991-04-01,TBlong,0.2935228874524283,0.2935228874524283,0.8857053782723465,1.1800437610499306,1.1800437610499306
1991-07-01,TBlong,0.3678884063974581,0.3678884063974581,0.7112105260636804,1.0223304137529436,1.0223304137529436
1991-10-01,TBlong,-0.06487082947077243,-0.06487082947077243,0.4514290128939035,0.7519010373318782,0.7519010373318782
1992-01-01,TBlong,0.09037655165323208,0.09037655165323208,0.38349731996990427,0.8776430944250673,0.8776430944250673
1992-04-01,TBlong,0.13862432133577363,0.13862432133577363,0.5766602716645789,0.8465754174425677,0.8465754174425677
1992-07-01,TBlong,-0.2261151060251584,-0.2261151060251584,0.020790003795752496,0.16189206278893897,0.16189206278893897
1992-10-01,TBlong,-0.0044968458186213965,-0.0044968458186213965,0.1632916777331278,0.25342954509156135,0.25342954509156135
1993-01-01,TBlong,-0.4326103914326355,-0.4326103914326355,-0.286261348690223,-0.15532819627499642,-0.15532819627499642
1993-04-01,TBlong,-0.704295587633656,-0.704295587633656,-0.5342703492835555,-0.4158439449483607,-0.4158439449483607
1993-07-01,TBlong,-1.1888349592733398,-1.1888349592733398,-0.7949694569768022,-0.6030884111213796,-0.6030884111213796
1993-10-01,TBlong,-0.7306008842076734,-0.7306008842076734,-0.5397960465707143,-0.4229478363294668,-0.4229478363294668
1994-01-01,TBlong,-0.359631699641606,-0.359631699641606,-0.1458350890052928,0.1210271000867177,0.1210271000867177
1994-04-01,TBlong,0.4206319707814561,0.4206319707814561,0.590217386019635,0.7518727032370948,0.7518727032370948
1994-07-01,TBlong,0.6384292327065567,0.6384292327065567,0.9960758724015102,1.1620589566543802,1.1620589566543802
1994-10-01,TBlong,1.2524132703306268,1.2524132703306268,1.280025296031109,1.572083941826068,1.572083941826068
1995-01-01,TBlong,0.9199469796413052,0.9199469796413052,1.142026730126461,1.2137101220174236,1.2137101220174236
1995-04-01,TBlong,0.24199100129959805,0.24199100129959805,0.38441640807506955,0.5913683242406291,0.5913683242406291
1995-07-01,TBlong,0.14702988848038964,0.14702988848038964,0.24070209197112516,0.3096148448614138,0.3096148448614138
1995-10-01,TBlong,-0.15241413800659426,-0.15241413800659426,-0.09441533892608615,0.08400035372708022,0.08400035372708022
1996-01-01,TBlong,0.05319468784372375,0.05319468784372375,0.11186962240355737,0.35460059470942545,0.35460059470942545
1996-04-01,TBlong,0.7891915995007898,0.7891915995007898,0.8138790586441224,0.9945835444198996,0.9945835444198996
1996-07-01,TBlong,0.6552899521003934,0.6552899521003934,0.9734993083309905,1.162531402420396,1.162531402420396
1996-10-01,TBlong,0.31230241615290943,0.31230241615290943,0.6215980821076293,0.7319676794063148,0.7319676794063148
1997-01-01,TBlong,0.3651779638367258,0.3651779638367258,0.8009095733489492,0.9050164875220205,0.9050164875220205
1997-04-01,TBlong,0.6077199221562039,0.6077199221562039,0.8281587795489758,1.0678947919747468,1.0678947919747468
1997-07-01,TBlong,0.22645458836242013,0.22645458836242013,0.5157459850360993,0.7569001480177396,0.7569001480177396
1997-10-01,TBlong,-0.2708003558274993,-0.2708003558274993,0.2268257690314307,0.4015720619758126,0.4015720619758126
1998-01-01,TBlong,-0.33650669084876766,-0.33650669084876766,0.10340387238372176,0.18648427660113803,0.18648427660113803
1998-04-01,TBlong,-0.34372813107083405,-0.34372813107083405,0.23444747838446334,0.44977656994881593,0.44977656994881593
1998-07-01,TBlong,-0.6969964724674103,-0.6969964724674103,0.06694051182425116,0.12230921308381672,0.12230921308381672
1998-10-01,TBlong,-0.7693721985663157,-0.7693721985663157,-0.1345702635010811,0.18972769155538569,0.18972769155538569
1999-01-01,TBlong,-0.27782370896136493,-0.27782370896136493,0.1575660541566007,0.2752231739955491,0.2752231739955491
1999-04-01,TBlong,0.09966106637415341,0.09966106637415341,0.6416618828476022,0.706206946636958,0.706206946636958
1999-07-01,TBlong,0.4639221746489877,0.4639221746489877,0.9660006457944185,1.0948342289458604,1.0948342289458604
1999-10-01,TBlong,0.6176422186493559,0.6176422186493559,1.0541629089926676,1.2322728588452105,1.2322728588452105
2000-01-01,TBlong,0.7134296974457364,0.7134296974457364,1.024276824862774,1.2058962203807964,1.2058962203807964
2000-04-01,TBlong,0.5667420588623858,0.5667420588623858,0.9855723062667775,1.2080789404660555,1.2080789404660555
2000-07-01,TBlong,0.3409795380167377,0.3409795380167377,0.8081397411071156,1.2370395861290722,1.2370395861290722
2000-10-01,TBlong,0.07987628915788392,0.07987628915788392,0.5724884328174344,0.9773915268427469,0.9773915268427469
2001-01-01,TBlong,0.008421872101367175,0.008421872101367175,0.2573051412170516,0.4997266327464021,0.4997266327464021
2001-04-01,TBlong,0.055542154819545754,0.055542154819545754,0.4493553923974416,1.0588854907577019,1.0588854907577019
2001-07-01,TBlong,-0.18478368602961776,-0.18478368602961776,0.36863065502184766,1.0113683917494456,1.0113683917494456
2001-10-01,TBlong,-0.3240020176961859,-0.3240020176961859,0.11978529235306941,0.8305982245178473,0.8305982245178473
2002-01-01,TBlong,-0.11799478972063221,-0.11799478972063221,0.41748037404559285,0.709533478594287,0.709533478594287
2002-04-01,TBlong,0.04495182233147483,0.04495182233147483,0.32128926857888385,0.8487609625457582,0.8487609625457582
2002-07-01,TBlong,-0.4342682054818893,-0.4342682054818893,-0.20073761989879946,0.28852152615503096,0.28852152615503096
2002-10-01,TBlong,-0.563717899812393,-0.563717899812393,-0.3039431484670886,0.09482038536628518,0.09482038536628518
2003-01-01,TBlong,-0.6590871341362525,-0.6590871341362525,-0.4267427654269946,-0.18443363100464175,-0.18443363100464175
2003-04-01,TBlong,-0.948335719712933,-0.948335719712933,-0.7527075547106006,-0.4432067656522009,-0.4432067656522009
2003-07-01,TBlong,-0.4992094717012492,-0.4992094717012492,-0.09596934729846492,0.05330114344915806,0.05330114344915806
2003-10-01,TBlong,-0.44021554815338315,-0.44021554815338315,-0.12104864162956468,0.28374512822513787,0.28374512822513787
2004-01-01,TBlong,-0.6625823180200194,-0.6625823180200194,-0.37050224583292257,-0.2221241753844508,-0.2221241753844508
2004-04-01,TBlong,-0.2726031395407734,-0.2726031395407734,0.11681628913700377,0.27964685375622184,0.27964685375622184
2004-07-01,TBlong,-0.4368722955684076,-0.4368722955684076,-0.004137488581691909,0.07849572571371605,0.07849572571371605
2004-10-01,TBlong,-0.7517706468745661,-0.7517706468745661,-0.40583496503087063,-0.1433809043925344,-0.1433809043925344
2005-01-01,TBlong,-0.9112202588419999,-0.9112202588419999,-0.6055341162951107,-0.2145730493442961,-0.2145730493442961
2005-04-01,TBlong,-1.0247079393652365,-1.0247079393652365,-0.7057733477002442,-0.4240705629818179,-0.4240705629818179
2005-07-01,TBlong,-1.0486991833044954,-1.0486991833044954,-0.6654209892947951,-0.4600598832923018,-0.4600598832923018
2005-10-01,TBlong,-0.9382101126138978,-0.9382101126138978,-0.5396716932666399,-0.19078728458014893,-0.19078728458014893
2006-01-01,TBlong,-1.1339012829467832,-1.1339012829467832,-0.43922819564098703,-0.19977655904473327,-0.19977655904473327
2006-04-01,TBlong,-0.6058883577381176,-0.6058883577381176,0.15187015692014624,0.29132416333789285,0.29132416333789285
2006-07-01,TBlong,-0.7312906948422818,-0.7312906948422818,-0.05877721481828414,0.20580366619156765,0.20580366619156765
2006-10-01,TBlong,-0.9125326106267883,-0.9125326106267883,-0.2594459553585365,-0.1485882248166013,-0.1485882248166013
2007-01-01,TBlong,-0.8052690990099879,-0.8052690990099879,-0.3296520348084424,-0.012346399724747117,-0.012346399724747117
2007-04-01,TBlong,-0.6959294221620106,-0.6959294221620106,0.011407384604102339,0.21641875758921292,0.21641875758921292
2007-07-01,TBlong,-0.9302113020738623,-0.9302113020738623,-0.17484473754217497,0.1060932934857307,0.1060932934857307
2007-10-01,TBlong,-1.038826103738786,-1.038826103738786,-0.48682736065899884,-0.23799460299132147,-0.23799460299132147
2008-01-01,TBlong,-0.9507241788450976,-0.9507241788450976,-0.7602424564044985,-0.43732932455927376,-0.43732932455927376
2008-04-01,TBlong,-0.8753301279939417,-0.8753301279939417,-0.5085993526929573,-0.17434051478709814,-0.17434051478709814
2008-07-01,TBlong,-0.726181665313498,-0.726181665313498,-0.4570996876114427,-0.09773818754127313,-0.09773818754127313
2008-10-01,TBlong,-1.3868856240732812,-1.3868856240732812,-0.9077606000867783,-0.7717390826212014,-0.7717390826212014
2009-01-01,TBlong,-1.7866030116245437,-1.7866030116245437,-1.4121990466649517,-1.0517920131204006,-1.0517920131204006
2009-04-01,TBlong,-1.2861018481381108,-1.2861018481381108,-0.9632872918191012,-0.6409075756447319,-0.6409075756447319
2009-07-01,TBlong,-0.9443916040165248,-0.9443916040165248,-0.9094893715939946,-0.26710934973178935,-0.26710934973178935
2009-10-01,TBlong,-0.948346547538682,-0.948346547538682,-0.7158142386908097,-0.309771717462512,-0.309771717462512
2010-01-01,TBlong,-0.7296814758284441,-0.7296814758284441,-0.4000119161984264,-0.1892155254283928,-0.1892155254283928
2010-04-01,TBlong,-0.8503994668425303,-0.8503994668425303,-0.7971543210757741,-0.23263134072850214,-0.23263134072850214
2010-07-01,TBlong,-1.3927466984720667,-1.3927466984720667,-1.241326291922592,-0.8510453798088583,-0.8510453798088583
2010-10-01,TBlong,-1.008626537791817,-1.008626537791817,-0.8499351943121243,-0.4763845468466474,-0.4763845468466474
2011-01-01,TBlong,-0.8754269114824292,-0.8754269114824292,-0.39576712991031265,-0.006896604183469343,-0.006896604183469343
2011-04-01,TBlong,-0.8175222386717979,-0.8175222386717979,-0.7506159759531373,-0.3032975313901116,-0.3032975313901116
2011-07-01,TBlong,-1.7638607041728434,-1.7638607041728434,-1.6355211216448826,-1.0238447947179417,-1.0238447947179417
2011-10-01,TBlong,-2.342007708071477,-2.342007708071477,-2.1716030476837784,-1.479650103263168,-1.479650103263168
2012-01-01,TBlong,-2.216440302397675,-2.216440302397675,-2.0451556171104075,-1.4739846108517722,-1.4739846108517722
2012-04-01,TBlong,-2.519025939819563,-2.519025939819563,-2.4322518376375784,-1.8754532464699967,-1.8754532464699967
2012-07-01,TBlong,-2.5757054506499415,-2.5757054506499415,-2.52695122947147,-2.0042009273932946,-2.0042009273932946
2012-10-01,TBlong,-2.4627119001854245,-2.4627119001854245,-2.3824121639961997,-1.7103286677161584,-1.7103286677161584
2013-01-01,TBlong,-2.1832720147119655,-2.1832720147119655,-2.0710864909639914,-1.438257938405243,-1.438257938405243
2013-04-01,TBlong,-2.205262973391215,-2.205262973391215,-2.0001417602564135,-1.40571437083527,-1.40571437083527
2013-07-01,TBlong,-1.2809961984181275,-1.2809961984181275,-1.2258738716258462,-0.629934634335339,-0.629934634335339
2013-10-01,TBlong,-1.304007491425687,-1.304007491425687,-1.0141536814965961,-0.47244006422138074,-0.47244006422138074
2014-01-01,TBlong,-1.4120293648725522,-1.4120293648725522,-1.119634462497803,-0.5182270417586093,-0.5182270417586093
2014-04-01,TBlong,-1.7490325226442582,-1.7490325226442582,-1.3269629949292745,-0.6729662014682597,-0.6729662014682597
2014-07-01,TBlong,-1.902944739494376,-1.902944739494376,-1.7225203494142274,-0.8160414859059285,-0.8160414859059285
2014-10-01,TBlong,-2.1750429522928525,-2.1750429522928525,-2.052070427523146,-1.0795447857922418,-1.0795447857922418
2015-01-01,TBlong,-2.66620383126792,-2.66620383126792,-2.3815550850418217,-1.5545559316591049,-1.5545559316591049
2015-04-01,TBlong,-2.187485829471877,-2.187485829471877,-2.0338082178604013,-1.2781230834746686,-1.2781230834746686
2015-07-01,TBlong,-2.167722248640312,-2.167722248640312,-1.8278085021300374,-1.2036206634315945,-1.2036206634315945
2015-10-01,TBlong,-2.2671062077625797,-2.2671062077625797,-1.8317772529044818,-1.2569574682691342,-1.2569574682691342
2016-01-01,TBlong,-2.4633425720878317,-2.4633425720878317,-1.8483057150367308,-1.3097380180372777,-1.3097380180372777
2016-04-01,TBlong,-2.5451177076889553,-2.5451177076889553,-2.112077214581871,-1.5641942988121074,-1.5641942988121074
2016-07-01,TBlong,-2.755917843198773,-2.755917843198773,-2.3187870501493197,-1.773206802215857,-1.773206802215857
2016-10-01,TBlong,-2.0667977199349767,-2.0667977199349767,-1.6049238627305968,-1.196512027037563,-1.196512027037563
2017-01-01,TBlong,-1.8279737329875059,-1.8279737329875059,-1.173131593916478,-0.8149080426280377,-0.8149080426280377
2017-04-01,TBlong,-1.9154895686097269,-1.9154895686097269,-1.1290642980251033,-0.8793028353384604,-0.8793028353384604
2017-07-01,TBlong,-1.9396971546760022,-1.9396971546760022,-1.0688098991531383,-0.8787667311101843,-0.8787667311101843
2017-10-01,TBlong,-1.7344932541864333,-1.7344932541864333,-0.7945778770104353,-0.7759020546297952,-0.7759020546297952
2018-01-01,TBlong,-1.602996585641981,-1.602996585641981,-0.5013007604622202,-0.23271791036543785,-0.23271791036543785
2018-04-01,TBlong,-1.615855874885955,-1.615855874885955,-0.5132253911226246,-0.21759053672758502,-0.21759053672758502
2018-07-01,TBlong,-1.6215146489679606,-1.6215146489679606,-0.5486381101898281,-0.20674705839905358,-0.20674705839905358
2018-10-01,TBlong,-1.6291339029872844,-1.6291339029872844,-0.535302048797647,-0.2703428363053641,-0.2703428363053641
2019-01-01,TBlong,-1.9227961962184192,-1.9227961962184192,-0.7507178766636674,-0.5118910119141732,-0.5118910119141732
2019-04-01,TBlong,-2.172419860901034,-2.172419860901034,-1.1312731158682905,-0.6972749969218671,-0.6972749969218671
2019-07-01,TBlong,-2.5906661635003583,-2.5906661635003583,-1.5671171794143504,-1.2769454778074316,-1.2769454778074316
2019-10-01,TBlong,-2.5345133000246096,-2.5345133000246096,-1.413220208201453,-1.2771578789115916,-1.2771578789115916
2020-01-01,TBlong,-2.851613141324214,-2.851613141324214,-1.944787023533207,-1.712668950853087,-1.712668950853087
2020-04-01,TBlong,-3.3137957035569565,-3.3137957035569565,-2.6441405756819885,-2.223652510740624,-2.223652510740624
2020-07-01,TBlong,-3.577369563780568,-3.577369563780568,-2.474022602612217,-2.1136587217933713,-2.1136587217933713
2020-10-01,TBlong,-3.586909838819161,-3.586909838819161,-2.4752076351361336,-1.8964381075776238,-1.8964381075776238
2021-01-01,TBlong,-3.0411401110846836,-3.0411401110846836,-1.6834802208356765,-1.3929036931572922,-1.3929036931572922
2021-04-01,TBlong,-2.9919064957129646,-2.9919064957129646,-1.4789246894908459,-1.056692041050077,-1.056692041050077
2021-07-01,TBlong,-3.235897717363552,-3.235897717363552,-1.8318877559449303,-1.5056740037960548,-1.5056740037960548
2021-10-01,TBlong,-3.0639911877428974,-3.0639911877428974,-1.699091795583345,-1.4586271700814881,-1.4586271700814881
2022-01-01,TBlong,-2.5074012819145177,-2.5074012819145177,-1.2216595616249686,-0.8706927398418012,-0.8706927398418012
2022-04-01,TBlong,-1.5825738403140261,-1.5825738403140261,-0.3229529955047551,-0.00896553985955437,-0.00896553985955437
2022-07-01,TBlong,-1.314429079749428,-1.314429079749428,-0.19001673896269458,0.30008533971466234,0.30008533971466234
2022-10-01,TBlong,-0.5251224774772685,-0.5251224774772685,0.2972895896629407,0.9277385487703733,0.9277385487703733
2023-01-01,TBlong,-0.6587477998958268,-0.6587477998958268,0.12258040393059833,0.8172315835114616,0.8172315835114616
2023-04-01,TBlong,-0.45251418862410997,-0.45251418862410997,0.15738745279278443,0.779739059501969,0.779739059501969
2023-07-01,TBlong,-0.2328646783980388,-0.2328646783980388,0.6916426432267366,1.1576766636024705,1.1576766636024705
2023-10-01,TBlong,0.1831937225625241,0.1831937225625241,0.9348041066921593,1.5053291318984097,1.5053291318984097
2024-01-01,TBlong,-0.1262966189502649,-0.1262966189502649,0.5926347935546109,1.3142212492864938,1.3142212492864938
2024-04-01,TBlong,0.16131538306042548,0.16131538306042548,0.8470806114700393,1.4726221893065745,1.4726221893065745
2024-07-01,TBlong,-0.4162094545443433,-0.4162094545443433,0.4366600927950476,0.9752904395070181,0.9752904395070181
2024-10-01,TBlong,-0.2790742268394567,-0.2790742268394567,0.5069824532944605,1.5193941482939681,1.5193941482939681
2025-01-01,TBlong,-0.09380364853420435,-0.09380364853420435,0.7809997039926307,1.642292695041821,1.642292695041821
2025-04-01,TBlong,-0.11391212442216736,-0.11391212442216736,0.8624097920717476,1.694328705758796,1.694328705758796
