Date,Series,p2_5,p16,p50,p84,p97_5
1960-01-01,Pi_bar,1.2559386435905668,1.2559386435905668,1.7073081499046103,2.518839401107392,2.518839401107392
1960-04-01,Pi_bar,1.3392642868251512,1.3392642868251512,1.6220285458011936,2.504627253585605,2.504627253585605
1960-07-01,Pi_bar,1.430516685914262,1.430516685914262,1.6438084578285925,2.629054876472869,2.629054876472869
1960-10-01,Pi_bar,1.484260355505043,1.484260355505043,1.656551821708292,2.4925326015983678,2.4925326015983678
1961-01-01,Pi_bar,1.5990787968751614,1.5990787968751614,1.6501318640490614,2.603243037777541,2.603243037777541
1961-04-01,Pi_bar,1.3969647675217747,1.3969647675217747,1.8145105837583437,2.5633326562926846,2.5633326562926846
1961-07-01,Pi_bar,1.50772370761563,1.50772370761563,1.721759663481992,2.523097527986283,2.523097527986283
1961-10-01,Pi_bar,1.6275540884343962,1.6275540884343962,1.818845743855961,2.4916489244139157,2.4916489244139157
1962-01-01,Pi_bar,1.594832986002239,1.594832986002239,1.9032587554164926,2.5251573937847693,2.5251573937847693
1962-04-01,Pi_bar,1.2219183145865489,1.2219183145865489,1.963489299851268,2.2644135598161865,2.2644135598161865
1962-07-01,Pi_bar,1.1290739008538424,1.1290739008538424,2.084562220820608,2.25856116615594,2.25856116615594
1962-10-01,Pi_bar,1.0830731603301356,1.0830731603301356,2.063849261931876,2.2293547070482753,2.2293547070482753
1963-01-01,Pi_bar,1.0447806353219473,1.0447806353219473,2.08793559224691,2.3878799714576755,2.3878799714576755
1963-04-01,Pi_bar,1.3433421862863575,1.3433421862863575,1.9947670616149258,2.357845313606713,2.357845313606713
1963-07-01,Pi_bar,1.2167878145942113,1.2167878145942113,1.9659398310695377,2.4518733182780585,2.4518733182780585
1963-10-01,Pi_bar,1.2340451278659295,1.2340451278659295,1.9004205912022862,2.3787165056287987,2.3787165056287987
1964-01-01,Pi_bar,1.1185169136292792,1.1185169136292792,1.9589162080124192,2.2574841286735183,2.2574841286735183
1964-04-01,Pi_bar,1.2103963889632965,1.2103963889632965,2.1502770932852173,2.3549246597750857,2.3549246597750857
1964-07-01,Pi_bar,1.3121396268103105,1.3121396268103105,2.2568117854596212,2.338065866492389,2.338065866492389
1964-10-01,Pi_bar,1.2465881153766223,1.2465881153766223,2.2753996629736286,2.442209146275496,2.442209146275496
1965-01-01,Pi_bar,1.2169131664680755,1.2169131664680755,2.16102261584065,2.4308556953438463,2.4308556953438463
1965-04-01,Pi_bar,1.1567092631122942,1.1567092631122942,2.3480740388751955,2.399309563296953,2.399309563296953
1965-07-01,Pi_bar,1.1445235320072336,1.1445235320072336,2.2827052744133773,2.491084384991593,2.491084384991593
1965-10-01,Pi_bar,1.1848818277502597,1.1848818277502597,2.2230232696005157,2.4083466828340243,2.4083466828340243
1966-01-01,Pi_bar,1.230788746083618,1.230788746083618,2.1829370035026665,2.425375520474028,2.425375520474028
1966-04-01,Pi_bar,1.2170018549697832,1.2170018549697832,2.2062153834148,2.486120851854606,2.486120851854606
1966-07-01,Pi_bar,1.326662174879368,1.326662174879368,2.2942357721550954,2.3759681035238343,2.3759681035238343
1966-10-01,Pi_bar,1.3097457973939934,1.3097457973939934,2.2981881308698178,2.4309468199909885,2.4309468199909885
1967-01-01,Pi_bar,1.445808405458199,1.445808405458199,2.310183791452543,2.441466884849367,2.441466884849367
1967-04-01,Pi_bar,1.423032139676983,1.423032139676983,2.484770960255855,2.6703131786603906,2.6703131786603906
1967-07-01,Pi_bar,1.3433329564599295,1.3433329564599295,2.3641010326758525,2.9381408788402297,2.9381408788402297
1967-10-01,Pi_bar,1.4187937451158878,1.4187937451158878,2.4540868487094607,2.9773069218983985,2.9773069218983985
1968-01-01,Pi_bar,1.5126763035583841,1.5126763035583841,2.420398817807594,3.079405418000001,3.079405418000001
1968-04-01,Pi_bar,1.7610421338228064,1.7610421338228064,2.568909215347065,3.0674119358305445,3.0674119358305445
1968-07-01,Pi_bar,2.116647654827996,2.116647654827996,2.5630271710033425,3.131433524485733,3.131433524485733
1968-10-01,Pi_bar,2.198055202782595,2.198055202782595,2.6178044651932786,3.2391670707198785,3.2391670707198785
1969-01-01,Pi_bar,2.25982592679026,2.25982592679026,2.6814692250526746,3.2262614662520677,3.2262614662520677
1969-04-01,Pi_bar,2.487111888373046,2.487111888373046,2.7734715665221548,3.1179579465149216,3.1179579465149216
1969-07-01,Pi_bar,2.6068557575966125,2.6068557575966125,2.672602836324063,3.0974449643479662,3.0974449643479662
1969-10-01,Pi_bar,2.6575462617056935,2.6575462617056935,2.793225333985049,3.130259197109805,3.130259197109805
1970-01-01,Pi_bar,2.6675873794377223,2.6675873794377223,2.8264296984858523,3.2365640075997915,3.2365640075997915
1970-04-01,Pi_bar,2.778502380304142,2.778502380304142,2.9211959744120284,3.2128371373371833,3.2128371373371833
1970-07-01,Pi_bar,2.772144597756778,2.772144597756778,2.846910627859167,3.183285699687402,3.183285699687402
1970-10-01,Pi_bar,2.788847158720383,2.788847158720383,3.0326425576237193,3.1193320146782195,3.1193320146782195
1971-01-01,Pi_bar,2.8914384764815924,2.8914384764815924,3.1139294064854686,3.1965182908259018,3.1965182908259018
1971-04-01,Pi_bar,3.0429496541815033,3.0429496541815033,3.0755301025394552,3.2488065447073677,3.2488065447073677
1971-07-01,Pi_bar,3.120666017469505,3.120666017469505,3.153514853443246,3.316599220790516,3.316599220790516
1971-10-01,Pi_bar,3.2801240141812382,3.2801240141812382,3.3759272327925225,3.5512201533424794,3.5512201533424794
1972-01-01,Pi_bar,3.313516905345625,3.313516905345625,3.47909887545049,3.6388384309861195,3.6388384309861195
1972-04-01,Pi_bar,3.578310660809643,3.578310660809643,3.640633835671598,3.743797247800367,3.743797247800367
1972-07-01,Pi_bar,3.5160196558479777,3.5160196558479777,3.6833953157297,3.7747428152007494,3.7747428152007494
1972-10-01,Pi_bar,3.6461342882603605,3.6461342882603605,3.7873427884551,3.91546174356944,3.91546174356944
1973-01-01,Pi_bar,3.7662501794575762,3.7662501794575762,3.9110405744174734,3.9481611269017844,3.9481611269017844
1973-04-01,Pi_bar,3.7293999921120404,3.7293999921120404,3.845387046440995,3.9694620201898125,3.9694620201898125
1973-07-01,Pi_bar,3.8067428764512816,3.8067428764512816,3.8831266191746323,3.990282480158494,3.990282480158494
1973-10-01,Pi_bar,3.840713400172221,3.840713400172221,3.8835131424486407,3.9867626072798927,3.9867626072798927
1974-01-01,Pi_bar,3.9940692701358986,3.9940692701358986,4.089390941239992,4.131631224428298,4.131631224428298
1974-04-01,Pi_bar,4.1924023447608825,4.1924023447608825,4.429947255074649,4.500318286098549,4.500318286098549
1974-07-01,Pi_bar,4.350454964554484,4.350454964554484,4.643282554526311,4.7387900259751845,4.7387900259751845
1974-10-01,Pi_bar,4.375002750543147,4.375002750543147,4.690378146471727,4.769644864272418,4.769644864272418
1975-01-01,Pi_bar,4.576998879259034,4.576998879259034,4.720266902658245,4.82143830089299,4.82143830089299
1975-04-01,Pi_bar,4.65207062527094,4.65207062527094,4.786312124835318,4.952694013261551,4.952694013261551
1975-07-01,Pi_bar,4.709384362885918,4.709384362885918,4.842889459464265,5.059737324352355,5.059737324352355
1975-10-01,Pi_bar,4.681925782736516,4.681925782736516,4.919045006263339,4.987144625112066,4.987144625112066
1976-01-01,Pi_bar,4.707036996448832,4.707036996448832,4.726102926840343,4.996006502474048,4.996006502474048
1976-04-01,Pi_bar,4.503103084957326,4.503103084957326,4.566030833390423,4.659720858818273,4.659720858818273
1976-07-01,Pi_bar,4.475006977599325,4.475006977599325,4.564926215062115,4.582673442515578,4.582673442515578
1976-10-01,Pi_bar,4.407277876872179,4.407277876872179,4.493554190470718,4.56549763958021,4.56549763958021
1977-01-01,Pi_bar,4.542198352783791,4.542198352783791,4.583715075677446,4.617611557213791,4.617611557213791
1977-04-01,Pi_bar,4.54620892115775,4.54620892115775,4.638921594980083,4.686850914370362,4.686850914370362
1977-07-01,Pi_bar,4.683742554913027,4.683742554913027,4.7379037707498695,4.785693280299409,4.785693280299409
1977-10-01,Pi_bar,4.638953579620664,4.638953579620664,4.820952597128863,4.857233597898261,4.857233597898261
1978-01-01,Pi_bar,4.942436382051546,4.942436382051546,5.057327336223464,5.269445436963723,5.269445436963723
1978-04-01,Pi_bar,5.1350270425500115,5.1350270425500115,5.289041673326222,5.342991491014981,5.342991491014981
1978-07-01,Pi_bar,5.314011807185948,5.314011807185948,5.407370268078784,5.418279462207394,5.418279462207394
1978-10-01,Pi_bar,5.4603724374749305,5.4603724374749305,5.65278077905178,5.670919714955336,5.670919714955336
1979-01-01,Pi_bar,5.757101146210274,5.757101146210274,5.922041588528429,5.962736458929899,5.962736458929899
1979-04-01,Pi_bar,5.860698209203189,5.860698209203189,5.985585127297079,6.138894865058026,6.138894865058026
1979-07-01,Pi_bar,6.157890660890353,6.157890660890353,6.290375622193946,6.348365897594378,6.348365897594378
1979-10-01,Pi_bar,6.265384771674567,6.265384771674567,6.364355802527324,6.512290083840996,6.512290083840996
1980-01-01,Pi_bar,6.261323114177735,6.261323114177735,6.463001579619802,6.611256257642378,6.611256257642378
1980-04-01,Pi_bar,6.300670943197177,6.300670943197177,6.375448231956448,6.5326452905924794,6.5326452905924794
1980-07-01,Pi_bar,6.340533957365899,6.340533957365899,6.421559484551141,6.604998105066492,6.604998105066492
1980-10-01,Pi_bar,6.455711693580798,6.455711693580798,6.759021169101651,6.825715438921932,6.825715438921932
1981-01-01,Pi_bar,6.823134357258931,6.823134357258931,6.888129362593694,6.974410426662248,6.974410426662248
1981-04-01,Pi_bar,6.761880754948731,6.761880754948731,6.882595834353981,6.9156272250650765,6.9156272250650765
1981-07-01,Pi_bar,6.760375890979007,6.760375890979007,6.890534429198741,6.904104848463378,6.904104848463378
1981-10-01,Pi_bar,6.662533125169626,6.662533125169626,6.78493130734687,6.918305425162542,6.918305425162542
1982-01-01,Pi_bar,6.5163696707869,6.5163696707869,6.725333158178587,6.742476189468727,6.742476189468727
1982-04-01,Pi_bar,6.288986001629892,6.288986001629892,6.40780025206301,6.51681407455285,6.51681407455285
1982-07-01,Pi_bar,6.210708357884859,6.210708357884859,6.388828435150736,6.543048222890188,6.543048222890188
1982-10-01,Pi_bar,6.193618899482864,6.193618899482864,6.231066771229523,6.276553997701262,6.276553997701262
1983-01-01,Pi_bar,5.9983456325161315,5.9983456325161315,6.108818650690603,6.294900666281947,6.294900666281947
1983-04-01,Pi_bar,5.977306402512952,5.977306402512952,6.0550516034685105,6.344141577610628,6.344141577610628
1983-07-01,Pi_bar,6.010815540370162,6.010815540370162,6.076482108546919,6.302618626104772,6.302618626104772
1983-10-01,Pi_bar,5.880128945211265,5.880128945211265,6.0281688449262,6.3303081531247685,6.3303081531247685
1984-01-01,Pi_bar,5.805226244689686,5.805226244689686,5.95715939207028,6.263638393432282,6.263638393432282
1984-04-01,Pi_bar,5.747353470170196,5.747353470170196,5.814437519295734,6.003372324577505,6.003372324577505
1984-07-01,Pi_bar,5.515245684067001,5.515245684067001,5.551765393250103,5.825757155103182,5.825757155103182
1984-10-01,Pi_bar,5.188358777833907,5.188358777833907,5.231954692831114,5.5089901981281715,5.5089901981281715
1985-01-01,Pi_bar,4.982026381243518,4.982026381243518,5.213284036905158,5.285503742821289,5.285503742821289
1985-04-01,Pi_bar,4.948409269169959,4.948409269169959,5.160386531529376,5.2322125645176225,5.2322125645176225
1985-07-01,Pi_bar,5.097245510449776,5.097245510449776,5.175621201320231,5.3852142020366705,5.3852142020366705
1985-10-01,Pi_bar,5.107404622770459,5.107404622770459,5.1144379930020225,5.370084563883668,5.370084563883668
1986-01-01,Pi_bar,4.987794301005187,4.987794301005187,5.118845185824118,5.297035870830605,5.297035870830605
1986-04-01,Pi_bar,4.8714306725749505,4.8714306725749505,5.053384370796026,5.176073154822645,5.176073154822645
1986-07-01,Pi_bar,4.879862256488539,4.879862256488539,4.953867565772001,5.239192075997858,5.239192075997858
1986-10-01,Pi_bar,4.955020434051348,4.955020434051348,4.974268951102865,5.0815070674737965,5.0815070674737965
1987-01-01,Pi_bar,4.877894337067345,4.877894337067345,4.946582534560471,5.007182753013357,5.007182753013357
1987-04-01,Pi_bar,4.786230581972125,4.786230581972125,5.008065679113727,5.0802844307000985,5.0802844307000985
1987-07-01,Pi_bar,4.714077098239749,4.714077098239749,4.915396259408496,4.985548107316823,4.985548107316823
1987-10-01,Pi_bar,4.626332960017095,4.626332960017095,4.715959678265021,4.872252107159392,4.872252107159392
1988-01-01,Pi_bar,4.612595168913935,4.612595168913935,4.6799335307724705,4.766232101111652,4.766232101111652
1988-04-01,Pi_bar,4.4776439630146365,4.4776439630146365,4.585683199648472,4.695144921685324,4.695144921685324
1988-07-01,Pi_bar,4.356297752153483,4.356297752153483,4.421535232763529,4.628365602674311,4.628365602674311
1988-10-01,Pi_bar,4.233665849390429,4.233665849390429,4.255093156346876,4.452031659946352,4.452031659946352
1989-01-01,Pi_bar,4.103298664280374,4.103298664280374,4.159152461341597,4.4033273983134515,4.4033273983134515
1989-04-01,Pi_bar,3.99548215059299,3.99548215059299,4.095667524870422,4.2822748547139575,4.2822748547139575
1989-07-01,Pi_bar,3.8755228024595514,3.8755228024595514,3.9548995999024066,4.065527612667258,4.065527612667258
1989-10-01,Pi_bar,3.664915153730037,3.664915153730037,3.862386096905501,3.9331715191879346,3.9331715191879346
1990-01-01,Pi_bar,3.677736708294574,3.677736708294574,3.7551266445135414,3.8232800373267826,3.8232800373267826
1990-04-01,Pi_bar,3.736144625211062,3.736144625211062,3.773012223631922,3.861676129693306,3.861676129693306
1990-07-01,Pi_bar,3.721105392646673,3.721105392646673,3.7634996500358655,3.838443202554377,3.838443202554377
1990-10-01,Pi_bar,3.6662640858003086,3.6662640858003086,3.680759006084821,3.7863709645825514,3.7863709645825514
1991-01-01,Pi_bar,3.564850544556882,3.564850544556882,3.6375079499755705,3.7963107767776934,3.7963107767776934
1991-04-01,Pi_bar,3.6979934553987275,3.6979934553987275,3.787037597542601,3.8486773619714323,3.8486773619714323
1991-07-01,Pi_bar,3.504496728487003,3.504496728487003,3.6599675069895956,3.7218073056916774,3.7218073056916774
1991-10-01,Pi_bar,3.4126341719966544,3.4126341719966544,3.511236291885008,3.642369386708931,3.642369386708931
1992-01-01,Pi_bar,3.3645667915631083,3.3645667915631083,3.3718261181097016,3.5363177794212546,3.5363177794212546
1992-04-01,Pi_bar,3.3555696461576163,3.3555696461576163,3.4138929368631854,3.5098169569032134,3.5098169569032134
1992-07-01,Pi_bar,3.1539385624290417,3.1539385624290417,3.249083473477643,3.4017434685495243,3.4017434685495243
1992-10-01,Pi_bar,3.14492971211211,3.14492971211211,3.251839245933738,3.27153809656301,3.27153809656301
1993-01-01,Pi_bar,3.0136430266020544,3.0136430266020544,3.151185316408101,3.186194024699125,3.186194024699125
1993-04-01,Pi_bar,3.1178383776769074,3.1178383776769074,3.144455703646079,3.2241990122884276,3.2241990122884276
1993-07-01,Pi_bar,2.9939312920547407,2.9939312920547407,3.046053986568464,3.2005145534457857,3.2005145534457857
1993-10-01,Pi_bar,2.9300336729980914,2.9300336729980914,3.0547222226348447,3.2010977415937694,3.2010977415937694
1994-01-01,Pi_bar,2.99677167824335,2.99677167824335,3.0191824183818987,3.0361261862493354,3.0361261862493354
1994-04-01,Pi_bar,2.9745003952151094,2.9745003952151094,3.0466994021391725,3.1241160630914804,3.1241160630914804
1994-07-01,Pi_bar,2.9199135376673873,2.9199135376673873,3.0051119247768825,3.1124609180357004,3.1124609180357004
1994-10-01,Pi_bar,2.935634750510374,2.935634750510374,3.0464911198951077,3.0829910159043017,3.0829910159043017
1995-01-01,Pi_bar,2.8181070248153275,2.8181070248153275,2.9175242886792114,3.0496552445356557,3.0496552445356557
1995-04-01,Pi_bar,2.822097901770846,2.822097901770846,2.8839691451467813,2.940150139973068,2.940150139973068
1995-07-01,Pi_bar,2.7337518231724443,2.7337518231724443,2.782814957190109,2.8832992910834845,2.8832992910834845
1995-10-01,Pi_bar,2.55993361175553,2.55993361175553,2.653466548733675,2.7500489094134903,2.7500489094134903
1996-01-01,Pi_bar,2.5492464761819265,2.5492464761819265,2.6369773599632764,2.7010502384615718,2.7010502384615718
1996-04-01,Pi_bar,2.3233894045767456,2.3233894045767456,2.5338408951057514,2.6290023013561052,2.6290023013561052
1996-07-01,Pi_bar,2.3768242294834128,2.3768242294834128,2.563291883450183,2.6365293022040355,2.6365293022040355
1996-10-01,Pi_bar,2.401623511799781,2.401623511799781,2.517726352440693,2.5396119493345433,2.5396119493345433
1997-01-01,Pi_bar,2.471966750241801,2.471966750241801,2.4820571387871664,2.5770550728094004,2.5770550728094004
1997-04-01,Pi_bar,2.3039186923215453,2.3039186923215453,2.453409014265843,2.5252364716260876,2.5252364716260876
1997-07-01,Pi_bar,2.2525963973845107,2.2525963973845107,2.3718843060186945,2.4395707480273705,2.4395707480273705
1997-10-01,Pi_bar,2.2150598825997845,2.2150598825997845,2.2420294658166537,2.3295572325638165,2.3295572325638165
1998-01-01,Pi_bar,2.1082019614400265,2.1082019614400265,2.2307265247804207,2.304332682598676,2.304332682598676
1998-04-01,Pi_bar,2.0466850589468235,2.0466850589468235,2.1511954529500787,2.31761872932495,2.31761872932495
1998-07-01,Pi_bar,2.036464848528399,2.036464848528399,2.055649117616659,2.134165911740615,2.134165911740615
1998-10-01,Pi_bar,1.918235695163896,1.918235695163896,2.011623736467958,2.0897487610023835,2.0897487610023835
1999-01-01,Pi_bar,1.749417296258045,1.749417296258045,1.9482428805057435,1.9844086737063777,1.9844086737063777
1999-04-01,Pi_bar,1.8376144640535566,1.8376144640535566,1.9746578205976346,1.9992840728661287,1.9992840728661287
1999-07-01,Pi_bar,1.9186490823574993,1.9186490823574993,2.029022845021246,2.0994672393084572,2.0994672393084572
1999-10-01,Pi_bar,1.9192058533165897,1.9192058533165897,2.0353717960069733,2.1251973050742308,2.1251973050742308
2000-01-01,Pi_bar,1.9764900387561342,1.9764900387561342,2.033782314444203,2.083412714391759,2.083412714391759
2000-04-01,Pi_bar,1.875911104614819,1.875911104614819,1.980803223340894,2.1134249074862357,2.1134249074862357
2000-07-01,Pi_bar,1.8919874746793233,1.8919874746793233,1.9547741439103052,2.020540126143188,2.020540126143188
2000-10-01,Pi_bar,1.8078483293584962,1.8078483293584962,1.941293954909999,2.0750600452677816,2.0750600452677816
2001-01-01,Pi_bar,1.8266254166083655,1.8266254166083655,2.0041814262961792,2.1332251236330215,2.1332251236330215
2001-04-01,Pi_bar,1.9145753496217444,1.9145753496217444,2.010400397001604,2.1539981569292865,2.1539981569292865
2001-07-01,Pi_bar,1.866719955220939,1.866719955220939,2.050503742810279,2.235596735035021,2.235596735035021
2001-10-01,Pi_bar,1.9981755393331178,1.9981755393331178,2.0617210175174847,2.3297261803435587,2.3297261803435587
2002-01-01,Pi_bar,2.04187785652443,2.04187785652443,2.1057420329742267,2.180840113064409,2.180840113064409
2002-04-01,Pi_bar,2.04290566497866,2.04290566497866,2.0664566810343183,2.188568246164518,2.188568246164518
2002-07-01,Pi_bar,1.980474011273639,1.980474011273639,2.0859969797883946,2.1472498926047674,2.1472498926047674
2002-10-01,Pi_bar,1.9406844370706968,1.9406844370706968,2.0527478035435878,2.1892765813747914,2.1892765813747914
2003-01-01,Pi_bar,1.9856249969437896,1.9856249969437896,2.022280645953874,2.2149207250548675,2.2149207250548675
2003-04-01,Pi_bar,1.8832212830038644,1.8832212830038644,2.0712061511191,2.270975611065885,2.270975611065885
2003-07-01,Pi_bar,1.8281986502247822,1.8281986502247822,2.0498685839614312,2.1983464761487075,2.1983464761487075
2003-10-01,Pi_bar,2.0166753368790387,2.0166753368790387,2.0556088548214015,2.090985207103684,2.090985207103684
2004-01-01,Pi_bar,2.020936022993701,2.020936022993701,2.1292497450806134,2.192258262913306,2.192258262913306
2004-04-01,Pi_bar,2.076010235176021,2.076010235176021,2.18632247302489,2.2064068973955737,2.2064068973955737
2004-07-01,Pi_bar,2.0609389473360222,2.0609389473360222,2.1027515008294477,2.2233146232629797,2.2233146232629797
2004-10-01,Pi_bar,1.9058213378902185,1.9058213378902185,1.969066651960116,2.217925982100474,2.217925982100474
2005-01-01,Pi_bar,1.892481729746203,1.892481729746203,1.9324091242882486,2.056054478519349,2.056054478519349
2005-04-01,Pi_bar,1.8363032268690482,1.8363032268690482,1.9813098850165982,2.057640080435686,2.057640080435686
2005-07-01,Pi_bar,1.8246551490325018,1.8246551490325018,1.9970661310067004,2.0101258050387467,2.0101258050387467
2005-10-01,Pi_bar,1.926783359199921,1.926783359199921,1.952945721218989,2.0273946644296332,2.0273946644296332
2006-01-01,Pi_bar,1.8494522910129603,1.8494522910129603,1.9570702472095798,2.0887856061145187,2.0887856061145187
2006-04-01,Pi_bar,1.945765551411429,1.945765551411429,2.022829791215935,2.1139182767714346,2.1139182767714346
2006-07-01,Pi_bar,1.9155588945184425,1.9155588945184425,2.0184279496735207,2.065757087629559,2.065757087629559
2006-10-01,Pi_bar,1.8563519013064216,1.8563519013064216,1.930499328011053,2.0957912976111115,2.0957912976111115
2007-01-01,Pi_bar,1.8743570169583503,1.8743570169583503,1.940334375264053,2.0843770797950554,2.0843770797950554
2007-04-01,Pi_bar,1.8825404099154717,1.8825404099154717,1.9708180977104601,2.1859825167794615,2.1859825167794615
2007-07-01,Pi_bar,1.9414329756500581,1.9414329756500581,2.0122446925168562,2.192061358549158,2.192061358549158
2007-10-01,Pi_bar,1.950601362354211,1.950601362354211,2.029806378611031,2.0885316553022553,2.0885316553022553
2008-01-01,Pi_bar,2.070890433452118,2.070890433452118,2.169292387042434,2.1880405030390975,2.1880405030390975
2008-04-01,Pi_bar,1.9981266717624135,1.9981266717624135,2.1605622123258215,2.2129380633242612,2.2129380633242612
2008-07-01,Pi_bar,2.129621335758576,2.129621335758576,2.189344798233868,2.237795932686963,2.237795932686963
2008-10-01,Pi_bar,2.107205755573573,2.107205755573573,2.226714926805376,2.2604291831995917,2.2604291831995917
2009-01-01,Pi_bar,2.0456036177788843,2.0456036177788843,2.231508766582827,2.364579706868746,2.364579706868746
2009-04-01,Pi_bar,2.1840403824820793,2.1840403824820793,2.3027500908925655,2.4800362919395664,2.4800362919395664
2009-07-01,Pi_bar,2.0751428507683953,2.0751428507683953,2.3113450400824944,2.51339033188848,2.51339033188848
2009-10-01,Pi_bar,2.2401770145475535,2.2401770145475535,2.2705875735671226,2.3548511093990516,2.3548511093990516
2010-01-01,Pi_bar,2.147489864086862,2.147489864086862,2.2472365195155812,2.2777774807842595,2.2777774807842595
2010-04-01,Pi_bar,2.160667678878491,2.160667678878491,2.1923028413859837,2.2948538252702004,2.2948538252702004
2010-07-01,Pi_bar,2.1702074906849433,2.1702074906849433,2.1784375619313825,2.2412486377469927,2.2412486377469927
2010-10-01,Pi_bar,2.0399267476625296,2.0399267476625296,2.1599156267527353,2.209066863680839,2.209066863680839
2011-01-01,Pi_bar,1.9767514474882593,1.9767514474882593,2.273053109852123,2.4117818753793494,2.4117818753793494
2011-04-01,Pi_bar,2.121569726720304,2.121569726720304,2.3117718756587884,2.401645910510275,2.401645910510275
2011-07-01,Pi_bar,2.1640783718947567,2.1640783718947567,2.3796295789919335,2.4273902531687797,2.4273902531687797
2011-10-01,Pi_bar,2.1308720681109494,2.1308720681109494,2.308104772404334,2.3554151822583735,2.3554151822583735
2012-01-01,Pi_bar,2.134935925682894,2.134935925682894,2.295232691064561,2.397066602921545,2.397066602921545
2012-04-01,Pi_bar,2.0498677484431744,2.0498677484431744,2.3082899392083998,2.474561468738047,2.474561468738047
2012-07-01,Pi_bar,2.033733107104992,2.033733107104992,2.094704257768044,2.3691341561597925,2.3691341561597925
2012-10-01,Pi_bar,1.9838233615881815,1.9838233615881815,2.1701810097702254,2.324674951058557,2.324674951058557
2013-01-01,Pi_bar,2.0806050545613224,2.0806050545613224,2.1647491862039945,2.200587766854791,2.200587766854791
2013-04-01,Pi_bar,2.0334995250170467,2.0334995250170467,2.096509745606111,2.313102705446789,2.313102705446789
2013-07-01,Pi_bar,2.0164612946140843,2.0164612946140843,2.056430806785561,2.1490467602874364,2.1490467602874364
2013-10-01,Pi_bar,1.9918543880392812,1.9918543880392812,2.0803791534337175,2.180356462604214,2.180356462604214
2014-01-01,Pi_bar,1.9569427904523942,1.9569427904523942,2.052977433115989,2.216414526821214,2.216414526821214
2014-04-01,Pi_bar,1.9715296860358864,1.9715296860358864,2.0816291821851687,2.1964525645201185,2.1964525645201185
2014-07-01,Pi_bar,1.956775633821603,1.956775633821603,2.0715114052492076,2.375656413761804,2.375656413761804
2014-10-01,Pi_bar,1.8743380606792568,1.8743380606792568,2.1192448556693635,2.229340245683195,2.229340245683195
2015-01-01,Pi_bar,1.9411291977384235,1.9411291977384235,2.1179976849506175,2.305261305307667,2.305261305307667
2015-04-01,Pi_bar,2.007099341142838,2.007099341142838,2.194626903422486,2.265211478299939,2.265211478299939
2015-07-01,Pi_bar,2.0213781542519054,2.0213781542519054,2.1138065779622957,2.256038220387171,2.256038220387171
2015-10-01,Pi_bar,2.071451066707777,2.071451066707777,2.120297472463123,2.256808609052521,2.256808609052521
2016-01-01,Pi_bar,2.0468336635289583,2.0468336635289583,2.112130040051345,2.2423850871860505,2.2423850871860505
2016-04-01,Pi_bar,1.8924619085375154,1.8924619085375154,2.0766686496940534,2.3663940074184193,2.3663940074184193
2016-07-01,Pi_bar,1.9759198586411673,1.9759198586411673,2.104792973915212,2.1731744164968188,2.1731744164968188
2016-10-01,Pi_bar,2.02069930426558,2.02069930426558,2.1154151800097085,2.1620245048229036,2.1620245048229036
2017-01-01,Pi_bar,1.9838516520229368,1.9838516520229368,2.1524634266328375,2.194190005466412,2.194190005466412
2017-04-01,Pi_bar,2.0392115143980045,2.0392115143980045,2.1290227935119637,2.1882244124987875,2.1882244124987875
2017-07-01,Pi_bar,2.0241453982174393,2.0241453982174393,2.1228745885890214,2.187466431962454,2.187466431962454
2017-10-01,Pi_bar,1.882353627400052,1.882353627400052,2.0749381577587886,2.2213921352352988,2.2213921352352988
2018-01-01,Pi_bar,2.021878979530586,2.021878979530586,2.092894751515564,2.2012860304296944,2.2012860304296944
2018-04-01,Pi_bar,1.9994075214417264,1.9994075214417264,2.097432979866405,2.2079236339989636,2.2079236339989636
2018-07-01,Pi_bar,1.933667160265052,1.933667160265052,2.0433667129576114,2.117154618108343,2.117154618108343
2018-10-01,Pi_bar,1.8753140907573556,1.8753140907573556,2.035422533048111,2.111640866438298,2.111640866438298
2019-01-01,Pi_bar,1.9228889737103292,1.9228889737103292,1.974037095483758,2.0894166721854344,2.0894166721854344
2019-04-01,Pi_bar,1.8766729962841358,1.8766729962841358,2.0144368571923996,2.1402157766563668,2.1402157766563668
2019-07-01,Pi_bar,1.9598738783271765,1.9598738783271765,2.0629038378699067,2.139404228443404,2.139404228443404
2019-10-01,Pi_bar,2.0233925506687505,2.0233925506687505,2.047946702467524,2.1736459349213657,2.1736459349213657
2020-01-01,Pi_bar,1.969724419535667,1.969724419535667,2.097369524724664,2.2565622147482576,2.2565622147482576
2020-04-01,Pi_bar,1.927873716828635,1.927873716828635,1.9924223975394033,2.1553323028909235,2.1553323028909235
2020-07-01,Pi_bar,1.9532580556318724,1.9532580556318724,2.044473433020362,2.232788086160753,2.232788086160753
2020-10-01,Pi_bar,1.9389167142838006,1.9389167142838006,2.047940069235948,2.138123690822855,2.138123690822855
2021-01-01,Pi_bar,1.9301651269420717,1.9301651269420717,2.0215406188670424,2.205297852988275,2.205297852988275
2021-04-01,Pi_bar,1.9721036050325167,1.9721036050325167,2.009837867453781,2.1581212421457816,2.1581212421457816
2021-07-01,Pi_bar,1.9858227554586276,1.9858227554586276,2.075321092104021,2.138300476437449,2.138300476437449
2021-10-01,Pi_bar,2.0839293322882426,2.0839293322882426,2.0982479365419207,2.217259840666132,2.217259840666132
2022-01-01,Pi_bar,1.961433476709659,1.961433476709659,2.0864449493559607,2.256321361117657,2.256321361117657
2022-04-01,Pi_bar,2.0680786768887516,2.0680786768887516,2.1360898588146005,2.2572076715396214,2.2572076715396214
2022-07-01,Pi_bar,1.9613603081461988,1.9613603081461988,2.106333655038398,2.1419526239233724,2.1419526239233724
2022-10-01,Pi_bar,2.0191124907438804,2.0191124907438804,2.1646177988179276,2.271460523313985,2.271460523313985
2023-01-01,Pi_bar,1.960420675297103,1.960420675297103,2.091795924687243,2.192277522509568,2.192277522509568
2023-04-01,Pi_bar,1.9556573892044171,1.9556573892044171,2.024783041581444,2.1302336965192477,2.1302336965192477
2023-07-01,Pi_bar,1.8089864598223406,1.8089864598223406,1.9937457302894206,2.124562136836572,2.124562136836572
2023-10-01,Pi_bar,1.9064146079862776,1.9064146079862776,1.9578210770090212,2.0994949391866737,2.0994949391866737
2024-01-01,Pi_bar,1.8551553316962617,1.8551553316962617,1.9381507389193018,1.9952349946374968,1.9952349946374968
2024-04-01,Pi_bar,1.8322080303101338,1.8322080303101338,1.992143277073465,2.0461248639219445,2.0461248639219445
2024-07-01,Pi_bar,1.90398035783631,1.90398035783631,1.957286012779369,2.1818464367170325,2.1818464367170325
2024-10-01,Pi_bar,1.9279110085952724,1.9279110085952724,2.036099969309583,2.155675858140558,2.155675858140558
2025-01-01,Pi_bar,1.8337971258733066,1.8337971258733066,2.1151575138461354,2.3643592024242523,2.3643592024242523
2025-04-01,Pi_bar,1.9476170057957432,1.9476170057957432,2.1242701111891833,2.310671726642242,2.310671726642242
1960-01-01,R_bar,0.8421084032940186,0.8421084032940186,1.5300493481015167,1.655129235575297,1.655129235575297
1960-04-01,R_bar,0.783753647534953,0.783753647534953,1.488791315077997,1.6483631307190787,1.6483631307190787
1960-07-01,R_bar,0.8551026688499642,0.8551026688499642,1.3959785804822522,1.601965275068402,1.601965275068402
1960-10-01,R_bar,0.9819344814179445,0.9819344814179445,1.3405856451782192,1.5207611920685882,1.5207611920685882
1961-01-01,R_bar,1.0757830205282406,1.0757830205282406,1.258200693090449,1.6072019075339363,1.6072019075339363
1961-04-01,R_bar,1.0720171876733553,1.0720171876733553,1.2511141659430967,1.5894683881185507,1.5894683881185507
1961-07-01,R_bar,1.0750284542474928,1.0750284542474928,1.2624172953718127,1.6273369278971381,1.6273369278971381
1961-10-01,R_bar,1.0854580084207872,1.0854580084207872,1.2756977630588808,1.7136830441197362,1.7136830441197362
1962-01-01,R_bar,1.1072190855733735,1.1072190855733735,1.2624944701447225,1.6497415729152485,1.6497415729152485
1962-04-01,R_bar,1.122240119369917,1.122240119369917,1.2560363081582833,1.6747726517910013,1.6747726517910013
1962-07-01,R_bar,1.126001776919538,1.126001776919538,1.4411139307760465,1.7212919948146113,1.7212919948146113
1962-10-01,R_bar,1.1388502937532246,1.1388502937532246,1.3987665452080098,1.7866132113444666,1.7866132113444666
1963-01-01,R_bar,1.1316731214122957,1.1316731214122957,1.3983844649665538,1.805278182754988,1.805278182754988
1963-04-01,R_bar,1.1279470582086675,1.1279470582086675,1.458158869423045,1.7814189184033,1.7814189184033
1963-07-01,R_bar,1.1000338223374893,1.1000338223374893,1.4821609444497899,1.7143107023688207,1.7143107023688207
1963-10-01,R_bar,1.1298323153254606,1.1298323153254606,1.4077048463786264,1.7258707441864778,1.7258707441864778
1964-01-01,R_bar,1.2057764854615576,1.2057764854615576,1.4700356799095442,1.7343031316302207,1.7343031316302207
1964-04-01,R_bar,1.1328883818818372,1.1328883818818372,1.5054328567110877,1.772729308484961,1.772729308484961
1964-07-01,R_bar,1.1698485320589835,1.1698485320589835,1.3900035688598098,1.7827785682576744,1.7827785682576744
1964-10-01,R_bar,1.1576996979807022,1.1576996979807022,1.4040204858625338,1.796444897964103,1.796444897964103
1965-01-01,R_bar,1.2009889326461496,1.2009889326461496,1.398765010229714,1.801649212010735,1.801649212010735
1965-04-01,R_bar,1.2114782152064885,1.2114782152064885,1.4748054615548782,1.8026680959768924,1.8026680959768924
1965-07-01,R_bar,1.1308586405179948,1.1308586405179948,1.4467597035358815,1.7856478648486254,1.7856478648486254
1965-10-01,R_bar,1.1073130490057148,1.1073130490057148,1.4889699112189483,1.8628269301716243,1.8628269301716243
1966-01-01,R_bar,1.1025944601891704,1.1025944601891704,1.4450798026321154,1.8185736090278726,1.8185736090278726
1966-04-01,R_bar,1.1049665711509378,1.1049665711509378,1.4873936853985243,1.884931344697779,1.884931344697779
1966-07-01,R_bar,1.056249439341275,1.056249439341275,1.485953974475017,1.9241800782411154,1.9241800782411154
1966-10-01,R_bar,1.104995557708872,1.104995557708872,1.4653245223364573,1.9552079149068438,1.9552079149068438
1967-01-01,R_bar,1.1374556225060362,1.1374556225060362,1.4415430161971812,1.8978458758518402,1.8978458758518402
1967-04-01,R_bar,1.0813176148983024,1.0813176148983024,1.4747861658409902,1.9349216774370641,1.9349216774370641
1967-07-01,R_bar,1.0983069823918499,1.0983069823918499,1.4473921357725854,1.9220002832612053,1.9220002832612053
1967-10-01,R_bar,1.1436527573374602,1.1436527573374602,1.4515726237923587,1.939247112281907,1.939247112281907
1968-01-01,R_bar,1.243106312431852,1.243106312431852,1.4072672672627864,1.9101940164401527,1.9101940164401527
1968-04-01,R_bar,1.2262135313373195,1.2262135313373195,1.3923372007747448,1.9170201789597607,1.9170201789597607
1968-07-01,R_bar,1.2201977932879275,1.2201977932879275,1.4134083067764764,1.8966317035042188,1.8966317035042188
1968-10-01,R_bar,1.248091104652575,1.248091104652575,1.4404228507886956,1.8348843765671208,1.8348843765671208
1969-01-01,R_bar,1.2057422747763833,1.2057422747763833,1.4452643481084357,1.9155898550764907,1.9155898550764907
1969-04-01,R_bar,1.1890976319117943,1.1890976319117943,1.4481419594928677,1.9306459528905404,1.9306459528905404
1969-07-01,R_bar,1.181825290646144,1.181825290646144,1.3745710834563405,1.9181070298747602,1.9181070298747602
1969-10-01,R_bar,1.206906326025652,1.206906326025652,1.4091523334995795,1.8418316744068837,1.8418316744068837
1970-01-01,R_bar,1.160500037739644,1.160500037739644,1.4348480171969091,1.8496212384806219,1.8496212384806219
1970-04-01,R_bar,1.0749355996569696,1.0749355996569696,1.4452601025929501,1.8446527349607047,1.8446527349607047
1970-07-01,R_bar,1.0980930071014605,1.0980930071014605,1.4805475437727778,1.893988553886976,1.893988553886976
1970-10-01,R_bar,1.0878793029145062,1.0878793029145062,1.490831042583879,1.948199026229523,1.948199026229523
1971-01-01,R_bar,1.1888001647891406,1.1888001647891406,1.542951840057596,1.8900536431326047,1.8900536431326047
1971-04-01,R_bar,1.205556290253847,1.205556290253847,1.5264890950342065,1.8825828013226051,1.8825828013226051
1971-07-01,R_bar,1.1826838847231644,1.1826838847231644,1.5052661545653432,1.978775443227072,1.978775443227072
1971-10-01,R_bar,1.1586278548013835,1.1586278548013835,1.587713794160634,1.951371107171311,1.951371107171311
1972-01-01,R_bar,1.1641521780543533,1.1641521780543533,1.5665113993143553,1.9470486755536331,1.9470486755536331
1972-04-01,R_bar,1.1988928728862702,1.1988928728862702,1.5575158804048046,2.009391810127837,2.009391810127837
1972-07-01,R_bar,1.1873338678153955,1.1873338678153955,1.628458018487959,1.9871107685388072,1.9871107685388072
1972-10-01,R_bar,1.2142813592108825,1.2142813592108825,1.8032115479792,1.9983892995439396,1.9983892995439396
1973-01-01,R_bar,1.2093475762640882,1.2093475762640882,1.7945458791972388,2.0452708629675023,2.0452708629675023
1973-04-01,R_bar,1.1825757131176324,1.1825757131176324,1.8306139156377552,2.005807525684274,2.005807525684274
1973-07-01,R_bar,1.2894890495066291,1.2894890495066291,1.796248146796473,2.031877979242931,2.031877979242931
1973-10-01,R_bar,1.3223509714544783,1.3223509714544783,1.7688970696465007,2.0670056151616207,2.0670056151616207
1974-01-01,R_bar,1.331325384251461,1.331325384251461,1.7680661041860022,2.0323986348568397,2.0323986348568397
1974-04-01,R_bar,1.2676180890058457,1.2676180890058457,1.7824232432081737,2.135497846020144,2.135497846020144
1974-07-01,R_bar,1.3383446729527373,1.3383446729527373,1.8280014767122894,2.110292081769452,2.110292081769452
1974-10-01,R_bar,1.3894000678589746,1.3894000678589746,1.7618215475664476,2.1762644666993283,2.1762644666993283
1975-01-01,R_bar,1.4794014574482628,1.4794014574482628,1.7953499014600443,2.2068447324509264,2.2068447324509264
1975-04-01,R_bar,1.4529230868668932,1.4529230868668932,1.834466278625191,2.1856224343257686,2.1856224343257686
1975-07-01,R_bar,1.4031113041431396,1.4031113041431396,1.78709715555993,2.3942983031007583,2.3942983031007583
1975-10-01,R_bar,1.3950923684760828,1.3950923684760828,1.851795911213062,2.4387687677263443,2.4387687677263443
1976-01-01,R_bar,1.4704737705612247,1.4704737705612247,1.8011961258368583,2.450901963976072,2.450901963976072
1976-04-01,R_bar,1.4087992370792382,1.4087992370792382,1.761123131329063,2.482307844077105,2.482307844077105
1976-07-01,R_bar,1.4165659859410715,1.4165659859410715,1.7206524330870463,2.4384926914020553,2.4384926914020553
1976-10-01,R_bar,1.38213286147127,1.38213286147127,1.7247644221310323,2.462214291292376,2.462214291292376
1977-01-01,R_bar,1.3659612155674803,1.3659612155674803,1.7103200034286206,2.460050994542977,2.460050994542977
1977-04-01,R_bar,1.299485839610774,1.299485839610774,1.744400040396763,2.4152229515011676,2.4152229515011676
1977-07-01,R_bar,1.3087000813063443,1.3087000813063443,1.7304393564233196,2.401134560613108,2.401134560613108
1977-10-01,R_bar,1.2626504575013333,1.2626504575013333,1.758006992548643,2.4292901693596374,2.4292901693596374
1978-01-01,R_bar,1.1960644999719683,1.1960644999719683,1.8481722162534107,2.4877036138445408,2.4877036138445408
1978-04-01,R_bar,1.1498235222852222,1.1498235222852222,1.7678967165767263,2.518005089098089,2.518005089098089
1978-07-01,R_bar,1.1986507259443262,1.1986507259443262,1.8097385595300393,2.5590103971895366,2.5590103971895366
1978-10-01,R_bar,1.2456255227429895,1.2456255227429895,1.8126073871823292,2.680713201058129,2.680713201058129
1979-01-01,R_bar,1.2854860737834872,1.2854860737834872,1.8071974207370467,2.6148677777601557,2.6148677777601557
1979-04-01,R_bar,1.3709694828491272,1.3709694828491272,1.8464256730521151,2.6531067914065147,2.6531067914065147
1979-07-01,R_bar,1.2533159456271792,1.2533159456271792,1.8259449681321918,2.6193174671648194,2.6193174671648194
1979-10-01,R_bar,1.3507949471311294,1.3507949471311294,1.8946502495673105,2.6776951464721637,2.6776951464721637
1980-01-01,R_bar,1.4320005769529116,1.4320005769529116,1.9799278673017244,2.724508603502209,2.724508603502209
1980-04-01,R_bar,1.4505502534155017,1.4505502534155017,1.9254795151368178,2.7949581346391987,2.7949581346391987
1980-07-01,R_bar,1.4487832790877988,1.4487832790877988,2.0176022563249036,2.747577762811,2.747577762811
1980-10-01,R_bar,1.4156231039584513,1.4156231039584513,2.073360926434019,2.764715191946326,2.764715191946326
1981-01-01,R_bar,1.3129930886180945,1.3129930886180945,2.0354419449277468,2.8155876943029043,2.8155876943029043
1981-04-01,R_bar,1.2613822055655042,1.2613822055655042,2.1582271441540377,2.8926661338757134,2.8926661338757134
1981-07-01,R_bar,1.3422404133119945,1.3422404133119945,2.1102519964196205,2.8452241988222706,2.8452241988222706
1981-10-01,R_bar,1.2969482942904975,1.2969482942904975,2.1285051797719654,2.889917120549064,2.889917120549064
1982-01-01,R_bar,1.4132954122016186,1.4132954122016186,2.2074577747795967,2.882102972521727,2.882102972521727
1982-04-01,R_bar,1.4123107307286478,1.4123107307286478,2.2501191907513727,2.8936971180147886,2.8936971180147886
1982-07-01,R_bar,1.3801924109910302,1.3801924109910302,2.2451175182320044,2.846774851316238,2.846774851316238
1982-10-01,R_bar,1.332872167010023,1.332872167010023,2.1612758562130705,2.709262334895712,2.709262334895712
1983-01-01,R_bar,1.316768447578226,1.316768447578226,2.2062177673859575,2.6908891695377726,2.6908891695377726
1983-04-01,R_bar,1.3162819126645153,1.3162819126645153,2.1401721640269566,2.593332158329797,2.593332158329797
1983-07-01,R_bar,1.3964202324600314,1.3964202324600314,2.2166548039398606,2.5757969396072498,2.5757969396072498
1983-10-01,R_bar,1.4038739449332205,1.4038739449332205,2.1556116848758644,2.561694802696939,2.561694802696939
1984-01-01,R_bar,1.4199554083539345,1.4199554083539345,2.140200673604055,2.544938090695309,2.544938090695309
1984-04-01,R_bar,1.4358950302563676,1.4358950302563676,2.0994986544656067,2.5639644897404694,2.5639644897404694
1984-07-01,R_bar,1.5044191605944108,1.5044191605944108,2.1273733792096845,2.5051141673904507,2.5051141673904507
1984-10-01,R_bar,1.4542833975149623,1.4542833975149623,2.0806614279406137,2.5591811852081543,2.5591811852081543
1985-01-01,R_bar,1.4441585862951574,1.4441585862951574,2.0182756219781646,2.517236984398814,2.517236984398814
1985-04-01,R_bar,1.5298296838664647,1.5298296838664647,1.9689212934389266,2.5138272905050636,2.5138272905050636
1985-07-01,R_bar,1.5696624599265638,1.5696624599265638,1.9694269805143003,2.5060039099443383,2.5060039099443383
1985-10-01,R_bar,1.6142679009920544,1.6142679009920544,2.0204509290875543,2.5006992585388756,2.5006992585388756
1986-01-01,R_bar,1.6037131897315584,1.6037131897315584,1.9091010119207934,2.4686731527237686,2.4686731527237686
1986-04-01,R_bar,1.6408654234258668,1.6408654234258668,1.987670537673746,2.3215814646686925,2.3215814646686925
1986-07-01,R_bar,1.6601395383612882,1.6601395383612882,2.135214405461958,2.292474457948757,2.292474457948757
1986-10-01,R_bar,1.6343497458458742,1.6343497458458742,2.0854593343681405,2.325183072868215,2.325183072868215
1987-01-01,R_bar,1.6596961696351575,1.6596961696351575,2.04436004664046,2.391292514242064,2.391292514242064
1987-04-01,R_bar,1.7193150584985817,1.7193150584985817,1.9699770671582906,2.4542102284036966,2.4542102284036966
1987-07-01,R_bar,1.7925796766231934,1.7925796766231934,1.9479654848825039,2.4648705707326397,2.4648705707326397
1987-10-01,R_bar,1.8002633340713075,1.8002633340713075,1.9327985606007896,2.483023785263602,2.483023785263602
1988-01-01,R_bar,1.8372984304572042,1.8372984304572042,1.9508296081978072,2.4546486105916587,2.4546486105916587
1988-04-01,R_bar,1.7909765515256084,1.7909765515256084,1.9881137216232436,2.481810485824529,2.481810485824529
1988-07-01,R_bar,1.762433249515511,1.762433249515511,1.982979861663521,2.4160285332739004,2.4160285332739004
1988-10-01,R_bar,1.7578533264309846,1.7578533264309846,2.0213485519064607,2.3543593153253703,2.3543593153253703
1989-01-01,R_bar,1.8247767146690976,1.8247767146690976,1.9981956074316947,2.2611719572171256,2.2611719572171256
1989-04-01,R_bar,1.7760575716590454,1.7760575716590454,1.9463783571855904,2.2210564323805793,2.2210564323805793
1989-07-01,R_bar,1.7366389117212002,1.7366389117212002,1.9503300271871273,2.235198965306819,2.235198965306819
1989-10-01,R_bar,1.738599786586153,1.738599786586153,1.9815159878912754,2.2411958163480117,2.2411958163480117
1990-01-01,R_bar,1.7544816950497548,1.7544816950497548,1.9723717649407677,2.331822606047774,2.331822606047774
1990-04-01,R_bar,1.774990177173248,1.774990177173248,1.9291353896785273,2.392302100469094,2.392302100469094
1990-07-01,R_bar,1.8435804922994612,1.8435804922994612,1.914017678549886,2.3288050032171093,2.3288050032171093
1990-10-01,R_bar,1.83438727228321,1.83438727228321,1.9066174750322435,2.2612400479121897,2.2612400479121897
1991-01-01,R_bar,1.828737643493886,1.828737643493886,1.8779918000887021,2.168106860776828,2.168106860776828
1991-04-01,R_bar,1.8037463422863154,1.8037463422863154,1.9527848884779122,2.081151272069797,2.081151272069797
1991-07-01,R_bar,1.7743379526315026,1.7743379526315026,1.9368710499853299,2.134531260311056,2.134531260311056
1991-10-01,R_bar,1.7399917780548089,1.7399917780548089,1.9080685422330144,2.0968459474370094,2.0968459474370094
1992-01-01,R_bar,1.749973452260289,1.749973452260289,1.9271065603067035,2.0695364430945054,2.0695364430945054
1992-04-01,R_bar,1.8264073880571003,1.8264073880571003,1.9697971104965664,2.0642338178220574,2.0642338178220574
1992-07-01,R_bar,1.747509112423454,1.747509112423454,1.9188586100018443,2.1438315166529915,2.1438315166529915
1992-10-01,R_bar,1.6964481116125614,1.6964481116125614,1.9304997339526935,2.2309892438007775,2.2309892438007775
1993-01-01,R_bar,1.6714008890778649,1.6714008890778649,1.9350260954643943,2.223624524642931,2.223624524642931
1993-04-01,R_bar,1.6972136006678062,1.6972136006678062,1.8647645083605375,2.33370474238888,2.33370474238888
1993-07-01,R_bar,1.7055282051070753,1.7055282051070753,1.8730848708841932,2.4105512716147244,2.4105512716147244
1993-10-01,R_bar,1.7397417187883548,1.7397417187883548,1.8869812825689292,2.403963886219825,2.403963886219825
1994-01-01,R_bar,1.7357094446540695,1.7357094446540695,1.9661756694316594,2.370170898598833,2.370170898598833
1994-04-01,R_bar,1.7316764426262716,1.7316764426262716,1.9054553297438634,2.3894943821068106,2.3894943821068106
1994-07-01,R_bar,1.7698636244490251,1.7698636244490251,1.9262227113601855,2.3962248992979522,2.3962248992979522
1994-10-01,R_bar,1.793828138353191,1.793828138353191,1.9709060479239615,2.2986858194240996,2.2986858194240996
1995-01-01,R_bar,1.7949873933818437,1.7949873933818437,2.010008440200034,2.3163035595065895,2.3163035595065895
1995-04-01,R_bar,1.823331218527343,1.823331218527343,1.9809152910117143,2.268131314399128,2.268131314399128
1995-07-01,R_bar,1.7791913150417553,1.7791913150417553,1.9920198601319261,2.24707702346701,2.24707702346701
1995-10-01,R_bar,1.7615602416061484,1.7615602416061484,2.0318805151951227,2.266725171029721,2.266725171029721
1996-01-01,R_bar,1.8481796522816658,1.8481796522816658,2.004815868350047,2.2464431393805344,2.2464431393805344
1996-04-01,R_bar,1.9401482846269178,1.9401482846269178,2.0279104495644016,2.2548867152359144,2.2548867152359144
1996-07-01,R_bar,2.0093643106750885,2.0093643106750885,2.0233967396359422,2.24993152443475,2.24993152443475
1996-10-01,R_bar,1.932779898396178,1.932779898396178,2.0970550991129264,2.2160629074742584,2.2160629074742584
1997-01-01,R_bar,2.060834493357569,2.060834493357569,2.1242725168787127,2.3767833174803807,2.3767833174803807
1997-04-01,R_bar,1.9418116496168536,1.9418116496168536,2.1548415512895907,2.4182840730968245,2.4182840730968245
1997-07-01,R_bar,1.9005224155052587,1.9005224155052587,2.114046002731835,2.4256771529552883,2.4256771529552883
1997-10-01,R_bar,1.9153100225038302,1.9153100225038302,2.048980553822946,2.3899149584975907,2.3899149584975907
1998-01-01,R_bar,1.9063554566033545,1.9063554566033545,2.1312674933428366,2.3542520908955296,2.3542520908955296
1998-04-01,R_bar,1.9723684562400448,1.9723684562400448,2.1012889323614736,2.373374735245432,2.373374735245432
1998-07-01,R_bar,2.0634432189408427,2.0634432189408427,2.2338820606682233,2.5307495946607674,2.5307495946607674
1998-10-01,R_bar,2.1417634338685394,2.1417634338685394,2.2263956178171598,2.531464852696228,2.531464852696228
1999-01-01,R_bar,2.127753668368189,2.127753668368189,2.2441802739917542,2.5890279447269076,2.5890279447269076
1999-04-01,R_bar,2.0584610706093884,2.0584610706093884,2.287567197452263,2.6443705992693776,2.6443705992693776
1999-07-01,R_bar,2.1246559358129096,2.1246559358129096,2.2712980255966837,2.559080029604637,2.559080029604637
1999-10-01,R_bar,2.1211635880991246,2.1211635880991246,2.215702054565776,2.588137489730673,2.588137489730673
2000-01-01,R_bar,2.1701418917666935,2.1701418917666935,2.3290444579160763,2.5800327367486986,2.5800327367486986
2000-04-01,R_bar,2.157447108990301,2.157447108990301,2.2757543697105502,2.4702360715107994,2.4702360715107994
2000-07-01,R_bar,2.1265229227913585,2.1265229227913585,2.2581742662330146,2.469538590293965,2.469538590293965
2000-10-01,R_bar,2.101313700752385,2.101313700752385,2.2415495486203967,2.469474234608321,2.469474234608321
2001-01-01,R_bar,2.1257920319959567,2.1257920319959567,2.2073779306274157,2.523040429906567,2.523040429906567
2001-04-01,R_bar,2.20809862383908,2.20809862383908,2.2994059673995273,2.5351291780194365,2.5351291780194365
2001-07-01,R_bar,2.1762648135712017,2.1762648135712017,2.3492103207595303,2.6457192828814526,2.6457192828814526
2001-10-01,R_bar,2.1281704425475305,2.1281704425475305,2.3107602583932474,2.6170791187695333,2.6170791187695333
2002-01-01,R_bar,2.124873794907249,2.124873794907249,2.3488939452937765,2.61497475565841,2.61497475565841
2002-04-01,R_bar,2.1691498920995387,2.1691498920995387,2.3677435379693548,2.5639014964993603,2.5639014964993603
2002-07-01,R_bar,2.126893106140714,2.126893106140714,2.305016684386765,2.4489429125624884,2.4489429125624884
2002-10-01,R_bar,2.0975539500552136,2.0975539500552136,2.2939731402748778,2.4624025708325696,2.4624025708325696
2003-01-01,R_bar,2.107802462061681,2.107802462061681,2.358869630332451,2.4017521550451737,2.4017521550451737
2003-04-01,R_bar,2.1249878046608757,2.1249878046608757,2.3105690137804364,2.3466993375694485,2.3466993375694485
2003-07-01,R_bar,2.0288998550836643,2.0288998550836643,2.250082571113814,2.3474463780141273,2.3474463780141273
2003-10-01,R_bar,2.008447172429085,2.008447172429085,2.2429150562927544,2.34647424480059,2.34647424480059
2004-01-01,R_bar,1.9432736790463347,1.9432736790463347,2.198742942886564,2.237857147538359,2.237857147538359
2004-04-01,R_bar,1.9811172958851269,1.9811172958851269,2.1888722525520876,2.3382445554402866,2.3382445554402866
2004-07-01,R_bar,2.011673270782894,2.011673270782894,2.1886660614493456,2.2483123848260083,2.2483123848260083
2004-10-01,R_bar,2.0229706449277245,2.0229706449277245,2.2136124767384664,2.229856589604285,2.229856589604285
2005-01-01,R_bar,1.9704448694389114,1.9704448694389114,2.1133589206513608,2.2604944036257746,2.2604944036257746
2005-04-01,R_bar,1.8875106857357815,1.8875106857357815,2.065732965880337,2.2272642012651445,2.2272642012651445
2005-07-01,R_bar,1.8916467275717053,1.8916467275717053,2.0483751113644924,2.222690636491689,2.222690636491689
2005-10-01,R_bar,1.8637933129344773,1.8637933129344773,2.029202372218506,2.1698976216534684,2.1698976216534684
2006-01-01,R_bar,1.8664064737148882,1.8664064737148882,2.0289659003141427,2.1441277438752944,2.1441277438752944
2006-04-01,R_bar,1.8657509792084188,1.8657509792084188,2.0008894562725956,2.2013608035443206,2.2013608035443206
2006-07-01,R_bar,1.7504666042223345,1.7504666042223345,2.0579291171143197,2.195980371902731,2.195980371902731
2006-10-01,R_bar,1.638429924952363,1.638429924952363,1.9755275021753747,2.1428991673796394,2.1428991673796394
2007-01-01,R_bar,1.7308854653750751,1.7308854653750751,1.9967652549976014,2.136145759365164,2.136145759365164
2007-04-01,R_bar,1.664582986110436,1.664582986110436,1.912305883718788,2.149544196713369,2.149544196713369
2007-07-01,R_bar,1.6451021690684737,1.6451021690684737,1.8937029921202662,2.1237146078883966,2.1237146078883966
2007-10-01,R_bar,1.5737810336493159,1.5737810336493159,1.9147200401093516,1.9967994373992413,1.9967994373992413
2008-01-01,R_bar,1.5547728318651883,1.5547728318651883,1.812558792810174,1.902319503184716,1.902319503184716
2008-04-01,R_bar,1.5119406584074369,1.5119406584074369,1.763035640835906,1.9037167138353914,1.9037167138353914
2008-07-01,R_bar,1.4722674437606633,1.4722674437606633,1.7173854981084746,1.8802855326665386,1.8802855326665386
2008-10-01,R_bar,1.4696789719206167,1.4696789719206167,1.7010643002930081,1.8472133160197695,1.8472133160197695
2009-01-01,R_bar,1.4056319769985475,1.4056319769985475,1.5894292071025233,1.9497773826284066,1.9497773826284066
2009-04-01,R_bar,1.3530642239126445,1.3530642239126445,1.5669787778524613,1.9342596240124483,1.9342596240124483
2009-07-01,R_bar,1.2818897007758459,1.2818897007758459,1.4946559562419646,1.941014237899876,1.941014237899876
2009-10-01,R_bar,1.2499814011867398,1.2499814011867398,1.4478054791077042,1.9641028419537734,1.9641028419537734
2010-01-01,R_bar,1.2798515047166457,1.2798515047166457,1.3916134941065408,1.8125695872936425,1.8125695872936425
2010-04-01,R_bar,1.1976838667586072,1.1976838667586072,1.3703363818091627,1.7186130085755724,1.7186130085755724
2010-07-01,R_bar,1.2281180009194332,1.2281180009194332,1.3789033583674173,1.6601877245504315,1.6601877245504315
2010-10-01,R_bar,1.1684748434225996,1.1684748434225996,1.4180157619601694,1.686016452455784,1.686016452455784
2011-01-01,R_bar,1.1783536827867116,1.1783536827867116,1.3550445185139366,1.6739451550217868,1.6739451550217868
2011-04-01,R_bar,1.1198847075556786,1.1198847075556786,1.3278301030290263,1.5942465135751418,1.5942465135751418
2011-07-01,R_bar,1.1497214499172161,1.1497214499172161,1.179849022189236,1.5521905277181771,1.5521905277181771
2011-10-01,R_bar,1.0239481679752243,1.0239481679752243,1.1579183908525135,1.4145798487207992,1.4145798487207992
2012-01-01,R_bar,0.9539013427560825,0.9539013427560825,1.0481513017142463,1.4314509879178683,1.4314509879178683
2012-04-01,R_bar,0.9470608359874733,0.9470608359874733,1.0338857897152123,1.4197817880495027,1.4197817880495027
2012-07-01,R_bar,0.9514262412439447,0.9514262412439447,0.9866416134505872,1.4029517486745058,1.4029517486745058
2012-10-01,R_bar,0.871059161328894,0.871059161328894,1.0415959070794374,1.3662287586668498,1.3662287586668498
2013-01-01,R_bar,0.804080799346391,0.804080799346391,0.9876368723905495,1.3572055036677757,1.3572055036677757
2013-04-01,R_bar,0.7781713208356092,0.7781713208356092,1.0378381455974879,1.3247295657250915,1.3247295657250915
2013-07-01,R_bar,0.7890765105647461,0.7890765105647461,1.0038187052888412,1.3089936196802971,1.3089936196802971
2013-10-01,R_bar,0.7082650611886322,0.7082650611886322,0.9462978733568459,1.2662106741019967,1.2662106741019967
2014-01-01,R_bar,0.6832374157841459,0.6832374157841459,1.0054431146650793,1.2651204025848108,1.2651204025848108
2014-04-01,R_bar,0.5291597564485007,0.5291597564485007,1.0298033498632035,1.1618360645703878,1.1618360645703878
2014-07-01,R_bar,0.4627810081612172,0.4627810081612172,0.9976681715235752,1.1761627534545247,1.1761627534545247
2014-10-01,R_bar,0.3616709837884415,0.3616709837884415,1.0004674783159377,1.1615648728313266,1.1615648728313266
2015-01-01,R_bar,0.41396586187951795,0.41396586187951795,1.0290613574724585,1.2616946702165757,1.2616946702165757
2015-04-01,R_bar,0.4236914767457572,0.4236914767457572,0.9459194583719613,1.2045526295763362,1.2045526295763362
2015-07-01,R_bar,0.3381678024527032,0.3381678024527032,0.9464996837187112,1.2530910094629166,1.2530910094629166
2015-10-01,R_bar,0.34957723777599015,0.34957723777599015,0.9747245403660023,1.2546580544798962,1.2546580544798962
2016-01-01,R_bar,0.2167454695147764,0.2167454695147764,0.9992085078614826,1.2447384851178056,1.2447384851178056
2016-04-01,R_bar,0.20012907507947328,0.20012907507947328,0.966673593814799,1.1809726284933275,1.1809726284933275
2016-07-01,R_bar,0.25067017704611044,0.25067017704611044,0.9448797076166701,1.1859287476746103,1.1859287476746103
2016-10-01,R_bar,0.33493777126076296,0.33493777126076296,0.9154094357900898,1.1452735396438964,1.1452735396438964
2017-01-01,R_bar,0.42089834758192046,0.42089834758192046,0.859595459122268,1.054968076112784,1.054968076112784
2017-04-01,R_bar,0.34337709213191464,0.34337709213191464,0.8418875548581607,1.0774348129241262,1.0774348129241262
2017-07-01,R_bar,0.32430354791973626,0.32430354791973626,0.8407948122273704,1.0825100360665971,1.0825100360665971
2017-10-01,R_bar,0.5093202414424324,0.5093202414424324,0.8244112593528875,0.9358688551457242,0.9358688551457242
2018-01-01,R_bar,0.48468994940886523,0.48468994940886523,0.8406116372490947,0.9263267806150017,0.9263267806150017
2018-04-01,R_bar,0.4424976505037123,0.4424976505037123,0.7432966427017346,0.9914931850373517,0.9914931850373517
2018-07-01,R_bar,0.4736590638056952,0.4736590638056952,0.6946869473300035,1.022120781953188,1.022120781953188
2018-10-01,R_bar,0.44386848897228826,0.44386848897228826,0.6664641096427195,0.9980206582367135,0.9980206582367135
2019-01-01,R_bar,0.5190227189622009,0.5190227189622009,0.693266944547332,1.0273374013987258,1.0273374013987258
2019-04-01,R_bar,0.5673142456810354,0.5673142456810354,0.7003021552063494,0.9910707870289774,0.9910707870289774
2019-07-01,R_bar,0.5292159135637686,0.5292159135637686,0.6361255518160001,0.8694705060563686,0.8694705060563686
2019-10-01,R_bar,0.51502570280092,0.51502570280092,0.6012424727494377,0.7917544648106488,0.7917544648106488
2020-01-01,R_bar,0.5600541395704335,0.5600541395704335,0.6699307402331931,0.7731212789878179,0.7731212789878179
2020-04-01,R_bar,0.5464306730709749,0.5464306730709749,0.6452208587838544,0.799786117902491,0.799786117902491
2020-07-01,R_bar,0.5496658432983936,0.5496658432983936,0.5746081616014082,0.8333184248517151,0.8333184248517151
2020-10-01,R_bar,0.49810619547055274,0.49810619547055274,0.6579547110305237,0.7781788140651458,0.7781788140651458
2021-01-01,R_bar,0.496247109959939,0.496247109959939,0.5889888725381467,0.7473042221584434,0.7473042221584434
2021-04-01,R_bar,0.4908286554852845,0.4908286554852845,0.6036059485466269,0.6993021970775293,0.6993021970775293
2021-07-01,R_bar,0.49777877351334854,0.49777877351334854,0.5896785459872725,0.8147230630886522,0.8147230630886522
2021-10-01,R_bar,0.500790950030239,0.500790950030239,0.6107849261632816,0.770506770274952,0.770506770274952
2022-01-01,R_bar,0.5719246748014694,0.5719246748014694,0.6831126447227215,0.7075879157126528,0.7075879157126528
2022-04-01,R_bar,0.5944844728400267,0.5944844728400267,0.6621005708446868,0.7541392457543893,0.7541392457543893
2022-07-01,R_bar,0.6451098782724956,0.6451098782724956,0.6919710170108325,0.7545292827274745,0.7545292827274745
2022-10-01,R_bar,0.60779091748448,0.60779091748448,0.6401117831400137,0.7107811203583566,0.7107811203583566
2023-01-01,R_bar,0.6225574932207374,0.6225574932207374,0.661681402141648,0.8002481704310052,0.8002481704310052
2023-04-01,R_bar,0.6049671568076234,0.6049671568076234,0.6995903145607489,0.8191842628641863,0.8191842628641863
2023-07-01,R_bar,0.5949433562359058,0.5949433562359058,0.7264231282753543,0.7960741871675451,0.7960741871675451
2023-10-01,R_bar,0.6174662878178162,0.6174662878178162,0.7435045565435712,0.8333879629512017,0.8333879629512017
2024-01-01,R_bar,0.5839488747268362,0.5839488747268362,0.7457571337122422,0.8466951041989332,0.8466951041989332
2024-04-01,R_bar,0.5382372264818356,0.5382372264818356,0.6908729928124501,0.839311288246208,0.839311288246208
2024-07-01,R_bar,0.5022720142743456,0.5022720142743456,0.7659052623501827,0.8311346584275772,0.8311346584275772
2024-10-01,R_bar,0.46899270416061245,0.46899270416061245,0.8155734152490757,0.9215808012075766,0.9215808012075766
2025-01-01,R_bar,0.5050297858495036,0.5050297858495036,0.8394270356792539,0.9640453022211514,0.9640453022211514
2025-04-01,R_bar,0.4166142676216723,0.4166142676216723,0.7814176550190446,0.997865130312489,0.997865130312489
1960-01-01,NR_bar,2.4457403804501086,2.4457403804501086,3.0492878105538446,4.048888749208909,4.048888749208909
1960-04-01,NR_bar,2.487274015454686,2.487274015454686,3.2225841322147204,3.993418568663602,3.993418568663602
1960-07-01,NR_bar,2.514023218572312,2.514023218572312,2.998551890331422,4.025033456955121,4.025033456955121
1960-10-01,NR_bar,2.830841670418632,2.830841670418632,2.983898428671943,3.833118246776587,3.833118246776587
1961-01-01,NR_bar,2.7620068445320407,2.7620068445320407,3.0958507075567034,3.86144373086799,3.86144373086799
1961-04-01,NR_bar,2.8680520996445855,2.8680520996445855,2.979463830465699,3.814446822235781,3.814446822235781
1961-07-01,NR_bar,2.796788117729485,2.796788117729485,2.9828448555481524,3.7855148233580955,3.7855148233580955
1961-10-01,NR_bar,2.784752030684521,2.784752030684521,3.0415677414037,3.8424609134137073,3.8424609134137073
1962-01-01,NR_bar,2.8573274561469617,2.8573274561469617,3.0763725923390846,3.9106734586753813,3.9106734586753813
1962-04-01,NR_bar,2.477954622744832,2.477954622744832,3.1566347042818,3.682918851837904,3.682918851837904
1962-07-01,NR_bar,2.570187831629889,2.570187831629889,3.3222493866450287,3.805854215635219,3.805854215635219
1962-10-01,NR_bar,2.481839705538145,2.481839705538145,3.4974783461307277,3.850462473276343,3.850462473276343
1963-01-01,NR_bar,2.443165100288501,2.443165100288501,3.6902595200923995,3.893213775001898,3.893213775001898
1963-04-01,NR_bar,2.6858885744451655,2.6858885744451655,3.477986522382931,3.855117792848942,3.855117792848942
1963-07-01,NR_bar,2.698948759044001,2.698948759044001,3.4289003948616616,4.001712842605622,4.001712842605622
1963-10-01,NR_bar,2.8702227613329723,2.8702227613329723,3.4054768663621617,3.786421352007425,3.786421352007425
1964-01-01,NR_bar,2.7197892387448466,2.7197892387448466,3.356924730480263,3.7275198085830628,3.7275198085830628
1964-04-01,NR_bar,2.907322140290578,2.907322140290578,3.53381632638611,3.9501562341675864,3.9501562341675864
1964-07-01,NR_bar,2.9335349687163896,2.9335349687163896,3.6599491539063074,4.039590353717296,4.039590353717296
1964-10-01,NR_bar,2.858930131485651,2.858930131485651,3.7072730250551382,4.071844560937731,4.071844560937731
1965-01-01,NR_bar,2.719083819657607,2.719083819657607,3.6707909029550505,3.962671827851385,3.962671827851385
1965-04-01,NR_bar,2.6315147246671726,2.6315147246671726,3.7066459536384473,4.201977659273846,4.201977659273846
1965-07-01,NR_bar,2.591283235543115,2.591283235543115,3.781305497170174,4.068353139262003,4.068353139262003
1965-10-01,NR_bar,2.673851738969208,2.673851738969208,3.746475409333673,4.271173613005649,4.271173613005649
1966-01-01,NR_bar,2.6758685487157337,2.6758685487157337,3.726038603156619,4.173231709340212,4.173231709340212
1966-04-01,NR_bar,2.7043955403683073,2.7043955403683073,3.6477613084132887,4.371052196552385,4.371052196552385
1966-07-01,NR_bar,2.812616149354385,2.812616149354385,3.640035226434655,4.218415850396211,4.218415850396211
1966-10-01,NR_bar,2.7750703197304505,2.7750703197304505,3.5765572117891606,4.285895873673004,4.285895873673004
1967-01-01,NR_bar,2.88735142165538,2.88735142165538,3.578922507355403,4.319653582453002,4.319653582453002
1967-04-01,NR_bar,2.897818305517973,2.897818305517973,3.844695323262939,4.6052348560974545,4.6052348560974545
1967-07-01,NR_bar,2.790725092232515,2.790725092232515,3.7046831553581137,4.860141162101435,4.860141162101435
1967-10-01,NR_bar,2.870366368908247,2.870366368908247,3.846665005770218,4.916554034180305,4.916554034180305
1968-01-01,NR_bar,2.9199435708211707,2.9199435708211707,3.8571187391999855,4.989599434440153,4.989599434440153
1968-04-01,NR_bar,3.180856702862309,3.180856702862309,3.96124641612181,4.894305035610765,4.894305035610765
1968-07-01,NR_bar,3.5300559616044724,3.5300559616044724,4.028959520282902,4.7523610578285105,4.7523610578285105
1968-10-01,NR_bar,3.553040889151828,3.553040889151828,4.075224100492166,4.499824976902905,4.499824976902905
1969-01-01,NR_bar,3.6341803433018587,3.6341803433018587,4.132582161029906,4.736180381715892,4.736180381715892
1969-04-01,NR_bar,3.959689893471565,3.959689893471565,4.2223277520357,4.704117519412695,4.704117519412695
1969-07-01,NR_bar,3.981426841052953,3.981426841052953,4.132207481227001,4.590709866198823,4.590709866198823
1969-10-01,NR_bar,4.184768478294102,4.184768478294102,4.229047326842087,4.499377936112577,4.499377936112577
1970-01-01,NR_bar,4.102435396634632,4.102435396634632,4.397064045339436,4.563154176318125,4.563154176318125
1970-04-01,NR_bar,4.220879124137081,4.220879124137081,4.362877970190788,4.623155115264847,4.623155115264847
1970-07-01,NR_bar,4.161724057970961,4.161724057970961,4.327458171631945,4.724886179910066,4.724886179910066
1970-10-01,NR_bar,4.166201106617947,4.166201106617947,4.523473600207598,4.737046184949906,4.737046184949906
1971-01-01,NR_bar,4.302729571274609,4.302729571274609,4.638952601196986,4.781492119614197,4.781492119614197
1971-04-01,NR_bar,4.4543628349612145,4.4543628349612145,4.688674358476232,4.952972738751884,4.952972738751884
1971-07-01,NR_bar,4.33619873816641,4.33619873816641,4.819206190512788,5.2002590999825085,5.2002590999825085
1971-10-01,NR_bar,4.483579558080043,4.483579558080043,5.033560377978452,5.363302006378933,5.363302006378933
1972-01-01,NR_bar,4.789426348006217,4.789426348006217,5.085356855941436,5.426147551004123,5.426147551004123
1972-04-01,NR_bar,4.860372731238055,4.860372731238055,5.301313128205171,5.630276340113507,5.630276340113507
1972-07-01,NR_bar,4.88436090194435,4.88436090194435,5.307029551052812,5.656939989020082,5.656939989020082
1972-10-01,NR_bar,5.066196543885568,5.066196543885568,5.50503802056412,5.7857320879990395,5.7857320879990395
1973-01-01,NR_bar,5.065374342435572,5.065374342435572,5.594683475080953,5.956845403580328,5.956845403580328
1973-04-01,NR_bar,5.10879321732185,5.10879321732185,5.610960130843605,5.850947292654219,5.850947292654219
1973-07-01,NR_bar,5.279771529665123,5.279771529665123,5.6630834925424915,5.910619943726399,5.910619943726399
1973-10-01,NR_bar,5.205864113903119,5.205864113903119,5.676694662120658,5.9220730280407,5.9220730280407
1974-01-01,NR_bar,5.32539465438736,5.32539465438736,5.826871736004608,6.121789576096831,6.121789576096831
1974-04-01,NR_bar,5.697565344080495,5.697565344080495,6.100349622840527,6.635816132118693,6.635816132118693
1974-07-01,NR_bar,5.9816272274790485,5.9816272274790485,6.256657859840601,6.8459935673531955,6.8459935673531955
1974-10-01,NR_bar,6.013578672274391,6.013578672274391,6.452199694038175,6.945909330971746,6.945909330971746
1975-01-01,NR_bar,6.128428629266049,6.128428629266049,6.515616804118289,7.028283033343916,7.028283033343916
1975-04-01,NR_bar,6.218338457714083,6.218338457714083,6.546874627422012,7.115532922263745,7.115532922263745
1975-07-01,NR_bar,6.2743743453821885,6.2743743453821885,6.579717903365469,7.454035627453113,7.454035627453113
1975-10-01,NR_bar,6.344274164245508,6.344274164245508,6.635897515953386,7.42591339283841,7.42591339283841
1976-01-01,NR_bar,6.177510767010057,6.177510767010057,6.517219657291957,7.44690846645012,7.44690846645012
1976-04-01,NR_bar,5.911902322036564,5.911902322036564,6.391488431315573,7.142028702895377,7.142028702895377
1976-07-01,NR_bar,5.981492201003186,5.981492201003186,6.195659410686371,7.0211661339176334,7.0211661339176334
1976-10-01,NR_bar,5.875687051941988,5.875687051941988,6.290262061711243,6.932922924705773,6.932922924705773
1977-01-01,NR_bar,5.908159568351271,5.908159568351271,6.315288690548771,7.077662551756768,7.077662551756768
1977-04-01,NR_bar,5.953602852820175,5.953602852820175,6.356320304391908,7.10207386587153,7.10207386587153
1977-07-01,NR_bar,6.047344524019014,6.047344524019014,6.516132636722729,7.084877115526135,7.084877115526135
1977-10-01,NR_bar,6.091881173468587,6.091881173468587,6.523336425988053,7.068243748980302,7.068243748980302
1978-01-01,NR_bar,6.319562550070732,6.319562550070732,6.7906085983049564,7.443629259574722,7.443629259574722
1978-04-01,NR_bar,6.284850564835233,6.284850564835233,7.032628879269954,7.8362308739117825,7.8362308739117825
1978-07-01,NR_bar,6.512662533130275,6.512662533130275,7.2273819126476395,7.977289859396931,7.977289859396931
1978-10-01,NR_bar,6.89840630179477,6.89840630179477,7.483527102137666,8.336840976407657,8.336840976407657
1979-01-01,NR_bar,7.063397653337676,7.063397653337676,7.763279507412308,8.536909366288585,8.536909366288585
1979-04-01,NR_bar,7.3565546101462065,7.3565546101462065,7.932352085744041,8.698860528062328,8.698860528062328
1979-07-01,NR_bar,7.543691567821125,7.543691567821125,8.115245351382486,8.964888409004168,8.964888409004168
1979-10-01,NR_bar,7.715536067017564,7.715536067017564,8.167108043854782,9.189985230313159,9.189985230313159
1980-01-01,NR_bar,7.882951237883111,7.882951237883111,8.280872361615344,9.26408116539976,9.26408116539976
1980-04-01,NR_bar,7.980626580863105,7.980626580863105,8.226150458333993,9.131939394409997,9.131939394409997
1980-07-01,NR_bar,7.969379259712244,7.969379259712244,8.358136213690802,9.120717662737533,9.120717662737533
1980-10-01,NR_bar,8.241338542880383,8.241338542880383,8.862857773760151,9.220426885527125,9.220426885527125
1981-01-01,NR_bar,8.287403515280342,8.287403515280342,8.949345703761738,9.638722051561835,9.638722051561835
1981-04-01,NR_bar,8.143978039919485,8.143978039919485,9.000324121637401,9.764286204199095,9.764286204199095
1981-07-01,NR_bar,8.246345261775373,8.246345261775373,8.961648038413433,9.735758628021012,9.735758628021012
1981-10-01,NR_bar,8.130994365181301,8.130994365181301,8.875731812457497,9.674848427895935,9.674848427895935
1982-01-01,NR_bar,8.138628570380206,8.138628570380206,8.945711509977098,9.597916253000296,9.597916253000296
1982-04-01,NR_bar,7.795225820259887,7.795225820259887,8.657919442814382,9.41051119256764,9.41051119256764
1982-07-01,NR_bar,7.769020846141766,7.769020846141766,8.520275478575742,9.339176205765735,9.339176205765735
1982-10-01,NR_bar,7.563938938239546,7.563938938239546,8.430447201236028,8.980163027916829,8.980163027916829
1983-01-01,NR_bar,7.315114080094357,7.315114080094357,8.307332563163246,8.8372531929809,8.8372531929809
1983-04-01,NR_bar,7.371333516133026,7.371333516133026,8.25475873648022,8.570638560842749,8.570638560842749
1983-07-01,NR_bar,7.407235772830194,7.407235772830194,8.271548949754084,8.652279048154169,8.652279048154169
1983-10-01,NR_bar,7.284002890144485,7.284002890144485,8.221449832440202,8.589863647623138,8.589863647623138
1984-01-01,NR_bar,7.3912114950914285,7.3912114950914285,7.977854607823138,8.469426763409544,8.469426763409544
1984-04-01,NR_bar,7.250332549552102,7.250332549552102,7.897848810878303,8.356515155316126,8.356515155316126
1984-07-01,NR_bar,7.056184553844514,7.056184553844514,7.766378828466865,8.049450327268481,8.049450327268481
1984-10-01,NR_bar,6.668314115792407,6.668314115792407,7.444202470614079,7.7911358780392685,7.7911358780392685
1985-01-01,NR_bar,6.426184967538675,6.426184967538675,7.231559658883322,7.578781164469054,7.578781164469054
1985-04-01,NR_bar,6.54175059183088,6.54175059183088,7.182066583612936,7.496124693476727,7.496124693476727
1985-07-01,NR_bar,6.675928863592377,6.675928863592377,7.1450481818345315,7.652252110608811,7.652252110608811
1985-10-01,NR_bar,6.728705893994077,6.728705893994077,7.1390934152558865,7.682133770833527,7.682133770833527
1986-01-01,NR_bar,6.66056225799543,6.66056225799543,7.027946197744912,7.517117281389064,7.517117281389064
1986-04-01,NR_bar,6.518970386300929,6.518970386300929,7.049251994377724,7.378444115973505,7.378444115973505
1986-07-01,NR_bar,6.540001794849827,6.540001794849827,7.099507375953264,7.246342023720757,7.246342023720757
1986-10-01,NR_bar,6.648162640554217,6.648162640554217,7.106872920990536,7.291114874849802,7.291114874849802
1987-01-01,NR_bar,6.6368336654052795,6.6368336654052795,6.973880453112811,7.337875048802535,7.337875048802535
1987-04-01,NR_bar,6.79959948919868,6.79959948919868,6.87537310467272,7.512456556177317,7.512456556177317
1987-07-01,NR_bar,6.597613183879409,6.597613183879409,6.873924859601245,7.380266830141135,7.380266830141135
1987-10-01,NR_bar,6.498603092559752,6.498603092559752,6.805050667760182,7.198983463528623,7.198983463528623
1988-01-01,NR_bar,6.449893599371139,6.449893599371139,6.717061709309459,7.170905160363629,7.170905160363629
1988-04-01,NR_bar,6.268620514540245,6.268620514540245,6.683258643308568,7.112926025152493,7.112926025152493
1988-07-01,NR_bar,6.18396848227904,6.18396848227904,6.611345464337832,6.854274443606473,6.854274443606473
1988-10-01,NR_bar,5.991519175821414,5.991519175821414,6.473380211852812,6.592915741049866,6.592915741049866
1989-01-01,NR_bar,5.983929176010694,5.983929176010694,6.270198671530307,6.395510973092488,6.395510973092488
1989-04-01,NR_bar,5.771539722252036,5.771539722252036,6.190453939933185,6.344064114252889,6.344064114252889
1989-07-01,NR_bar,5.708331429282426,5.708331429282426,6.015857639854385,6.190098565209226,6.190098565209226
1989-10-01,NR_bar,5.530551729487494,5.530551729487494,5.869947470471658,6.174367335535946,6.174367335535946
1990-01-01,NR_bar,5.477512385204603,5.477512385204603,5.7474830376438,6.086949250561315,6.086949250561315
1990-04-01,NR_bar,5.54800240080517,5.54800240080517,5.67947173952931,6.253978230162399,6.253978230162399
1990-07-01,NR_bar,5.570319599943205,5.570319599943205,5.677517328585751,6.167248205771486,6.167248205771486
1990-10-01,NR_bar,5.515146278368031,5.515146278368031,5.587253522617711,6.047611012494741,6.047611012494741
1991-01-01,NR_bar,5.442842344645584,5.442842344645584,5.637906139630742,5.854846796782809,5.854846796782809
1991-04-01,NR_bar,5.616778231459026,5.616778231459026,5.739822486020513,5.8764237405624,5.8764237405624
1991-07-01,NR_bar,5.434305459621099,5.434305459621099,5.550190012596866,5.7478322357218214,5.7478322357218214
1991-10-01,NR_bar,5.2803267736139325,5.2803267736139325,5.419304834118022,5.593057485365895,5.593057485365895
1992-01-01,NR_bar,5.164856512813401,5.164856512813401,5.291698462371359,5.4413625612042065,5.4413625612042065
1992-04-01,NR_bar,5.240300324920286,5.240300324920286,5.351264109852984,5.57405077472527,5.57405077472527
1992-07-01,NR_bar,4.901447674852496,4.901447674852496,5.298694745582381,5.320602078551369,5.320602078551369
1992-10-01,NR_bar,4.936466954918352,4.936466954918352,5.186610520237403,5.482828489734516,5.482828489734516
1993-01-01,NR_bar,4.770687299866666,4.770687299866666,5.121220120163519,5.374809841051032,5.374809841051032
1993-04-01,NR_bar,4.815051978344714,4.815051978344714,5.088963520648965,5.477439485976639,5.477439485976639
1993-07-01,NR_bar,4.740888801751935,4.740888801751935,4.986565851116296,5.404482563669465,5.404482563669465
1993-10-01,NR_bar,4.669775391786446,4.669775391786446,4.941703505203774,5.464653018053218,5.464653018053218
1994-01-01,NR_bar,4.771835630903405,4.771835630903405,4.9629473476750094,5.36933054363494,5.36933054363494
1994-04-01,NR_bar,4.8163229740709586,4.8163229740709586,4.879955724958973,5.513610445198291,5.513610445198291
1994-07-01,NR_bar,4.817010101410893,4.817010101410893,4.91444079089719,5.477142017800318,5.477142017800318
1994-10-01,NR_bar,4.770978650601554,4.770978650601554,5.051523815682318,5.345176939319208,5.345176939319208
1995-01-01,NR_bar,4.712511682061055,4.712511682061055,4.9761949544415724,5.134410584321917,5.134410584321917
1995-04-01,NR_bar,4.76348135850041,4.76348135850041,4.8115969755102475,5.150378105691956,5.150378105691956
1995-07-01,NR_bar,4.66249060612524,4.66249060612524,4.764555789846387,5.0428571116114185,5.0428571116114185
1995-10-01,NR_bar,4.5116091510196386,4.5116091510196386,4.696061186919902,4.826658782785251,4.826658782785251
1996-01-01,NR_bar,4.472904623150924,4.472904623150924,4.700853402242913,4.795689615562461,4.795689615562461
1996-04-01,NR_bar,4.4399213159474975,4.4399213159474975,4.57827611981266,4.660983924602519,4.660983924602519
1996-07-01,NR_bar,4.400220969119355,4.400220969119355,4.651599841126509,4.834166487114011,4.834166487114011
1996-10-01,NR_bar,4.451181153646637,4.451181153646637,4.590159649499507,4.755674856808802,4.755674856808802
1997-01-01,NR_bar,4.552247886850277,4.552247886850277,4.613801388000866,4.888708776846307,4.888708776846307
1997-04-01,NR_bar,4.245730341938399,4.245730341938399,4.623811222224655,4.871693087362667,4.871693087362667
1997-07-01,NR_bar,4.18575819000635,4.18575819000635,4.494745248777849,4.797561458973982,4.797561458973982
1997-10-01,NR_bar,4.2371599490577845,4.2371599490577845,4.2640404364227305,4.631944424314245,4.631944424314245
1998-01-01,NR_bar,4.167664441925643,4.167664441925643,4.286626986560416,4.584978615675951,4.584978615675951
1998-04-01,NR_bar,4.123563909190123,4.123563909190123,4.3843296545372095,4.553676029468582,4.553676029468582
1998-07-01,NR_bar,4.151231747795878,4.151231747795878,4.270346909196622,4.5699150855025445,4.5699150855025445
1998-10-01,NR_bar,4.130397193921887,4.130397193921887,4.238019354285118,4.567743758125034,4.567743758125034
1999-01-01,NR_bar,3.9935975702497992,3.9935975702497992,4.103535113654419,4.573436618433285,4.573436618433285
1999-04-01,NR_bar,3.8960755346629448,3.8960755346629448,4.243280052688702,4.619028419867012,4.619028419867012
1999-07-01,NR_bar,4.127029940505323,4.127029940505323,4.370765264905141,4.4777291119621365,4.4777291119621365
1999-10-01,NR_bar,4.134907907882366,4.134907907882366,4.162096013669666,4.713334794804904,4.713334794804904
2000-01-01,NR_bar,4.175071734006682,4.175071734006682,4.358690458927717,4.654423731084716,4.654423731084716
2000-04-01,NR_bar,4.049334569435084,4.049334569435084,4.180285519165649,4.497393777253652,4.497393777253652
2000-07-01,NR_bar,4.1073990676236765,4.1073990676236765,4.21294841014332,4.4091117515014595,4.4091117515014595
2000-10-01,NR_bar,4.042607655662384,4.042607655662384,4.229322577206089,4.310590026967928,4.310590026967928
2001-01-01,NR_bar,4.080789891543642,4.080789891543642,4.220952262299878,4.442832118393142,4.442832118393142
2001-04-01,NR_bar,4.213981317021272,4.213981317021272,4.331523327194617,4.545529575021041,4.545529575021041
2001-07-01,NR_bar,4.226768556381481,4.226768556381481,4.338627034114671,4.6311832567962945,4.6311832567962945
2001-10-01,NR_bar,4.189891460065015,4.189891460065015,4.4785650886537915,4.708430585987392,4.708430585987392
2002-01-01,NR_bar,4.166751651431679,4.166751651431679,4.476960029327499,4.706874814354494,4.706874814354494
2002-04-01,NR_bar,4.212055557078198,4.212055557078198,4.466759812093324,4.630358177533679,4.630358177533679
2002-07-01,NR_bar,4.12363105881356,4.12363105881356,4.390313771497875,4.563425079896664,4.563425079896664
2002-10-01,NR_bar,4.150301753598802,4.150301753598802,4.417046364393979,4.492098126161393,4.492098126161393
2003-01-01,NR_bar,4.322723187116548,4.322723187116548,4.3873771519889635,4.527754799230851,4.527754799230851
2003-04-01,NR_bar,4.220743408162616,4.220743408162616,4.381775164899537,4.395963415726761,4.395963415726761
2003-07-01,NR_bar,4.097279922979304,4.097279922979304,4.227246331232372,4.342358913059066,4.342358913059066
2003-10-01,NR_bar,4.051033758675938,4.051033758675938,4.32683705726463,4.363149581679629,4.363149581679629
2004-01-01,NR_bar,4.135531941959641,4.135531941959641,4.263455680855479,4.410143272216962,4.410143272216962
2004-04-01,NR_bar,4.178683899804703,4.178683899804703,4.375194725576978,4.455880830038304,4.455880830038304
2004-07-01,NR_bar,4.168380842234448,4.168380842234448,4.249605008785368,4.433544012234286,4.433544012234286
2004-10-01,NR_bar,3.9920372968878404,3.9920372968878404,4.176906480335125,4.433861265562715,4.433861265562715
2005-01-01,NR_bar,3.8629265991851147,3.8629265991851147,4.077293426993,4.192903527914023,4.192903527914023
2005-04-01,NR_bar,3.9231512623313005,3.9231512623313005,4.002909331706918,4.284904281700831,4.284904281700831
2005-07-01,NR_bar,3.900939453661301,3.900939453661301,4.0283116798366585,4.21975676749839,4.21975676749839
2005-10-01,NR_bar,3.7905766721343985,3.7905766721343985,4.000609714392453,4.0988229398246565,4.0988229398246565
2006-01-01,NR_bar,3.9098716282562154,3.9098716282562154,3.9860361475237225,4.079229064340515,4.079229064340515
2006-04-01,NR_bar,3.908330527453849,3.908330527453849,4.059922875243441,4.147126354955749,4.147126354955749
2006-07-01,NR_bar,3.816223691851893,3.816223691851893,4.086905618882118,4.131423151181346,4.131423151181346
2006-10-01,NR_bar,3.7342212225634746,3.7342212225634746,3.8734191444576282,4.0238968484226865,4.0238968484226865
2007-01-01,NR_bar,3.671219840639128,3.671219840639128,4.010502776323515,4.20676403840164,4.20676403840164
2007-04-01,NR_bar,3.677736835785031,3.677736835785031,3.8583559904445597,4.3205124920640285,4.3205124920640285
2007-07-01,NR_bar,3.6503505362575543,3.6503505362575543,3.9082695946822352,4.315775966437554,4.315775966437554
2007-10-01,NR_bar,3.524382396003527,3.524382396003527,3.9917639382878978,4.085331092701496,4.085331092701496
2008-01-01,NR_bar,3.7411439092007823,3.7411439092007823,3.9741431462114316,4.090360006223813,4.090360006223813
2008-04-01,NR_bar,3.628212591439964,3.628212591439964,3.8279248004884217,4.114833112806037,4.114833112806037
2008-07-01,NR_bar,3.7100633764476263,3.7100633764476263,3.9230478042948005,4.009906868425114,4.009906868425114
2008-10-01,NR_bar,3.6445339380653596,3.6445339380653596,3.9197918063051613,4.073928242825145,4.073928242825145
2009-01-01,NR_bar,3.640284466333706,3.640284466333706,3.752616942585302,4.181286149211234,4.181286149211234
2009-04-01,NR_bar,3.7510191603345406,3.7510191603345406,3.892600222873283,4.237009714905014,4.237009714905014
2009-07-01,NR_bar,3.6369831985374237,3.6369831985374237,3.8265961727171716,4.252359277982371,4.252359277982371
2009-10-01,NR_bar,3.4901584157342933,3.4901584157342933,3.802656588506756,4.311688340052457,4.311688340052457
2010-01-01,NR_bar,3.527088024232227,3.527088024232227,3.6693909748908,4.039776987699717,4.039776987699717
2010-04-01,NR_bar,3.4913478569166996,3.4913478569166996,3.5310040606876534,3.9626203250311383,3.9626203250311383
2010-07-01,NR_bar,3.4065555628508157,3.4065555628508157,3.5503802308595387,3.8303952152353746,3.8303952152353746
2010-10-01,NR_bar,3.3775417071034384,3.3775417071034384,3.481723785503269,3.845932079208519,3.845932079208519
2011-01-01,NR_bar,3.362984078122678,3.362984078122678,3.590135558166061,3.9619884485498966,3.9619884485498966
2011-04-01,NR_bar,3.345756994967168,3.345756994967168,3.4514547145507453,3.906459887300838,3.906459887300838
2011-07-01,NR_bar,3.3281165348363593,3.3281165348363593,3.577111703085996,3.9443154844053523,3.9443154844053523
2011-10-01,NR_bar,3.1812173633288037,3.1812173633288037,3.426163621547777,3.7585766350313228,3.7585766350313228
2012-01-01,NR_bar,3.1385674129170367,3.1385674129170367,3.445217904635791,3.7400968271626627,3.7400968271626627
2012-04-01,NR_bar,2.9969285844306475,2.9969285844306475,3.4073043876007127,3.779058097381503,3.779058097381503
2012-07-01,NR_bar,2.9851593483489367,2.9851593483489367,3.3230791269137523,3.5634481861497167,3.5634481861497167
2012-10-01,NR_bar,2.854882522917076,2.854882522917076,3.200927255039743,3.536409768437075,3.536409768437075
2013-01-01,NR_bar,2.997524066084747,2.997524066084747,3.1234924332224963,3.5219546898717704,3.5219546898717704
2013-04-01,NR_bar,2.972223546649682,2.972223546649682,3.134347891203599,3.5826903154268166,3.5826903154268166
2013-07-01,NR_bar,2.845507317350307,2.845507317350307,3.0881894404217336,3.3254549142943812,3.3254549142943812
2013-10-01,NR_bar,2.888621523792846,2.888621523792846,3.0266770267905634,3.306785763326693,3.306785763326693
2014-01-01,NR_bar,2.89965194260536,2.89965194260536,3.0878586626011106,3.2369751504439987,3.2369751504439987
2014-04-01,NR_bar,2.654066425300487,2.654066425300487,3.1021019247272283,3.226255914383322,3.226255914383322
2014-07-01,NR_bar,2.4278202941747673,2.4278202941747673,3.1802876471844597,3.3717488729491376,3.3717488729491376
2014-10-01,NR_bar,2.236009044467698,2.236009044467698,3.1170310620533557,3.3362334096381194,3.3362334096381194
2015-01-01,NR_bar,2.3919318309274127,2.3919318309274127,3.092561874052663,3.387781703400613,3.387781703400613
2015-04-01,NR_bar,2.4307908178885955,2.4307908178885955,3.0964130339305984,3.401235498146441,3.401235498146441
2015-07-01,NR_bar,2.418006536890761,2.418006536890761,3.1440812968078853,3.274469163714822,3.274469163714822
2015-10-01,NR_bar,2.428663067593211,2.428663067593211,3.17073203876063,3.326109121187673,3.326109121187673
2016-01-01,NR_bar,2.2635791330437347,2.2635791330437347,3.134511328958147,3.4334129428913567,3.4334129428913567
2016-04-01,NR_bar,2.0925909836169887,2.0925909836169887,3.043342243508852,3.5473666359117466,3.5473666359117466
2016-07-01,NR_bar,2.226590035687278,2.226590035687278,3.0257762241557815,3.359103164171429,3.359103164171429
2016-10-01,NR_bar,2.3556370755263427,2.3556370755263427,2.990165839261316,3.3072980444668003,3.3072980444668003
2017-01-01,NR_bar,2.606714400546709,2.606714400546709,2.9516163027999403,3.2074315027456217,3.2074315027456217
2017-04-01,NR_bar,2.5316015046307023,2.5316015046307023,2.968971314572658,3.1166463273221305,3.1166463273221305
2017-07-01,NR_bar,2.51176997988219,2.51176997988219,2.901514234502169,3.255816979058582,3.255816979058582
2017-10-01,NR_bar,2.6910647007916477,2.6910647007916477,2.8182224825457762,3.0458033945881864,3.0458033945881864
2018-01-01,NR_bar,2.577584700924429,2.577584700924429,2.862490616779681,3.109695773814228,3.109695773814228
2018-04-01,NR_bar,2.650421284502676,2.650421284502676,2.8242715666329405,3.0889261649037567,3.0889261649037567
2018-07-01,NR_bar,2.5170257767633064,2.5170257767633064,2.7241778244722763,3.139275400061531,3.139275400061531
2018-10-01,NR_bar,2.499572891327259,2.499572891327259,2.7018866426908303,2.9669169539490463,2.9669169539490463
2019-01-01,NR_bar,2.562684062344446,2.562684062344446,2.7122671568906536,2.9961735259690387,2.9961735259690387
2019-04-01,NR_bar,2.5695290073392645,2.5695290073392645,2.594501539105612,3.0693609747933124,3.0693609747933124
2019-07-01,NR_bar,2.5230352340736344,2.5230352340736344,2.668620142007173,2.9911232817471327,2.9911232817471327
2019-10-01,NR_bar,2.552367638531031,2.552367638531031,2.653322058029901,2.9654003997320144,2.9654003997320144
2020-01-01,NR_bar,2.5375228162887917,2.5375228162887917,2.674963182922629,3.0296834937360755,3.0296834937360755
2020-04-01,NR_bar,2.570968167110135,2.570968167110135,2.7017629759618984,2.8358361000337076,2.8358361000337076
2020-07-01,NR_bar,2.5941392763187556,2.5941392763187556,2.634851721663488,2.999329631754641,2.999329631754641
2020-10-01,NR_bar,2.5705268316903545,2.5705268316903545,2.6831955819045605,2.9161082673956757,2.9161082673956757
2021-01-01,NR_bar,2.5887852078245954,2.5887852078245954,2.610529491405189,2.945119023726223,2.945119023726223
2021-04-01,NR_bar,2.5757095535791437,2.5757095535791437,2.648949897631066,2.70914006453131,2.70914006453131
2021-07-01,NR_bar,2.5118383533143174,2.5118383533143174,2.688352575371934,2.80054581854728,2.80054581854728
2021-10-01,NR_bar,2.59903888657216,2.59903888657216,2.8101790934825464,2.855145427952779,2.855145427952779
2022-01-01,NR_bar,2.593642409970532,2.593642409970532,2.777338313557885,2.9406247583152556,2.9406247583152556
2022-04-01,NR_bar,2.7301792477334383,2.7301792477334383,2.7701220551116705,2.9707913153045027,2.9707913153045027
2022-07-01,NR_bar,2.6064701864186945,2.6064701864186945,2.7519186189841185,2.896481906650847,2.896481906650847
2022-10-01,NR_bar,2.6269034082283604,2.6269034082283604,2.8047295819579414,2.9296773991540976,2.9296773991540976
2023-01-01,NR_bar,2.5856496829001157,2.5856496829001157,2.7534773268288912,2.992525692940573,2.992525692940573
2023-04-01,NR_bar,2.5606245460120407,2.5606245460120407,2.7470942317451432,2.8602238263016404,2.8602238263016404
2023-07-01,NR_bar,2.4039298160582465,2.4039298160582465,2.742253496796307,2.920636324004117,2.920636324004117
2023-10-01,NR_bar,2.558457054871207,2.558457054871207,2.6726094962877798,2.9328829021378753,2.9328829021378753
2024-01-01,NR_bar,2.533138019340709,2.533138019340709,2.6275137371015007,2.84193009883643,2.84193009883643
2024-04-01,NR_bar,2.370445256791969,2.370445256791969,2.7104230674125978,2.8534035372667836,2.8534035372667836
2024-07-01,NR_bar,2.443455471203759,2.443455471203759,2.722179754283174,2.947751699067215,2.947751699067215
2024-10-01,NR_bar,2.5050926734701955,2.5050926734701955,2.8721943198610713,2.8967957674096336,2.8967957674096336
2025-01-01,NR_bar,2.620187299695639,2.620187299695639,2.894247052904722,3.211578848250971,3.211578848250971
2025-04-01,NR_bar,2.5408843788108557,2.5408843788108557,2.8302183228053712,3.129485116221283,3.129485116221283
1960-01-01,Ts_bar,0.8225082334526472,0.8225082334526472,0.9088304374971844,1.6193218805828327,1.6193218805828327
1960-04-01,Ts_bar,0.8469310187370945,0.8469310187370945,0.9727253336236986,1.5884961470224677,1.5884961470224677
1960-07-01,Ts_bar,0.8182168130449512,0.8182168130449512,0.9368553017074007,1.544050765044462,1.544050765044462
1960-10-01,Ts_bar,0.8179038733629106,0.8179038733629106,0.9389999932863454,1.455008492188892,1.455008492188892
1961-01-01,Ts_bar,0.8739424153773666,0.8739424153773666,0.923244422709429,1.4706724973187106,1.4706724973187106
1961-04-01,Ts_bar,0.8939263314068516,0.8939263314068516,0.9625009633741115,1.4813348037298444,1.4813348037298444
1961-07-01,Ts_bar,0.9069002761560268,0.9069002761560268,0.9816467554452978,1.4687950223240944,1.4687950223240944
1961-10-01,Ts_bar,0.8753411077832757,0.8753411077832757,1.024889675216518,1.5087376503829681,1.5087376503829681
1962-01-01,Ts_bar,0.8071756101656263,0.8071756101656263,1.0068140065386786,1.5102375964335455,1.5102375964335455
1962-04-01,Ts_bar,0.7403952180721594,0.7403952180721594,1.02937009132572,1.4758352518697446,1.4758352518697446
1962-07-01,Ts_bar,0.7918255204495867,0.7918255204495867,1.0633913344012544,1.4623437902252308,1.4623437902252308
1962-10-01,Ts_bar,0.7850746657748439,0.7850746657748439,1.036750458250892,1.400528722520712,1.400528722520712
1963-01-01,Ts_bar,0.8435766678703385,0.8435766678703385,1.1516412545510724,1.3993642696864754,1.3993642696864754
1963-04-01,Ts_bar,0.8188578380361676,0.8188578380361676,1.1459423989949553,1.338244647910316,1.338244647910316
1963-07-01,Ts_bar,0.7524883473132915,0.7524883473132915,1.1353903433178962,1.37731850064519,1.37731850064519
1963-10-01,Ts_bar,0.691668107704085,0.691668107704085,1.125612968382148,1.364068539266826,1.364068539266826
1964-01-01,Ts_bar,0.701253385305444,0.701253385305444,1.1051085869820756,1.353338611270028,1.353338611270028
1964-04-01,Ts_bar,0.6290134574943582,0.6290134574943582,1.1447088033825457,1.311138052702388,1.311138052702388
1964-07-01,Ts_bar,0.7274106866444455,0.7274106866444455,1.137585344229854,1.2909333478376346,1.2909333478376346
1964-10-01,Ts_bar,0.8381089523349233,0.8381089523349233,1.095690344681241,1.293573694895368,1.293573694895368
1965-01-01,Ts_bar,0.7922693715602005,0.7922693715602005,1.092781012369415,1.3122130023300695,1.3122130023300695
1965-04-01,Ts_bar,0.7945409187439205,0.7945409187439205,1.131889637058331,1.3827799930637077,1.3827799930637077
1965-07-01,Ts_bar,0.8568846209517339,0.8568846209517339,1.0827626855510042,1.401068258126605,1.401068258126605
1965-10-01,Ts_bar,0.8115402898703107,0.8115402898703107,1.1374263871870043,1.4249121703140437,1.4249121703140437
1966-01-01,Ts_bar,0.7751938995534368,0.7751938995534368,1.1186792842679654,1.3991278032298935,1.3991278032298935
1966-04-01,Ts_bar,0.7863927380345866,0.7863927380345866,1.1315240256658552,1.3467269409522111,1.3467269409522111
1966-07-01,Ts_bar,0.8664550427428092,0.8664550427428092,1.2464766649345707,1.421123332724825,1.421123332724825
1966-10-01,Ts_bar,0.9046130927442313,0.9046130927442313,1.2399316964574532,1.4531143077816286,1.4531143077816286
1967-01-01,Ts_bar,0.855800968845564,0.855800968845564,1.218891126651339,1.4091089404714165,1.4091089404714165
1967-04-01,Ts_bar,0.8841457376528216,0.8841457376528216,1.2336631852321718,1.4667365878711143,1.4667365878711143
1967-07-01,Ts_bar,0.8733109356004854,0.8733109356004854,1.3324581424726374,1.4559766177835909,1.4559766177835909
1967-10-01,Ts_bar,0.9611785823323222,0.9611785823323222,1.2477095310920816,1.471261015588367,1.471261015588367
1968-01-01,Ts_bar,0.9984171618041598,0.9984171618041598,1.3115284257828324,1.4382336812520546,1.4382336812520546
1968-04-01,Ts_bar,0.9794373195392172,0.9794373195392172,1.3426876589947132,1.43956372587604,1.43956372587604
1968-07-01,Ts_bar,0.926699450765804,0.926699450765804,1.2944265598034264,1.4938915772159684,1.4938915772159684
1968-10-01,Ts_bar,0.9936135501230366,0.9936135501230366,1.3007899980058795,1.4719399297707778,1.4719399297707778
1969-01-01,Ts_bar,0.9565180351043228,0.9565180351043228,1.280999156399386,1.4445683057585113,1.4445683057585113
1969-04-01,Ts_bar,0.971324027819934,0.971324027819934,1.3022614596150466,1.473826518850279,1.473826518850279
1969-07-01,Ts_bar,0.9406773773642647,0.9406773773642647,1.3272518489024,1.5168159544373276,1.5168159544373276
1969-10-01,Ts_bar,0.9451445919749191,0.9451445919749191,1.4271274639953644,1.5438236891247243,1.5438236891247243
1970-01-01,Ts_bar,0.9685166314014018,0.9685166314014018,1.4157897716634524,1.4875882018602147,1.4875882018602147
1970-04-01,Ts_bar,0.9236142446939724,0.9236142446939724,1.454257340538731,1.5411498623545108,1.5411498623545108
1970-07-01,Ts_bar,0.9113420483140665,0.9113420483140665,1.4269913070139153,1.5759826587346488,1.5759826587346488
1970-10-01,Ts_bar,0.9008923962670404,0.9008923962670404,1.5572457360746095,1.5834801756015124,1.5834801756015124
1971-01-01,Ts_bar,0.9221972207264291,0.9221972207264291,1.4209419919287785,1.6292000191132303,1.6292000191132303
1971-04-01,Ts_bar,0.9571244840329706,0.9571244840329706,1.4669835827885958,1.611695868272568,1.611695868272568
1971-07-01,Ts_bar,1.0258155822329629,1.0258155822329629,1.4601541195977144,1.6268900064355418,1.6268900064355418
1971-10-01,Ts_bar,1.0766811972147572,1.0766811972147572,1.5069364024875715,1.5615579699527613,1.5615579699527613
1972-01-01,Ts_bar,0.9842410047734566,0.9842410047734566,1.484563314984196,1.5727916196215332,1.5727916196215332
1972-04-01,Ts_bar,0.9738661539145215,0.9738661539145215,1.5338789695461683,1.656303043993162,1.656303043993162
1972-07-01,Ts_bar,1.0111401227411825,1.0111401227411825,1.509106382915111,1.6760291141621715,1.6760291141621715
1972-10-01,Ts_bar,1.0319189908261381,1.0319189908261381,1.5707475717290786,1.823285331389887,1.823285331389887
1973-01-01,Ts_bar,0.9995625600679777,0.9995625600679777,1.5910415186747888,1.818082624445912,1.818082624445912
1973-04-01,Ts_bar,0.9928020807082568,0.9928020807082568,1.6083577634044852,1.8821606201448287,1.8821606201448287
1973-07-01,Ts_bar,1.0428072400875266,1.0428072400875266,1.7138552351563823,1.8724808421879624,1.8724808421879624
1973-10-01,Ts_bar,1.0387992201548144,1.0387992201548144,1.6862986302572351,1.7978582823614766,1.7978582823614766
1974-01-01,Ts_bar,1.0974417666056913,1.0974417666056913,1.6635449452781153,1.7907329522049793,1.7907329522049793
1974-04-01,Ts_bar,1.017098684123712,1.017098684123712,1.6924904672128247,1.8212420622264236,1.8212420622264236
1974-07-01,Ts_bar,1.0618137487757189,1.0618137487757189,1.6742561421897322,1.9344886955415512,1.9344886955415512
1974-10-01,Ts_bar,0.9838569537958852,0.9838569537958852,1.631904551797972,1.9485651509467468,1.9485651509467468
1975-01-01,Ts_bar,0.8870506646130629,0.8870506646130629,1.649310388008633,2.016831983427799,2.016831983427799
1975-04-01,Ts_bar,0.8792496081320084,0.8792496081320084,1.670542465883982,1.950155389338849,1.950155389338849
1975-07-01,Ts_bar,0.8906061736141229,0.8906061736141229,1.63741794843217,1.9645991705819281,1.9645991705819281
1975-10-01,Ts_bar,0.8358275277655657,0.8358275277655657,1.6271416346478915,1.9405052885976044,1.9405052885976044
1976-01-01,Ts_bar,0.8779462741571432,0.8779462741571432,1.6156643965835094,1.8325804352061381,1.8325804352061381
1976-04-01,Ts_bar,0.933948840148622,0.933948840148622,1.6301287982001378,1.793306883186942,1.793306883186942
1976-07-01,Ts_bar,0.9908231205354822,0.9908231205354822,1.6871863301470678,1.7551918283804087,1.7551918283804087
1976-10-01,Ts_bar,1.0300213221532408,1.0300213221532408,1.7257232779106686,1.7455076017430105,1.7455076017430105
1977-01-01,Ts_bar,1.096534639841271,1.096534639841271,1.701956083133452,1.792345900296572,1.792345900296572
1977-04-01,Ts_bar,1.1027011712858439,1.1027011712858439,1.6866850940768923,1.8225833401425215,1.8225833401425215
1977-07-01,Ts_bar,1.0682022493754364,1.0682022493754364,1.6915322135136968,1.8490836449196886,1.8490836449196886
1977-10-01,Ts_bar,1.011091374420195,1.011091374420195,1.7306469110632767,1.7812511135842257,1.7812511135842257
1978-01-01,Ts_bar,1.136394761326466,1.136394761326466,1.804292360037188,1.8804553002222189,1.8804553002222189
1978-04-01,Ts_bar,1.1011988759318507,1.1011988759318507,1.7280231594886688,1.8436310687054847,1.8436310687054847
1978-07-01,Ts_bar,1.132710550921743,1.132710550921743,1.7467611252070718,1.8917218504655198,1.8917218504655198
1978-10-01,Ts_bar,1.1983835153712095,1.1983835153712095,1.8107284413942755,1.9055945125428286,1.9055945125428286
1979-01-01,Ts_bar,1.3095452959934284,1.3095452959934284,1.797278670862074,1.9750325659831893,1.9750325659831893
1979-04-01,Ts_bar,1.3495768158143133,1.3495768158143133,1.753890501320779,1.9969132504946132,1.9969132504946132
1979-07-01,Ts_bar,1.3585382627296942,1.3585382627296942,1.7478463981489072,2.101185665223576,2.101185665223576
1979-10-01,Ts_bar,1.4901878424621338,1.4901878424621338,1.828869434537842,2.091188484095208,2.091188484095208
1980-01-01,Ts_bar,1.572738810750075,1.572738810750075,1.8506997002589691,2.1004731118027395,2.1004731118027395
1980-04-01,Ts_bar,1.4799245440526076,1.4799245440526076,1.8482683413120842,2.071277759828636,2.071277759828636
1980-07-01,Ts_bar,1.5546821686676329,1.5546821686676329,1.8051302949770425,2.1558542575332442,2.1558542575332442
1980-10-01,Ts_bar,1.5245325262645504,1.5245325262645504,1.8829115985873663,2.115263429560992,2.115263429560992
1981-01-01,Ts_bar,1.5735131419008093,1.5735131419008093,1.927518365933946,2.133822571837521,2.133822571837521
1981-04-01,Ts_bar,1.6731175779615428,1.6731175779615428,1.9494391508628213,2.244943852122302,2.244943852122302
1981-07-01,Ts_bar,1.8112648857862403,1.8112648857862403,2.077359832932974,2.2537180555367384,2.2537180555367384
1981-10-01,Ts_bar,1.7606642172607099,1.7606642172607099,2.0035580321890314,2.388231966788453,2.388231966788453
1982-01-01,Ts_bar,1.7746292521930709,1.7746292521930709,2.0818957788865067,2.4234118666681534,2.4234118666681534
1982-04-01,Ts_bar,1.8585471725724976,1.8585471725724976,2.058624448588354,2.4751815562796025,2.4751815562796025
1982-07-01,Ts_bar,1.8942249131337878,1.8942249131337878,2.0305594328179577,2.4686038179016667,2.4686038179016667
1982-10-01,Ts_bar,1.885358736162413,1.885358736162413,1.973193533244693,2.5248434679588083,2.5248434679588083
1983-01-01,Ts_bar,1.937022027621795,1.937022027621795,2.003787219452022,2.5642974269586514,2.5642974269586514
1983-04-01,Ts_bar,1.9916833026995715,1.9916833026995715,2.0299654386373955,2.59616092126007,2.59616092126007
1983-07-01,Ts_bar,1.9713609750272771,1.9713609750272771,2.0633045961205303,2.672787695977343,2.672787695977343
1983-10-01,Ts_bar,1.9438520072649679,1.9438520072649679,2.117579261223768,2.6964892608785216,2.6964892608785216
1984-01-01,Ts_bar,2.0355738802828567,2.0355738802828567,2.1049931461499414,2.6912250416768297,2.6912250416768297
1984-04-01,Ts_bar,2.082220810801497,2.082220810801497,2.205468027970895,2.6863432270313288,2.6863432270313288
1984-07-01,Ts_bar,2.041751980923836,2.041751980923836,2.194283086674651,2.689461951010333,2.689461951010333
1984-10-01,Ts_bar,1.9451389492274995,1.9451389492274995,2.1580839599098964,2.669349252155668,2.669349252155668
1985-01-01,Ts_bar,1.9893510018550757,1.9893510018550757,2.230448620310382,2.57214921863601,2.57214921863601
1985-04-01,Ts_bar,1.948926380934023,1.948926380934023,2.2209939535088243,2.500916179858483,2.500916179858483
1985-07-01,Ts_bar,2.0318433458397545,2.0318433458397545,2.1879145419156574,2.4252617071175506,2.4252617071175506
1985-10-01,Ts_bar,2.0278049855909126,2.0278049855909126,2.169558302714359,2.369909825973363,2.369909825973363
1986-01-01,Ts_bar,1.9627155682676334,1.9627155682676334,2.1342935181067073,2.32979119149148,2.32979119149148
1986-04-01,Ts_bar,1.9087034608071667,1.9087034608071667,2.217087667605718,2.3588083915544718,2.3588083915544718
1986-07-01,Ts_bar,1.8465598082182257,1.8465598082182257,2.2448873287039053,2.3886937382606126,2.3886937382606126
1986-10-01,Ts_bar,1.7809840034193725,1.7809840034193725,2.1694514104097626,2.3806049272379863,2.3806049272379863
1987-01-01,Ts_bar,1.8694772357562048,1.8694772357562048,2.1692173887738053,2.3688958903061104,2.3688958903061104
1987-04-01,Ts_bar,1.8847198262579956,1.8847198262579956,2.2462719153452966,2.4622172043293205,2.4622172043293205
1987-07-01,Ts_bar,1.9423285317327206,1.9423285317327206,2.2999207788353773,2.4668667707412064,2.4668667707412064
1987-10-01,Ts_bar,1.9963607200423208,1.9963607200423208,2.2642197496568732,2.4094742707346906,2.4094742707346906
1988-01-01,Ts_bar,2.056163349850959,2.056163349850959,2.233558884747178,2.409746158795778,2.409746158795778
1988-04-01,Ts_bar,2.0322381404539054,2.0322381404539054,2.118081173984416,2.3543709689673493,2.3543709689673493
1988-07-01,Ts_bar,1.990407887123577,1.990407887123577,2.066593468146963,2.375214284398891,2.375214284398891
1988-10-01,Ts_bar,2.035948765099529,2.035948765099529,2.147030774778387,2.342987687157579,2.342987687157579
1989-01-01,Ts_bar,2.0305367361085445,2.0305367361085445,2.1578710458150137,2.305782739395077,2.305782739395077
1989-04-01,Ts_bar,2.0060092332782626,2.0060092332782626,2.1685689639393675,2.272643850836422,2.272643850836422
1989-07-01,Ts_bar,1.9603273885657988,1.9603273885657988,2.1167427968879045,2.2163959724876086,2.2163959724876086
1989-10-01,Ts_bar,1.93067136413255,1.93067136413255,2.1678007506623973,2.2186176351094824,2.2186176351094824
1990-01-01,Ts_bar,1.9628757900987641,1.9628757900987641,2.1114894309058365,2.1977550129154504,2.1977550129154504
1990-04-01,Ts_bar,1.8628671820129186,1.8628671820129186,2.1673462107507584,2.2578173314329577,2.2578173314329577
1990-07-01,Ts_bar,1.8667558071269343,1.8667558071269343,2.191183964701007,2.219612064226991,2.219612064226991
1990-10-01,Ts_bar,1.8404877671803785,1.8404877671803785,2.127245272475813,2.2256581899510977,2.2256581899510977
1991-01-01,Ts_bar,1.8207217216560978,1.8207217216560978,2.1324842305604266,2.257392933934952,2.257392933934952
1991-04-01,Ts_bar,1.8553811488176528,1.8553811488176528,2.118286145740189,2.2404232418994474,2.2404232418994474
1991-07-01,Ts_bar,1.7658987781998383,1.7658987781998383,2.127264867003881,2.160146180796555,2.160146180796555
1991-10-01,Ts_bar,1.8311387513218258,1.8311387513218258,2.077774545696886,2.155976306392088,2.155976306392088
1992-01-01,Ts_bar,1.8284228126206528,1.8284228126206528,2.0838308276692326,2.192238101793019,2.192238101793019
1992-04-01,Ts_bar,1.855384494518369,1.855384494518369,2.0897217643704846,2.1832208255329033,2.1832208255329033
1992-07-01,Ts_bar,1.9260337873207334,1.9260337873207334,1.979547070849165,2.1667895586390054,2.1667895586390054
1992-10-01,Ts_bar,1.8793669613718662,1.8793669613718662,1.9712786388674104,2.2222925284665447,2.2222925284665447
1993-01-01,Ts_bar,1.8596682129114042,1.8596682129114042,1.969188403845639,2.2714994749908155,2.2714994749908155
1993-04-01,Ts_bar,1.8468254408259277,1.8468254408259277,1.9783049498935594,2.252723962318618,2.252723962318618
1993-07-01,Ts_bar,1.7617788143798185,1.7617788143798185,1.9487124590334899,2.1808056820311155,2.1808056820311155
1993-10-01,Ts_bar,1.7214788450723901,1.7214788450723901,1.9421741589160804,2.186199701329433,2.186199701329433
1994-01-01,Ts_bar,1.64345836355859,1.64345836355859,2.0519006153717867,2.180897971915346,2.180897971915346
1994-04-01,Ts_bar,1.676157643891844,1.676157643891844,2.120473710130888,2.2094636006878567,2.2094636006878567
1994-07-01,Ts_bar,1.7696951532334424,1.7696951532334424,2.1235998020337994,2.176286571504939,2.176286571504939
1994-10-01,Ts_bar,1.8765063234174364,1.8765063234174364,2.1027544943015744,2.1614477461789634,2.1614477461789634
1995-01-01,Ts_bar,1.9142565065111734,1.9142565065111734,2.075188234024945,2.177030724496406,2.177030724496406
1995-04-01,Ts_bar,1.8939970548367275,1.8939970548367275,2.047147124975368,2.1901724744394757,2.1901724744394757
1995-07-01,Ts_bar,1.8680813304470962,1.8680813304470962,2.0378174637942585,2.1651941325426756,2.1651941325426756
1995-10-01,Ts_bar,1.864576802375757,1.864576802375757,2.0026476825718955,2.216135808514621,2.216135808514621
1996-01-01,Ts_bar,1.889797050424419,1.889797050424419,2.0269161275727696,2.2339863611308735,2.2339863611308735
1996-04-01,Ts_bar,1.915473923915375,1.915473923915375,2.0048588397309284,2.1727434909745487,2.1727434909745487
1996-07-01,Ts_bar,1.9159037181557173,1.9159037181557173,1.963908084310597,2.2058237364418347,2.2058237364418347
1996-10-01,Ts_bar,1.8631809048939316,1.8631809048939316,1.8816572821732152,2.198773048192336,2.198773048192336
1997-01-01,Ts_bar,1.83296941445,1.83296941445,1.9224593055368195,2.1791553464017364,2.1791553464017364
1997-04-01,Ts_bar,1.8326030981566668,1.8326030981566668,1.9121160570984532,2.139243355381081,2.139243355381081
1997-07-01,Ts_bar,1.8252521778197548,1.8252521778197548,1.8780860842950076,2.091408541195604,2.091408541195604
1997-10-01,Ts_bar,1.7557829948972532,1.7557829948972532,1.890169199423543,2.074031197772828,2.074031197772828
1998-01-01,Ts_bar,1.7925631987579114,1.7925631987579114,1.9173731768657307,2.020347453272266,2.020347453272266
1998-04-01,Ts_bar,1.6991407566557848,1.6991407566557848,1.9162994108165692,1.988461067563164,1.988461067563164
1998-07-01,Ts_bar,1.7100512929576497,1.7100512929576497,1.8635499509956979,1.9899627293392286,1.9899627293392286
1998-10-01,Ts_bar,1.7686904191787494,1.7686904191787494,1.8186856580004893,1.8948903538665873,1.8948903538665873
1999-01-01,Ts_bar,1.7072596287334614,1.7072596287334614,1.8279426014478282,1.9164899577225691,1.9164899577225691
1999-04-01,Ts_bar,1.6489582214239662,1.6489582214239662,1.835378987949075,1.942951299504982,1.942951299504982
1999-07-01,Ts_bar,1.624533969088799,1.624533969088799,1.8104751798661587,1.9236087674374778,1.9236087674374778
1999-10-01,Ts_bar,1.6328441068650592,1.6328441068650592,1.7638614440525495,1.953620292446132,1.953620292446132
2000-01-01,Ts_bar,1.5559581380908372,1.5559581380908372,1.825161856523806,1.929884075713751,1.929884075713751
2000-04-01,Ts_bar,1.5315667741250856,1.5315667741250856,1.7769612291088677,2.0143808842125503,2.0143808842125503
2000-07-01,Ts_bar,1.5500579355897348,1.5500579355897348,1.7113005139544768,2.053196817711822,2.053196817711822
2000-10-01,Ts_bar,1.6417966645973234,1.6417966645973234,1.7711335018807774,2.1067842296446413,2.1067842296446413
2001-01-01,Ts_bar,1.605219435613012,1.605219435613012,1.7939125053568885,2.16024800167474,2.16024800167474
2001-04-01,Ts_bar,1.5459509466727266,1.5459509466727266,1.7933019715557457,2.0828419916789365,2.0828419916789365
2001-07-01,Ts_bar,1.5400878301755023,1.5400878301755023,1.7389158016171617,2.0834151617625274,2.0834151617625274
2001-10-01,Ts_bar,1.571281582978782,1.571281582978782,1.707208591335293,2.05038627114417,2.05038627114417
2002-01-01,Ts_bar,1.5507904711336782,1.5507904711336782,1.7095745153137127,2.0740585900431228,2.0740585900431228
2002-04-01,Ts_bar,1.5643589754109164,1.5643589754109164,1.5740173704940512,2.0318897234730624,2.0318897234730624
2002-07-01,Ts_bar,1.5202891547174404,1.5202891547174404,1.6958245440208723,2.042112596962985,2.042112596962985
2002-10-01,Ts_bar,1.480313700529834,1.480313700529834,1.749704731602876,1.993772560274243,1.993772560274243
2003-01-01,Ts_bar,1.5259310997937479,1.5259310997937479,1.7747310473913944,1.987841684148138,1.987841684148138
2003-04-01,Ts_bar,1.600635418920962,1.600635418920962,1.7261935548855105,1.9820609746491757,1.9820609746491757
2003-07-01,Ts_bar,1.557335084735403,1.557335084735403,1.6850868814323747,1.7932204280559918,1.7932204280559918
2003-10-01,Ts_bar,1.537108959220171,1.537108959220171,1.7500482350518565,1.7943849877381624,1.7943849877381624
2004-01-01,Ts_bar,1.5087223697352894,1.5087223697352894,1.6628475869556574,1.7970043856896305,1.7970043856896305
2004-04-01,Ts_bar,1.5588425775538624,1.5588425775538624,1.665400207592304,1.774365522191687,1.774365522191687
2004-07-01,Ts_bar,1.5147287336227169,1.5147287336227169,1.6540562695393703,1.7213978600349897,1.7213978600349897
2004-10-01,Ts_bar,1.4647865557419164,1.4647865557419164,1.6692840109069056,1.700771643376333,1.700771643376333
2005-01-01,Ts_bar,1.433313086613656,1.433313086613656,1.6439765313343169,1.7322363873548743,1.7322363873548743
2005-04-01,Ts_bar,1.3974633623539379,1.3974633623539379,1.5812038694445163,1.6673736894935958,1.6673736894935958
2005-07-01,Ts_bar,1.355739965031235,1.355739965031235,1.5738018967474026,1.6597806192176714,1.6597806192176714
2005-10-01,Ts_bar,1.388946891724804,1.388946891724804,1.4910251651830226,1.687630686384891,1.687630686384891
2006-01-01,Ts_bar,1.391576938868411,1.391576938868411,1.4287012687227147,1.7021587128297724,1.7021587128297724
2006-04-01,Ts_bar,1.3326724262324003,1.3326724262324003,1.5067679161612006,1.6290068949274634,1.6290068949274634
2006-07-01,Ts_bar,1.3105870609791586,1.3105870609791586,1.4838072967422087,1.6000926323508753,1.6000926323508753
2006-10-01,Ts_bar,1.2552604857102878,1.2552604857102878,1.4943088907430764,1.5215036496318946,1.5215036496318946
2007-01-01,Ts_bar,1.2769426471494711,1.2769426471494711,1.4188742237959406,1.4740800392655578,1.4740800392655578
2007-04-01,Ts_bar,1.2311111162735788,1.2311111162735788,1.425099889550939,1.567543138756469,1.567543138756469
2007-07-01,Ts_bar,1.202892501201131,1.202892501201131,1.4232198700760978,1.4652220627225092,1.4652220627225092
2007-10-01,Ts_bar,1.2463801834383257,1.2463801834383257,1.2860854280056853,1.575459892628689,1.575459892628689
2008-01-01,Ts_bar,1.2381273687879015,1.2381273687879015,1.382827146616478,1.5075149384352804,1.5075149384352804
2008-04-01,Ts_bar,1.2483732263900562,1.2483732263900562,1.4196906632044044,1.5069538555435922,1.5069538555435922
2008-07-01,Ts_bar,1.2474691095305162,1.2474691095305162,1.3048035024834401,1.530221875941063,1.530221875941063
2008-10-01,Ts_bar,1.147675340716974,1.147675340716974,1.2856005697219892,1.4521423846468164,1.4521423846468164
2009-01-01,Ts_bar,1.1070250593987514,1.1070250593987514,1.2853513069829863,1.5416900477441657,1.5416900477441657
2009-04-01,Ts_bar,1.0264719248218341,1.0264719248218341,1.3166284962402925,1.4800454428207976,1.4800454428207976
2009-07-01,Ts_bar,1.0587154688164568,1.0587154688164568,1.315039643539836,1.4797963425657596,1.4797963425657596
2009-10-01,Ts_bar,1.1066699598670178,1.1066699598670178,1.3505237378721098,1.5170759342510982,1.5170759342510982
2010-01-01,Ts_bar,1.100979906201209,1.100979906201209,1.242848132046207,1.5236227801463242,1.5236227801463242
2010-04-01,Ts_bar,0.9968156021607647,0.9968156021607647,1.2398179345725553,1.555738089363104,1.555738089363104
2010-07-01,Ts_bar,1.0190439975084309,1.0190439975084309,1.1639762991865503,1.468151797259039,1.468151797259039
2010-10-01,Ts_bar,1.0359192431941657,1.0359192431941657,1.1187772489986074,1.318010395165082,1.318010395165082
2011-01-01,Ts_bar,1.028845540223646,1.028845540223646,1.0474076131930523,1.303804714630686,1.303804714630686
2011-04-01,Ts_bar,0.9962809547662363,0.9962809547662363,1.049690922995129,1.385157380061463,1.385157380061463
2011-07-01,Ts_bar,0.9432450713558298,0.9432450713558298,1.1399045889386403,1.354460112469001,1.354460112469001
2011-10-01,Ts_bar,0.9917401807906459,0.9917401807906459,1.1382901695488075,1.399540856906559,1.399540856906559
2012-01-01,Ts_bar,0.9513563069138602,0.9513563069138602,1.0994388722967112,1.4319122540549034,1.4319122540549034
2012-04-01,Ts_bar,0.9766332907462986,0.9766332907462986,1.0176231148492816,1.389187110603069,1.389187110603069
2012-07-01,Ts_bar,0.9744457514881244,0.9744457514881244,1.0547475771262522,1.3768195224950635,1.3768195224950635
2012-10-01,Ts_bar,0.9818294652578755,0.9818294652578755,1.0845326282581236,1.3329109578549598,1.3329109578549598
2013-01-01,Ts_bar,0.9926348350880247,0.9926348350880247,1.1017104432951828,1.3104839344811268,1.3104839344811268
2013-04-01,Ts_bar,0.9914777014171672,0.9914777014171672,1.1659828087616213,1.2309421180259474,1.2309421180259474
2013-07-01,Ts_bar,1.05261951002076,1.05261951002076,1.0926928547535308,1.3268048677724562,1.3268048677724562
2013-10-01,Ts_bar,1.0884568375661903,1.0884568375661903,1.0923792148305642,1.2361747349746608,1.2361747349746608
2014-01-01,Ts_bar,1.0201673677648777,1.0201673677648777,1.1151001824654831,1.2774839039966301,1.2774839039966301
2014-04-01,Ts_bar,0.9867504314119848,0.9867504314119848,1.12484919667746,1.3007262151677257,1.3007262151677257
2014-07-01,Ts_bar,0.9207664082793403,0.9207664082793403,1.0844953967754207,1.3087479078239987,1.3087479078239987
2014-10-01,Ts_bar,0.8870585186828382,0.8870585186828382,1.1015173144988797,1.2585812470338889,1.2585812470338889
2015-01-01,Ts_bar,0.8471256560331569,0.8471256560331569,1.0653142663103676,1.2154685180699123,1.2154685180699123
2015-04-01,Ts_bar,0.8544107762941695,0.8544107762941695,1.0737440346530673,1.1707054318090397,1.1707054318090397
2015-07-01,Ts_bar,0.9093839435097733,0.9093839435097733,1.0518616810965948,1.1459564439897818,1.1459564439897818
2015-10-01,Ts_bar,0.8592742442963639,0.8592742442963639,1.0821908102150377,1.1091350150674437,1.1091350150674437
2016-01-01,Ts_bar,0.8181324809949472,0.8181324809949472,0.941499058657285,1.0774128557114426,1.0774128557114426
2016-04-01,Ts_bar,0.8051319025940941,0.8051319025940941,0.9971345276757564,1.1001378476594212,1.1001378476594212
2016-07-01,Ts_bar,0.8330440673765036,0.8330440673765036,0.9437600846601241,1.0334636700480195,1.0334636700480195
2016-10-01,Ts_bar,0.7859455722346358,0.7859455722346358,0.9245554486229027,0.993250731857729,0.993250731857729
2017-01-01,Ts_bar,0.707177376516255,0.707177376516255,0.952381351710331,1.0102435045984421,1.0102435045984421
2017-04-01,Ts_bar,0.7606440233645271,0.7606440233645271,0.9201508493114497,1.0324889524655125,1.0324889524655125
2017-07-01,Ts_bar,0.7344220494621889,0.7344220494621889,0.9137080322919189,1.095830796738942,1.095830796738942
2017-10-01,Ts_bar,0.8071914813528057,0.8071914813528057,0.934599180803265,1.0117076528865998,1.0117076528865998
2018-01-01,Ts_bar,0.8179685777057913,0.8179685777057913,0.9019615901124164,1.0334073793736012,1.0334073793736012
2018-04-01,Ts_bar,0.7776728102891723,0.7776728102891723,0.9523208209982305,1.0931523846168754,1.0931523846168754
2018-07-01,Ts_bar,0.7216357202128889,0.7216357202128889,0.8712696860920319,0.9967190333642383,0.9967190333642383
2018-10-01,Ts_bar,0.6585716655913805,0.6585716655913805,0.9288137955667873,1.0049590112695326,1.0049590112695326
2019-01-01,Ts_bar,0.6184895967426038,0.6184895967426038,0.8748241463910199,1.0118728136015611,1.0118728136015611
2019-04-01,Ts_bar,0.5653202225359157,0.5653202225359157,0.8579115739550418,0.9888588250162117,0.9888588250162117
2019-07-01,Ts_bar,0.5532304710370488,0.5532304710370488,0.8543276983128284,0.9674784808451263,0.9674784808451263
2019-10-01,Ts_bar,0.5869072362283937,0.5869072362283937,0.8650092103215824,0.8801043073333357,0.8801043073333357
2020-01-01,Ts_bar,0.6895791207292113,0.6895791207292113,0.8554594082875837,0.8662415109133187,0.8662415109133187
2020-04-01,Ts_bar,0.7338195216619753,0.7338195216619753,0.7976250421473018,0.8721009498290387,0.8721009498290387
2020-07-01,Ts_bar,0.7885762176217328,0.7885762176217328,0.8170068567255573,0.8738341393201893,0.8738341393201893
2020-10-01,Ts_bar,0.7227445695691371,0.7227445695691371,0.8489476607927342,0.9275666071706381,0.9275666071706381
2021-01-01,Ts_bar,0.661389825813917,0.661389825813917,0.8136231010903775,1.0042190176560648,1.0042190176560648
2021-04-01,Ts_bar,0.6894763464741631,0.6894763464741631,0.785207382153243,1.045930878632616,1.045930878632616
2021-07-01,Ts_bar,0.6037322990411196,0.6037322990411196,0.7924010833364588,1.0646717019958436,1.0646717019958436
2021-10-01,Ts_bar,0.597232927363699,0.597232927363699,0.8157466716247678,0.9965684791186684,0.9965684791186684
2022-01-01,Ts_bar,0.6889352157401952,0.6889352157401952,0.8526492956006863,0.9906830006258633,0.9906830006258633
2022-04-01,Ts_bar,0.6982323985465675,0.6982323985465675,0.9171091482363253,0.991157795863846,0.991157795863846
2022-07-01,Ts_bar,0.6881569941346155,0.6881569941346155,0.9058193290214364,1.0381075678499252,1.0381075678499252
2022-10-01,Ts_bar,0.764248699332681,0.764248699332681,0.9173586906403809,1.1002818096617137,1.1002818096617137
2023-01-01,Ts_bar,0.6623796226218926,0.6623796226218926,0.8731316613040812,0.9930767464573381,0.9930767464573381
2023-04-01,Ts_bar,0.6178924094867663,0.6178924094867663,0.8953856015962086,1.0097810052052547,1.0097810052052547
2023-07-01,Ts_bar,0.6483325654611692,0.6483325654611692,0.857996488071054,1.1019642942685248,1.1019642942685248
2023-10-01,Ts_bar,0.7464274955070566,0.7464274955070566,0.8304966478722853,1.1334914330593107,1.1334914330593107
2024-01-01,Ts_bar,0.7115362726773183,0.7115362726773183,0.8542348307868105,1.0755018716879665,1.0755018716879665
2024-04-01,Ts_bar,0.7050663783699237,0.7050663783699237,0.8398368035334558,1.1016571458306965,1.1016571458306965
2024-07-01,Ts_bar,0.6568894672563002,0.6568894672563002,0.8236177770273995,1.1098927761998396,1.1098927761998396
2024-10-01,Ts_bar,0.6485145243904556,0.6485145243904556,0.8629350055945014,1.1544009178909846,1.1544009178909846
2025-01-01,Ts_bar,0.6631587615522855,0.6631587615522855,0.8713523662706242,1.1875109484456021,1.1875109484456021
2025-04-01,Ts_bar,0.638788169227938,0.638788169227938,0.9185053461718544,1.232615275821326,1.232615275821326
