Date,Series,p2_5,p16,p50,p84,p97_5
1960-01-01,Pi,1.2634530688440297,1.2634530688440297,2.0535193562961767,2.3062338985706585,2.3062338985706585
1960-04-01,Pi,1.3294328551647252,1.3294328551647252,2.0239268005312887,2.163766113953762,2.163766113953762
1960-07-01,Pi,1.2183874873600087,1.2183874873600087,2.0110435366600323,2.122575277372609,2.122575277372609
1960-10-01,Pi,1.260869236919934,1.260869236919934,2.010816909692146,2.3157783236445897,2.3157783236445897
1961-01-01,Pi,1.1764185272667733,1.1764185272667733,1.9835201116128296,2.341047526772355,2.341047526772355
1961-04-01,Pi,1.1019292466133745,1.1019292466133745,2.000738986495822,2.370037590624466,2.370037590624466
1961-07-01,Pi,1.389266388238311,1.389266388238311,2.0664843287218218,2.47253542599518,2.47253542599518
1961-10-01,Pi,1.2957384092509008,1.2957384092509008,2.0514902633150127,2.3175651510005584,2.3175651510005584
1962-01-01,Pi,1.4066939816442934,1.4066939816442934,1.9345566644631227,2.4128177947719758,2.4128177947719758
1962-04-01,Pi,1.5726364909607136,1.5726364909607136,1.759539833262502,2.4118196342260116,2.4118196342260116
1962-07-01,Pi,1.5627384626842966,1.5627384626842966,1.6819653693852463,2.256529477060911,2.256529477060911
1962-10-01,Pi,1.6893096953344617,1.6893096953344617,1.800405270045004,2.3063812423231194,2.3063812423231194
1963-01-01,Pi,1.6584781469844836,1.6584781469844836,1.733324570787934,2.3789497026673576,2.3789497026673576
1963-04-01,Pi,1.6128278853246838,1.6128278853246838,1.9362421372317298,2.3286907542448825,2.3286907542448825
1963-07-01,Pi,1.6448974470486213,1.6448974470486213,2.007977190004771,2.4353819261089003,2.4353819261089003
1963-10-01,Pi,1.6172799914104619,1.6172799914104619,1.8668792402514724,2.236457916472733,2.236457916472733
1964-01-01,Pi,1.6455430588269133,1.6455430588269133,1.8526976212052977,2.4295157564312913,2.4295157564312913
1964-04-01,Pi,1.4841885817661327,1.4841885817661327,1.8338929954366874,2.5089384050050243,2.5089384050050243
1964-07-01,Pi,1.3824081300698556,1.3824081300698556,1.8334189070206368,2.5688475827905624,2.5688475827905624
1964-10-01,Pi,1.6057951883409207,1.6057951883409207,1.9139254727959323,2.5623374885297747,2.5623374885297747
1965-01-01,Pi,1.5347403031997835,1.5347403031997835,2.0209573748916454,2.488708574122254,2.488708574122254
1965-04-01,Pi,1.559950272894585,1.559950272894585,1.9593557178548116,2.441199404062428,2.441199404062428
1965-07-01,Pi,1.5780754357875761,1.5780754357875761,2.0987229930650986,2.6754390765119616,2.6754390765119616
1965-10-01,Pi,1.52152337838587,1.52152337838587,2.020449839970003,2.7168163863067507,2.7168163863067507
1966-01-01,Pi,1.5620068361030064,1.5620068361030064,2.0470395982696754,2.7526510666963495,2.7526510666963495
1966-04-01,Pi,1.542083276649407,1.542083276649407,2.0424219541432334,2.82244640210106,2.82244640210106
1966-07-01,Pi,1.7271274448044995,1.7271274448044995,1.951983604177808,2.680327653670467,2.680327653670467
1966-10-01,Pi,1.7322406299274022,1.7322406299274022,2.181348431112415,2.9482164284408356,2.9482164284408356
1967-01-01,Pi,1.8976683091820115,1.8976683091820115,2.3927211888682782,3.1400087152683582,3.1400087152683582
1967-04-01,Pi,1.9068499144038378,1.9068499144038378,2.5443428640596317,3.2421628230963937,3.2421628230963937
1967-07-01,Pi,2.0048553460629086,2.0048553460629086,2.515890649688018,3.256249199554442,3.256249199554442
1967-10-01,Pi,1.97351986804241,1.97351986804241,2.6252962632926904,3.2733125378167673,3.2733125378167673
1968-01-01,Pi,1.9134516080992787,1.9134516080992787,2.402125926840572,3.1967112350552327,3.1967112350552327
1968-04-01,Pi,1.944553910894682,1.944553910894682,2.4782625778789775,3.0270517609170176,3.0270517609170176
1968-07-01,Pi,1.9215651975072712,1.9215651975072712,2.6511970617149156,2.962359404712012,2.962359404712012
1968-10-01,Pi,2.1439134943280225,2.1439134943280225,2.5420442528759732,3.2057651121510298,3.2057651121510298
1969-01-01,Pi,2.3990561215084916,2.3990561215084916,2.7151401369137003,3.033919458970405,3.033919458970405
1969-04-01,Pi,2.5969304284788035,2.5969304284788035,2.7622360696189006,2.93249132339182,2.93249132339182
1969-07-01,Pi,2.656221988491848,2.656221988491848,2.815227028064321,3.064470096799831,3.064470096799831
1969-10-01,Pi,2.6155174510446586,2.6155174510446586,2.965410385441727,3.121206492679992,3.121206492679992
1970-01-01,Pi,2.824155724198786,2.824155724198786,2.997072128138977,3.1190750918351244,3.1190750918351244
1970-04-01,Pi,2.865985726847674,2.865985726847674,3.0415232748902605,3.2822289363277086,3.2822289363277086
1970-07-01,Pi,2.889917627139909,2.889917627139909,3.0714933926297676,3.3010773105167908,3.3010773105167908
1970-10-01,Pi,2.888701879653015,2.888701879653015,3.0964137639130236,3.2640913660934725,3.2640913660934725
1971-01-01,Pi,2.8563091490626236,2.8563091490626236,3.0416581258996747,3.1562587658950303,3.1562587658950303
1971-04-01,Pi,3.0257335229587827,3.0257335229587827,3.1308919182731962,3.1986490335805855,3.1986490335805855
1971-07-01,Pi,3.051788537501729,3.051788537501729,3.1467320649399197,3.241348910252367,3.241348910252367
1971-10-01,Pi,3.221474849591947,3.221474849591947,3.262407576520381,3.3319021666112247,3.3319021666112247
1972-01-01,Pi,3.3122026171835217,3.3122026171835217,3.3714451065804187,3.4093059065719644,3.4093059065719644
1972-04-01,Pi,3.447516716910944,3.447516716910944,3.5667017456620376,3.603302659056169,3.603302659056169
1972-07-01,Pi,3.469567781684324,3.469567781684324,3.603299997856984,3.6891255558109814,3.6891255558109814
1972-10-01,Pi,3.760200685095377,3.760200685095377,3.8106217711226655,3.885656184729452,3.885656184729452
1973-01-01,Pi,3.8706836340843935,3.8706836340843935,3.9238162911090604,3.939959790864495,3.939959790864495
1973-04-01,Pi,3.7124614958785305,3.7124614958785305,3.778793194591282,3.9191010783659457,3.9191010783659457
1973-07-01,Pi,3.707836833296455,3.707836833296455,3.870089033104302,3.935366073642942,3.935366073642942
1973-10-01,Pi,3.839020854611484,3.839020854611484,3.962784758880175,4.002846829288343,4.002846829288343
1974-01-01,Pi,4.074390632533187,4.074390632533187,4.111955677500466,4.140661100578324,4.140661100578324
1974-04-01,Pi,4.280375333325302,4.280375333325302,4.464588765594794,4.539279781767723,4.539279781767723
1974-07-01,Pi,4.553075561575226,4.553075561575226,4.5822726745492375,4.693058091565,4.693058091565
1974-10-01,Pi,4.531180944044316,4.531180944044316,4.707900266661594,4.728578670614963,4.728578670614963
1975-01-01,Pi,4.545201341398503,4.545201341398503,4.702649112636845,4.8833843704930295,4.8833843704930295
1975-04-01,Pi,4.779289556368422,4.779289556368422,4.8486696315607025,4.884454895066676,4.884454895066676
1975-07-01,Pi,4.8511745083717885,4.8511745083717885,4.915148900791567,4.970167449578361,4.970167449578361
1975-10-01,Pi,4.821605222666346,4.821605222666346,4.8947983327597955,4.950810163829479,4.950810163829479
1976-01-01,Pi,4.672603976999872,4.672603976999872,4.798478454611293,4.916679937324189,4.916679937324189
1976-04-01,Pi,4.494307678922144,4.494307678922144,4.659330034122466,4.74895755271862,4.74895755271862
1976-07-01,Pi,4.563721866161851,4.563721866161851,4.6759760013947895,4.744532829465352,4.744532829465352
1976-10-01,Pi,4.542118619012836,4.542118619012836,4.601023393049725,4.630801700472547,4.630801700472547
1977-01-01,Pi,4.603808585058198,4.603808585058198,4.639974270834212,4.645449041627211,4.645449041627211
1977-04-01,Pi,4.52558962121785,4.52558962121785,4.671336504243688,4.731726766117434,4.731726766117434
1977-07-01,Pi,4.6548605879942295,4.6548605879942295,4.779514854350984,4.883816203663476,4.883816203663476
1977-10-01,Pi,4.818994253947627,4.818994253947627,4.921477483375488,4.996632774138118,4.996632774138118
1978-01-01,Pi,4.957897205018657,4.957897205018657,5.015702297117575,5.107987495728962,5.107987495728962
1978-04-01,Pi,5.2293082164287865,5.2293082164287865,5.292895342027363,5.391017421306462,5.391017421306462
1978-07-01,Pi,5.3594983304425945,5.3594983304425945,5.4786012475362345,5.5041303306395,5.5041303306395
1978-10-01,Pi,5.513206575442004,5.513206575442004,5.624702821802584,5.695011616387162,5.695011616387162
1979-01-01,Pi,5.747487501236843,5.747487501236843,5.866419985274131,5.981553920777262,5.981553920777262
1979-04-01,Pi,5.936284766641257,5.936284766641257,6.021926261358474,6.050937793044755,6.050937793044755
1979-07-01,Pi,6.131662014213367,6.131662014213367,6.24594279113741,6.282891686804583,6.282891686804583
1979-10-01,Pi,6.196752479533882,6.196752479533882,6.341957476143725,6.399371776312096,6.399371776312096
1980-01-01,Pi,6.300936441602249,6.300936441602249,6.448286818315555,6.509405129897084,6.509405129897084
1980-04-01,Pi,6.207785064476307,6.207785064476307,6.315441517148653,6.346057717672361,6.346057717672361
1980-07-01,Pi,6.323208031982791,6.323208031982791,6.473670933419415,6.489960798631229,6.489960798631229
1980-10-01,Pi,6.511627537753356,6.511627537753356,6.580305323506467,6.917197406868151,6.917197406868151
1981-01-01,Pi,6.71768084672996,6.71768084672996,6.828204048762408,7.017547599130914,7.017547599130914
1981-04-01,Pi,6.698102994556453,6.698102994556453,6.938494374585055,6.987248051994888,6.987248051994888
1981-07-01,Pi,6.717473073944934,6.717473073944934,6.897456354942874,6.993609213750589,6.993609213750589
1981-10-01,Pi,6.716144163072754,6.716144163072754,6.7824124869932385,6.885687051698817,6.885687051698817
1982-01-01,Pi,6.417280737951159,6.417280737951159,6.620658983622107,6.6817465083008765,6.6817465083008765
1982-04-01,Pi,6.285428649150292,6.285428649150292,6.428619743264088,6.502744716715838,6.502744716715838
1982-07-01,Pi,6.314739872232565,6.314739872232565,6.3614623197357485,6.463487681995933,6.463487681995933
1982-10-01,Pi,6.063423007606732,6.063423007606732,6.158221289795137,6.248421243363258,6.248421243363258
1983-01-01,Pi,6.088021969150225,6.088021969150225,6.144133070129733,6.270956548695292,6.270956548695292
1983-04-01,Pi,6.047305434552133,6.047305434552133,6.11058296985606,6.2533085158043615,6.2533085158043615
1983-07-01,Pi,6.087133620302277,6.087133620302277,6.112382765186351,6.132239877728697,6.132239877728697
1983-10-01,Pi,6.028697249149565,6.028697249149565,6.05088523106249,6.258098131427779,6.258098131427779
1984-01-01,Pi,5.858869112291523,5.858869112291523,5.951749845929444,6.106435570361647,6.106435570361647
1984-04-01,Pi,5.783260341785065,5.783260341785065,5.795060758434538,5.95705784893575,5.95705784893575
1984-07-01,Pi,5.558703820681304,5.558703820681304,5.6863324243559505,5.743845071097977,5.743845071097977
1984-10-01,Pi,5.356970073849338,5.356970073849338,5.4051517547562415,5.459283730547362,5.459283730547362
1985-01-01,Pi,5.1312005082568355,5.1312005082568355,5.142650347381808,5.355764402541385,5.355764402541385
1985-04-01,Pi,4.985805713364884,4.985805713364884,5.132971196199333,5.268512176923636,5.268512176923636
1985-07-01,Pi,4.991567918267124,4.991567918267124,5.190960251719631,5.381918260497156,5.381918260497156
1985-10-01,Pi,5.0363058780286085,5.0363058780286085,5.226618296655314,5.23879192441293,5.23879192441293
1986-01-01,Pi,4.947515261937234,4.947515261937234,4.989370287816813,5.044454094777333,5.044454094777333
1986-04-01,Pi,4.906098111162236,4.906098111162236,4.973132969508576,5.108580412293223,5.108580412293223
1986-07-01,Pi,4.75785185452906,4.75785185452906,4.919084554874119,5.175906799325105,5.175906799325105
1986-10-01,Pi,4.793152280470081,4.793152280470081,4.940720649176174,5.052737469961062,5.052737469961062
1987-01-01,Pi,4.8965828958744355,4.8965828958744355,4.927693623425644,5.080716157808459,5.080716157808459
1987-04-01,Pi,4.887047116640106,4.887047116640106,4.986648162530651,5.021791595006465,5.021791595006465
1987-07-01,Pi,4.894607763954973,4.894607763954973,4.939404586221592,5.002944136620553,5.002944136620553
1987-10-01,Pi,4.723810723209878,4.723810723209878,4.785501745283852,4.882524690692316,4.882524690692316
1988-01-01,Pi,4.6476308194828215,4.6476308194828215,4.740608308041603,4.8413899370864835,4.8413899370864835
1988-04-01,Pi,4.484875219832574,4.484875219832574,4.6003754521772455,4.730110641719776,4.730110641719776
1988-07-01,Pi,4.319836748716344,4.319836748716344,4.397627134833724,4.564348286613535,4.564348286613535
1988-10-01,Pi,4.149635309625117,4.149635309625117,4.331521842423089,4.379416324015402,4.379416324015402
1989-01-01,Pi,4.095025959658776,4.095025959658776,4.232430562245071,4.29616335255796,4.29616335255796
1989-04-01,Pi,4.059702223089034,4.059702223089034,4.10453634582856,4.22857228906252,4.22857228906252
1989-07-01,Pi,3.749889100236688,3.749889100236688,3.9329536619817462,4.0077824336699255,4.0077824336699255
1989-10-01,Pi,3.6427371018068095,3.6427371018068095,3.7351396697943273,3.8295141454825297,3.8295141454825297
1990-01-01,Pi,3.6255613879131166,3.6255613879131166,3.6523057738463534,3.83314372084185,3.83314372084185
1990-04-01,Pi,3.564342550318992,3.564342550318992,3.678905632992976,3.8784042559871574,3.8784042559871574
1990-07-01,Pi,3.4894173238367054,3.4894173238367054,3.8346478037494465,3.9523008633211387,3.9523008633211387
1990-10-01,Pi,3.490640919717246,3.490640919717246,3.9039583443503356,3.9334073938817093,3.9334073938817093
1991-01-01,Pi,3.5914405603841804,3.5914405603841804,3.6076930323340144,3.88329108123038,3.88329108123038
1991-04-01,Pi,3.5528668615596066,3.5528668615596066,3.6979319387940643,3.8618415224530973,3.8618415224530973
1991-07-01,Pi,3.5628047110914007,3.5628047110914007,3.62809726474294,3.754273905020231,3.754273905020231
1991-10-01,Pi,3.49777194793934,3.49777194793934,3.5505932945710117,3.675168009148551,3.675168009148551
1992-01-01,Pi,3.385745665433444,3.385745665433444,3.4371587722649273,3.537221353435971,3.537221353435971
1992-04-01,Pi,3.370768387625808,3.370768387625808,3.4502638550990854,3.5739097365490617,3.5739097365490617
1992-07-01,Pi,3.1055066852638014,3.1055066852638014,3.22835967220348,3.3341337212738025,3.3341337212738025
1992-10-01,Pi,3.1736237256938367,3.1736237256938367,3.2339843838737847,3.3196163358111996,3.3196163358111996
1993-01-01,Pi,2.9707141140939752,2.9707141140939752,3.127266016846617,3.174389761824378,3.174389761824378
1993-04-01,Pi,3.0182527576258233,3.0182527576258233,3.133610155036114,3.228912013855027,3.228912013855027
1993-07-01,Pi,2.917204656119781,2.917204656119781,2.975475524668432,3.1847667374360205,3.1847667374360205
1993-10-01,Pi,2.83652448292435,2.83652448292435,2.9765289316313046,3.168944866835421,3.168944866835421
1994-01-01,Pi,2.8305329233597605,2.8305329233597605,2.958738397846501,3.1675453227157595,3.1675453227157595
1994-04-01,Pi,2.907551035299686,2.907551035299686,2.9789579448041397,3.0842013309970073,3.0842013309970073
1994-07-01,Pi,2.8392668534852277,2.8392668534852277,3.009575272341713,3.0425395166075826,3.0425395166075826
1994-10-01,Pi,2.8979606997585163,2.8979606997585163,2.9725225077636024,3.0791365363754366,3.0791365363754366
1995-01-01,Pi,2.843117543748429,2.843117543748429,2.913480606452383,2.9635153818631728,2.9635153818631728
1995-04-01,Pi,2.7996470619025198,2.7996470619025198,2.8540790931712405,2.974791873747231,2.974791873747231
1995-07-01,Pi,2.668627777792826,2.668627777792826,2.7664587199832487,2.9272684977709824,2.9272684977709824
1995-10-01,Pi,2.60062787435772,2.60062787435772,2.625461479530466,2.6305834242640476,2.6305834242640476
1996-01-01,Pi,2.519929560344206,2.519929560344206,2.54715851861418,2.6621691640540046,2.6621691640540046
1996-04-01,Pi,2.5383580996603996,2.5383580996603996,2.556031008825886,2.688960232978054,2.688960232978054
1996-07-01,Pi,2.419772025530112,2.419772025530112,2.5906893807801965,2.6424346107294854,2.6424346107294854
1996-10-01,Pi,2.410746117031416,2.410746117031416,2.513835225700088,2.6669495322070134,2.6669495322070134
1997-01-01,Pi,2.4761917066469055,2.4761917066469055,2.516308346231079,2.584087464066303,2.584087464066303
1997-04-01,Pi,2.426902343939193,2.426902343939193,2.464962022966954,2.5579890362199498,2.5579890362199498
1997-07-01,Pi,2.3502063284958212,2.3502063284958212,2.456507681659818,2.517914151039606,2.517914151039606
1997-10-01,Pi,2.0808242150244385,2.0808242150244385,2.2177357387215886,2.2971035187472477,2.2971035187472477
1998-01-01,Pi,2.078732806257824,2.078732806257824,2.213778100939158,2.302534504705916,2.302534504705916
1998-04-01,Pi,2.060903746099055,2.060903746099055,2.154037762324208,2.2685018152440897,2.2685018152440897
1998-07-01,Pi,2.0222908839549625,2.0222908839549625,2.054912833437913,2.1387079439804952,2.1387079439804952
1998-10-01,Pi,1.863630050449115,1.863630050449115,2.0676186603960156,2.178083524339638,2.178083524339638
1999-01-01,Pi,1.850298584046483,1.850298584046483,1.9720827173641284,2.083948052512989,2.083948052512989
1999-04-01,Pi,1.8144314266046253,1.8144314266046253,2.042591898581279,2.135749273822854,2.135749273822854
1999-07-01,Pi,1.8824640217480864,1.8824640217480864,2.0566237343381073,2.1037466427646367,2.1037466427646367
1999-10-01,Pi,1.9377256655620125,1.9377256655620125,1.9673015675540977,2.0431225318580877,2.0431225318580877
2000-01-01,Pi,1.9316764191197062,1.9316764191197062,1.9848796996752422,2.137920746283071,2.137920746283071
2000-04-01,Pi,1.9365887555601788,1.9365887555601788,1.955181359224663,1.9843464683715535,1.9843464683715535
2000-07-01,Pi,1.8908434237641227,1.8908434237641227,2.0360157277586293,2.085951494188207,2.085951494188207
2000-10-01,Pi,1.8466211055807393,1.8466211055807393,2.0207078272503223,2.086688230469217,2.086688230469217
2001-01-01,Pi,1.9052928930655857,1.9052928930655857,1.9665134279883578,2.137036645832244,2.137036645832244
2001-04-01,Pi,1.9440593841301839,1.9440593841301839,1.987047276948858,2.0995264498849426,2.0995264498849426
2001-07-01,Pi,1.9317461386136416,1.9317461386136416,2.0762823291890053,2.218944087742233,2.218944087742233
2001-10-01,Pi,1.969826824655635,1.969826824655635,2.1057141922727425,2.149824868869149,2.149824868869149
2002-01-01,Pi,2.035935274986645,2.035935274986645,2.141348113397702,2.314622184277101,2.314622184277101
2002-04-01,Pi,2.0416447865460583,2.0416447865460583,2.1401023171660456,2.2578727156236518,2.2578727156236518
2002-07-01,Pi,1.9685464625524915,1.9685464625524915,2.1028278825473166,2.289460038790102,2.289460038790102
2002-10-01,Pi,2.037372301385769,2.037372301385769,2.2126593202104394,2.2822872195796107,2.2822872195796107
2003-01-01,Pi,2.053185487669345,2.053185487669345,2.1066016145201716,2.2335637047147103,2.2335637047147103
2003-04-01,Pi,2.0722504419870456,2.0722504419870456,2.1326970062121773,2.207867583867237,2.207867583867237
2003-07-01,Pi,2.010385107599413,2.010385107599413,2.0627722014498633,2.1367099103405405,2.1367099103405405
2003-10-01,Pi,1.984379716056766,1.984379716056766,2.046787309899952,2.1317317482896923,2.1317317482896923
2004-01-01,Pi,1.9151070522568743,1.9151070522568743,2.018611481770004,2.116603646777252,2.116603646777252
2004-04-01,Pi,1.895788901209058,1.895788901209058,2.0433176240501254,2.1204909161419225,2.1204909161419225
2004-07-01,Pi,1.9359910547629235,1.9359910547629235,2.022834574475221,2.0992400139330307,2.0992400139330307
2004-10-01,Pi,1.9300740475097198,1.9300740475097198,1.9898099917005558,2.0201525702261582,2.0201525702261582
2005-01-01,Pi,1.9320558513153834,1.9320558513153834,1.9979090906538644,2.0773595489609784,2.0773595489609784
2005-04-01,Pi,1.934988493581008,1.934988493581008,1.975649619892172,2.1184494154219657,2.1184494154219657
2005-07-01,Pi,1.8411977395544183,1.8411977395544183,1.9100720392052735,2.0197788244208286,2.0197788244208286
2005-10-01,Pi,1.8640729440947224,1.8640729440947224,1.9246426824428622,1.9604482743166591,1.9604482743166591
2006-01-01,Pi,1.848343661366382,1.848343661366382,1.878954477011357,1.9844039734932502,1.9844039734932502
2006-04-01,Pi,1.8931871219804683,1.8931871219804683,1.9756403579287956,2.044321689011926,2.044321689011926
2006-07-01,Pi,1.7802332713505364,1.7802332713505364,1.9910351917604772,2.041876150947518,2.041876150947518
2006-10-01,Pi,1.7502715393526027,1.7502715393526027,1.945987164667176,1.9967925569095044,1.9967925569095044
2007-01-01,Pi,1.7366010576463693,1.7366010576463693,1.8947946064494494,2.0958478130318032,2.0958478130318032
2007-04-01,Pi,1.9756220778797886,1.9756220778797886,2.0012109056265093,2.0755514558555843,2.0755514558555843
2007-07-01,Pi,1.8054194633301615,1.8054194633301615,2.1144147099326567,2.227270415451532,2.227270415451532
2007-10-01,Pi,2.013724678438599,2.013724678438599,2.1093348975480755,2.34974897997743,2.34974897997743
2008-01-01,Pi,2.0971524561288715,2.0971524561288715,2.221543809962124,2.5237766186410013,2.5237766186410013
2008-04-01,Pi,2.2547642811357473,2.2547642811357473,2.3431896626208255,2.381785620573289,2.381785620573289
2008-07-01,Pi,2.221508435347154,2.221508435347154,2.281881555555902,2.3603864633706646,2.3603864633706646
2008-10-01,Pi,2.2060826171921732,2.2060826171921732,2.2330644420162202,2.2818328028549124,2.2818328028549124
2009-01-01,Pi,2.232260604528101,2.232260604528101,2.3182181672675672,2.4202257742680287,2.4202257742680287
2009-04-01,Pi,2.266957515191467,2.266957515191467,2.321992166461976,2.4734351197063154,2.4734351197063154
2009-07-01,Pi,2.1965744201116872,2.1965744201116872,2.2865120429645716,2.639872579956825,2.639872579956825
2009-10-01,Pi,2.1028590820451436,2.1028590820451436,2.3668215198174183,2.56511839599656,2.56511839599656
2010-01-01,Pi,2.044207089772229,2.044207089772229,2.3081289527272504,2.4706787719888386,2.4706787719888386
2010-04-01,Pi,2.0961940387435547,2.0961940387435547,2.218065491933997,2.2661835682593314,2.2661835682593314
2010-07-01,Pi,2.0450586352735853,2.0450586352735853,2.21573402540885,2.2837483244115044,2.2837483244115044
2010-10-01,Pi,2.061336023543111,2.061336023543111,2.126748557504455,2.2777056230973978,2.2777056230973978
2011-01-01,Pi,2.133092999644824,2.133092999644824,2.248192133692078,2.309179330287143,2.309179330287143
2011-04-01,Pi,2.200044441338837,2.200044441338837,2.3123254849613053,2.3720837568151225,2.3720837568151225
2011-07-01,Pi,2.129156016537499,2.129156016537499,2.2615736285847734,2.3400294277986835,2.3400294277986835
2011-10-01,Pi,2.088772977473396,2.088772977473396,2.1526538704551377,2.2056213519075456,2.2056213519075456
2012-01-01,Pi,2.132584948762471,2.132584948762471,2.1864059560485436,2.33000023953909,2.33000023953909
2012-04-01,Pi,2.1327151569400593,2.1327151569400593,2.2905474713439355,2.372998293428367,2.372998293428367
2012-07-01,Pi,2.0834005161412636,2.0834005161412636,2.226358704540206,2.3663666433885764,2.3663666433885764
2012-10-01,Pi,2.060829452597784,2.060829452597784,2.134478863464527,2.1663956496325496,2.1663956496325496
2013-01-01,Pi,1.963837490550576,1.963837490550576,2.0974692360711327,2.211719450717999,2.211719450717999
2013-04-01,Pi,1.9028724622733004,1.9028724622733004,2.0265858855588994,2.0683150250716573,2.0683150250716573
2013-07-01,Pi,1.9935189270850395,1.9935189270850395,2.039200752224109,2.0979630671854816,2.0979630671854816
2013-10-01,Pi,1.9237678607748094,1.9237678607748094,2.083601764783384,2.1480720086019454,2.1480720086019454
2014-01-01,Pi,1.9690605051047618,1.9690605051047618,2.0642711960155062,2.1464215138015335,2.1464215138015335
2014-04-01,Pi,1.9257216930322019,1.9257216930322019,2.1078350977196423,2.1482313841874716,2.1482313841874716
2014-07-01,Pi,1.892985074153631,1.892985074153631,2.167547023593518,2.2724221476797974,2.2724221476797974
2014-10-01,Pi,2.034037881772905,2.034037881772905,2.0817789455951514,2.2043653422527103,2.2043653422527103
2015-01-01,Pi,2.1123545197382416,2.1123545197382416,2.1531455592524624,2.250491463183758,2.250491463183758
2015-04-01,Pi,2.12495048422485,2.12495048422485,2.2176078587433983,2.381742322914807,2.381742322914807
2015-07-01,Pi,2.0711711944920936,2.0711711944920936,2.2146145994096695,2.2558712812170905,2.2558712812170905
2015-10-01,Pi,2.022513829196553,2.022513829196553,2.07309140749893,2.290490347021994,2.290490347021994
2016-01-01,Pi,1.9088524753487717,1.9088524753487717,2.072721316298627,2.2631259815977742,2.2631259815977742
2016-04-01,Pi,2.1314603310050657,2.1314603310050657,2.135089151045504,2.3290142025375307,2.3290142025375307
2016-07-01,Pi,2.083559779423797,2.083559779423797,2.1750836557325526,2.219683829550726,2.219683829550726
2016-10-01,Pi,2.114897749663131,2.114897749663131,2.2194050285738833,2.2901888036821445,2.2901888036821445
2017-01-01,Pi,2.0951966411288145,2.0951966411288145,2.1827766926740115,2.282265322782337,2.282265322782337
2017-04-01,Pi,2.162580149027125,2.162580149027125,2.2058397279642015,2.27416197586048,2.27416197586048
2017-07-01,Pi,1.9910737545681354,1.9910737545681354,2.131104465716653,2.2226425380753763,2.2226425380753763
2017-10-01,Pi,1.974742588476377,1.974742588476377,2.1640352460739884,2.2898227588046045,2.2898227588046045
2018-01-01,Pi,1.930284118264227,1.930284118264227,2.1065678438664532,2.127569307898216,2.127569307898216
2018-04-01,Pi,1.9927119066190362,1.9927119066190362,2.03333079454327,2.0895390622979795,2.0895390622979795
2018-07-01,Pi,1.9698082237700467,1.9698082237700467,2.1489287958989993,2.181759280153515,2.181759280153515
2018-10-01,Pi,1.9819300087765876,1.9819300087765876,2.1090365185337347,2.22735124943934,2.22735124943934
2019-01-01,Pi,2.016560471460108,2.016560471460108,2.0687380233469694,2.1152078456524404,2.1152078456524404
2019-04-01,Pi,1.9831294360595184,1.9831294360595184,2.031409505553793,2.294716313950444,2.294716313950444
2019-07-01,Pi,1.9343723947649858,1.9343723947649858,2.072099584785923,2.1652718836701124,2.1652718836701124
2019-10-01,Pi,2.000143463775417,2.000143463775417,2.0671979009292722,2.1243502533718712,2.1243502533718712
2020-01-01,Pi,1.977045694527251,1.977045694527251,2.0132393118546235,2.083028794516232,2.083028794516232
2020-04-01,Pi,1.8445289365202784,1.8445289365202784,1.9297753443295418,2.1017795408417923,2.1017795408417923
2020-07-01,Pi,1.9541992998166708,1.9541992998166708,2.05931620342511,2.0678964671342905,2.0678964671342905
2020-10-01,Pi,2.0242256343545133,2.0242256343545133,2.053899125521369,2.079709108258233,2.079709108258233
2021-01-01,Pi,1.902988420393354,1.902988420393354,2.0708314340112146,2.1111871546745618,2.1111871546745618
2021-04-01,Pi,1.9622508485817265,1.9622508485817265,2.0337342275464434,2.2345811734149996,2.2345811734149996
2021-07-01,Pi,2.0182831600391915,2.0182831600391915,2.128771164797527,2.2517126171127826,2.2517126171127826
2021-10-01,Pi,2.023122210046389,2.023122210046389,2.115412326786485,2.316063998966949,2.316063998966949
2022-01-01,Pi,1.9175219654486935,1.9175219654486935,2.0484629056416344,2.2417953873920458,2.2417953873920458
2022-04-01,Pi,2.0412730717327787,2.0412730717327787,2.1995834370506135,2.2536963751484502,2.2536963751484502
2022-07-01,Pi,2.0759881623289242,2.0759881623289242,2.1656826292624043,2.315850778126436,2.315850778126436
2022-10-01,Pi,2.086327821510659,2.086327821510659,2.152138356542307,2.242806958445864,2.242806958445864
2023-01-01,Pi,1.8724184465484401,1.8724184465484401,1.9873313078600003,2.1261612991763936,2.1261612991763936
2023-04-01,Pi,1.9093164407680643,1.9093164407680643,1.9987298478568754,2.009046283894831,2.009046283894831
2023-07-01,Pi,1.913318847160737,1.913318847160737,1.9766287329349739,2.002913909459108,2.002913909459108
2023-10-01,Pi,1.8831399026716005,1.8831399026716005,2.0014063198758874,2.160894114449334,2.160894114449334
2024-01-01,Pi,1.832725711297455,1.832725711297455,1.9366647181787484,2.060417741920506,2.060417741920506
2024-04-01,Pi,1.7755242554465587,1.7755242554465587,1.8891067546322433,2.1168889435700753,2.1168889435700753
2024-07-01,Pi,1.8673304752879416,1.8673304752879416,1.9740986096535598,2.1050918059042703,2.1050918059042703
2024-10-01,Pi,1.954462484231964,1.954462484231964,1.9933542506704047,2.155838705568105,2.155838705568105
2025-01-01,Pi,1.8604117965624865,1.8604117965624865,2.0017819276138864,2.199978929597042,2.199978929597042
2025-04-01,Pi,1.8952617740019302,1.8952617740019302,2.1070889004250657,2.2401761520435652,2.2401761520435652
1960-01-01,EPi,1.2634530688440297,1.2634530688440297,2.0535193562961767,2.3062338985706585,2.3062338985706585
1960-04-01,EPi,1.3294328551647252,1.3294328551647252,2.0239268005312887,2.163766113953762,2.163766113953762
1960-07-01,EPi,1.2183874873600087,1.2183874873600087,2.0110435366600323,2.122575277372609,2.122575277372609
1960-10-01,EPi,1.260869236919934,1.260869236919934,2.010816909692146,2.3157783236445897,2.3157783236445897
1961-01-01,EPi,1.1764185272667733,1.1764185272667733,1.9835201116128296,2.341047526772355,2.341047526772355
1961-04-01,EPi,1.1019292466133745,1.1019292466133745,2.000738986495822,2.370037590624466,2.370037590624466
1961-07-01,EPi,1.389266388238311,1.389266388238311,2.0664843287218218,2.47253542599518,2.47253542599518
1961-10-01,EPi,1.2957384092509008,1.2957384092509008,2.0514902633150127,2.3175651510005584,2.3175651510005584
1962-01-01,EPi,1.4066939816442934,1.4066939816442934,1.9345566644631227,2.4128177947719758,2.4128177947719758
1962-04-01,EPi,1.5726364909607136,1.5726364909607136,1.759539833262502,2.4118196342260116,2.4118196342260116
1962-07-01,EPi,1.5627384626842966,1.5627384626842966,1.6819653693852463,2.256529477060911,2.256529477060911
1962-10-01,EPi,1.6893096953344617,1.6893096953344617,1.800405270045004,2.3063812423231194,2.3063812423231194
1963-01-01,EPi,1.6584781469844836,1.6584781469844836,1.733324570787934,2.3789497026673576,2.3789497026673576
1963-04-01,EPi,1.6128278853246838,1.6128278853246838,1.9362421372317298,2.3286907542448825,2.3286907542448825
1963-07-01,EPi,1.6448974470486213,1.6448974470486213,2.007977190004771,2.4353819261089003,2.4353819261089003
1963-10-01,EPi,1.6172799914104619,1.6172799914104619,1.8668792402514724,2.236457916472733,2.236457916472733
1964-01-01,EPi,1.6455430588269133,1.6455430588269133,1.8526976212052977,2.4295157564312913,2.4295157564312913
1964-04-01,EPi,1.4841885817661327,1.4841885817661327,1.8338929954366874,2.5089384050050243,2.5089384050050243
1964-07-01,EPi,1.3824081300698556,1.3824081300698556,1.8334189070206368,2.5688475827905624,2.5688475827905624
1964-10-01,EPi,1.6057951883409207,1.6057951883409207,1.9139254727959323,2.5623374885297747,2.5623374885297747
1965-01-01,EPi,1.5347403031997835,1.5347403031997835,2.0209573748916454,2.488708574122254,2.488708574122254
1965-04-01,EPi,1.559950272894585,1.559950272894585,1.9593557178548116,2.441199404062428,2.441199404062428
1965-07-01,EPi,1.5780754357875761,1.5780754357875761,2.0987229930650986,2.6754390765119616,2.6754390765119616
1965-10-01,EPi,1.52152337838587,1.52152337838587,2.020449839970003,2.7168163863067507,2.7168163863067507
1966-01-01,EPi,1.5620068361030064,1.5620068361030064,2.0470395982696754,2.7526510666963495,2.7526510666963495
1966-04-01,EPi,1.542083276649407,1.542083276649407,2.0424219541432334,2.82244640210106,2.82244640210106
1966-07-01,EPi,1.7271274448044995,1.7271274448044995,1.951983604177808,2.680327653670467,2.680327653670467
1966-10-01,EPi,1.7322406299274022,1.7322406299274022,2.181348431112415,2.9482164284408356,2.9482164284408356
1967-01-01,EPi,1.8976683091820115,1.8976683091820115,2.3927211888682782,3.1400087152683582,3.1400087152683582
1967-04-01,EPi,1.9068499144038378,1.9068499144038378,2.5443428640596317,3.2421628230963937,3.2421628230963937
1967-07-01,EPi,2.0048553460629086,2.0048553460629086,2.515890649688018,3.256249199554442,3.256249199554442
1967-10-01,EPi,1.97351986804241,1.97351986804241,2.6252962632926904,3.2733125378167673,3.2733125378167673
1968-01-01,EPi,1.9134516080992787,1.9134516080992787,2.402125926840572,3.1967112350552327,3.1967112350552327
1968-04-01,EPi,1.944553910894682,1.944553910894682,2.4782625778789775,3.0270517609170176,3.0270517609170176
1968-07-01,EPi,1.9215651975072712,1.9215651975072712,2.6511970617149156,2.962359404712012,2.962359404712012
1968-10-01,EPi,2.1439134943280225,2.1439134943280225,2.5420442528759732,3.2057651121510298,3.2057651121510298
1969-01-01,EPi,2.3990561215084916,2.3990561215084916,2.7151401369137003,3.033919458970405,3.033919458970405
1969-04-01,EPi,2.5969304284788035,2.5969304284788035,2.7622360696189006,2.93249132339182,2.93249132339182
1969-07-01,EPi,2.656221988491848,2.656221988491848,2.815227028064321,3.064470096799831,3.064470096799831
1969-10-01,EPi,2.6155174510446586,2.6155174510446586,2.965410385441727,3.121206492679992,3.121206492679992
1970-01-01,EPi,2.824155724198786,2.824155724198786,2.997072128138977,3.1190750918351244,3.1190750918351244
1970-04-01,EPi,2.865985726847674,2.865985726847674,3.0415232748902605,3.2822289363277086,3.2822289363277086
1970-07-01,EPi,2.889917627139909,2.889917627139909,3.0714933926297676,3.3010773105167908,3.3010773105167908
1970-10-01,EPi,2.888701879653015,2.888701879653015,3.0964137639130236,3.2640913660934725,3.2640913660934725
1971-01-01,EPi,2.8563091490626236,2.8563091490626236,3.0416581258996747,3.1562587658950303,3.1562587658950303
1971-04-01,EPi,3.0257335229587827,3.0257335229587827,3.1308919182731962,3.1986490335805855,3.1986490335805855
1971-07-01,EPi,3.051788537501729,3.051788537501729,3.1467320649399197,3.241348910252367,3.241348910252367
1971-10-01,EPi,3.221474849591947,3.221474849591947,3.262407576520381,3.3319021666112247,3.3319021666112247
1972-01-01,EPi,3.3122026171835217,3.3122026171835217,3.3714451065804187,3.4093059065719644,3.4093059065719644
1972-04-01,EPi,3.447516716910944,3.447516716910944,3.5667017456620376,3.603302659056169,3.603302659056169
1972-07-01,EPi,3.469567781684324,3.469567781684324,3.603299997856984,3.6891255558109814,3.6891255558109814
1972-10-01,EPi,3.760200685095377,3.760200685095377,3.8106217711226655,3.885656184729452,3.885656184729452
1973-01-01,EPi,3.8706836340843935,3.8706836340843935,3.9238162911090604,3.939959790864495,3.939959790864495
1973-04-01,EPi,3.7124614958785305,3.7124614958785305,3.778793194591282,3.9191010783659457,3.9191010783659457
1973-07-01,EPi,3.707836833296455,3.707836833296455,3.870089033104302,3.935366073642942,3.935366073642942
1973-10-01,EPi,3.839020854611484,3.839020854611484,3.962784758880175,4.002846829288343,4.002846829288343
1974-01-01,EPi,4.074390632533187,4.074390632533187,4.111955677500466,4.140661100578324,4.140661100578324
1974-04-01,EPi,4.280375333325302,4.280375333325302,4.464588765594794,4.539279781767723,4.539279781767723
1974-07-01,EPi,4.553075561575226,4.553075561575226,4.5822726745492375,4.693058091565,4.693058091565
1974-10-01,EPi,4.531180944044316,4.531180944044316,4.707900266661594,4.728578670614963,4.728578670614963
1975-01-01,EPi,4.545201341398503,4.545201341398503,4.702649112636845,4.8833843704930295,4.8833843704930295
1975-04-01,EPi,4.779289556368422,4.779289556368422,4.8486696315607025,4.884454895066676,4.884454895066676
1975-07-01,EPi,4.8511745083717885,4.8511745083717885,4.915148900791567,4.970167449578361,4.970167449578361
1975-10-01,EPi,4.821605222666346,4.821605222666346,4.8947983327597955,4.950810163829479,4.950810163829479
1976-01-01,EPi,4.672603976999872,4.672603976999872,4.798478454611293,4.916679937324189,4.916679937324189
1976-04-01,EPi,4.494307678922144,4.494307678922144,4.659330034122466,4.74895755271862,4.74895755271862
1976-07-01,EPi,4.563721866161851,4.563721866161851,4.6759760013947895,4.744532829465352,4.744532829465352
1976-10-01,EPi,4.542118619012836,4.542118619012836,4.601023393049725,4.630801700472547,4.630801700472547
1977-01-01,EPi,4.603808585058198,4.603808585058198,4.639974270834212,4.645449041627211,4.645449041627211
1977-04-01,EPi,4.52558962121785,4.52558962121785,4.671336504243688,4.731726766117434,4.731726766117434
1977-07-01,EPi,4.6548605879942295,4.6548605879942295,4.779514854350984,4.883816203663476,4.883816203663476
1977-10-01,EPi,4.818994253947627,4.818994253947627,4.921477483375488,4.996632774138118,4.996632774138118
1978-01-01,EPi,4.957897205018657,4.957897205018657,5.015702297117575,5.107987495728962,5.107987495728962
1978-04-01,EPi,5.2293082164287865,5.2293082164287865,5.292895342027363,5.391017421306462,5.391017421306462
1978-07-01,EPi,5.3594983304425945,5.3594983304425945,5.4786012475362345,5.5041303306395,5.5041303306395
1978-10-01,EPi,5.513206575442004,5.513206575442004,5.624702821802584,5.695011616387162,5.695011616387162
1979-01-01,EPi,5.747487501236843,5.747487501236843,5.866419985274131,5.981553920777262,5.981553920777262
1979-04-01,EPi,5.936284766641257,5.936284766641257,6.021926261358474,6.050937793044755,6.050937793044755
1979-07-01,EPi,6.131662014213367,6.131662014213367,6.24594279113741,6.282891686804583,6.282891686804583
1979-10-01,EPi,6.196752479533882,6.196752479533882,6.341957476143725,6.399371776312096,6.399371776312096
1980-01-01,EPi,6.300936441602249,6.300936441602249,6.448286818315555,6.509405129897084,6.509405129897084
1980-04-01,EPi,6.207785064476307,6.207785064476307,6.315441517148653,6.346057717672361,6.346057717672361
1980-07-01,EPi,6.323208031982791,6.323208031982791,6.473670933419415,6.489960798631229,6.489960798631229
1980-10-01,EPi,6.511627537753356,6.511627537753356,6.580305323506467,6.917197406868151,6.917197406868151
1981-01-01,EPi,6.71768084672996,6.71768084672996,6.828204048762408,7.017547599130914,7.017547599130914
1981-04-01,EPi,6.698102994556453,6.698102994556453,6.938494374585055,6.987248051994888,6.987248051994888
1981-07-01,EPi,6.717473073944934,6.717473073944934,6.897456354942874,6.993609213750589,6.993609213750589
1981-10-01,EPi,6.716144163072754,6.716144163072754,6.7824124869932385,6.885687051698817,6.885687051698817
1982-01-01,EPi,6.417280737951159,6.417280737951159,6.620658983622107,6.6817465083008765,6.6817465083008765
1982-04-01,EPi,6.285428649150292,6.285428649150292,6.428619743264088,6.502744716715838,6.502744716715838
1982-07-01,EPi,6.314739872232565,6.314739872232565,6.3614623197357485,6.463487681995933,6.463487681995933
1982-10-01,EPi,6.063423007606732,6.063423007606732,6.158221289795137,6.248421243363258,6.248421243363258
1983-01-01,EPi,6.088021969150225,6.088021969150225,6.144133070129733,6.270956548695292,6.270956548695292
1983-04-01,EPi,6.047305434552133,6.047305434552133,6.11058296985606,6.2533085158043615,6.2533085158043615
1983-07-01,EPi,6.087133620302277,6.087133620302277,6.112382765186351,6.132239877728697,6.132239877728697
1983-10-01,EPi,6.028697249149565,6.028697249149565,6.05088523106249,6.258098131427779,6.258098131427779
1984-01-01,EPi,5.858869112291523,5.858869112291523,5.951749845929444,6.106435570361647,6.106435570361647
1984-04-01,EPi,5.783260341785065,5.783260341785065,5.795060758434538,5.95705784893575,5.95705784893575
1984-07-01,EPi,5.558703820681304,5.558703820681304,5.6863324243559505,5.743845071097977,5.743845071097977
1984-10-01,EPi,5.356970073849338,5.356970073849338,5.4051517547562415,5.459283730547362,5.459283730547362
1985-01-01,EPi,5.1312005082568355,5.1312005082568355,5.142650347381808,5.355764402541385,5.355764402541385
1985-04-01,EPi,4.985805713364884,4.985805713364884,5.132971196199333,5.268512176923636,5.268512176923636
1985-07-01,EPi,4.991567918267124,4.991567918267124,5.190960251719631,5.381918260497156,5.381918260497156
1985-10-01,EPi,5.0363058780286085,5.0363058780286085,5.226618296655314,5.23879192441293,5.23879192441293
1986-01-01,EPi,4.947515261937234,4.947515261937234,4.989370287816813,5.044454094777333,5.044454094777333
1986-04-01,EPi,4.906098111162236,4.906098111162236,4.973132969508576,5.108580412293223,5.108580412293223
1986-07-01,EPi,4.75785185452906,4.75785185452906,4.919084554874119,5.175906799325105,5.175906799325105
1986-10-01,EPi,4.793152280470081,4.793152280470081,4.940720649176174,5.052737469961062,5.052737469961062
1987-01-01,EPi,4.8965828958744355,4.8965828958744355,4.927693623425644,5.080716157808459,5.080716157808459
1987-04-01,EPi,4.887047116640106,4.887047116640106,4.986648162530651,5.021791595006465,5.021791595006465
1987-07-01,EPi,4.894607763954973,4.894607763954973,4.939404586221592,5.002944136620553,5.002944136620553
1987-10-01,EPi,4.723810723209878,4.723810723209878,4.785501745283852,4.882524690692316,4.882524690692316
1988-01-01,EPi,4.6476308194828215,4.6476308194828215,4.740608308041603,4.8413899370864835,4.8413899370864835
1988-04-01,EPi,4.484875219832574,4.484875219832574,4.6003754521772455,4.730110641719776,4.730110641719776
1988-07-01,EPi,4.319836748716344,4.319836748716344,4.397627134833724,4.564348286613535,4.564348286613535
1988-10-01,EPi,4.149635309625117,4.149635309625117,4.331521842423089,4.379416324015402,4.379416324015402
1989-01-01,EPi,4.095025959658776,4.095025959658776,4.232430562245071,4.29616335255796,4.29616335255796
1989-04-01,EPi,4.059702223089034,4.059702223089034,4.10453634582856,4.22857228906252,4.22857228906252
1989-07-01,EPi,3.749889100236688,3.749889100236688,3.9329536619817462,4.0077824336699255,4.0077824336699255
1989-10-01,EPi,3.6427371018068095,3.6427371018068095,3.7351396697943273,3.8295141454825297,3.8295141454825297
1990-01-01,EPi,3.6255613879131166,3.6255613879131166,3.6523057738463534,3.83314372084185,3.83314372084185
1990-04-01,EPi,3.564342550318992,3.564342550318992,3.678905632992976,3.8784042559871574,3.8784042559871574
1990-07-01,EPi,3.4894173238367054,3.4894173238367054,3.8346478037494465,3.9523008633211387,3.9523008633211387
1990-10-01,EPi,3.490640919717246,3.490640919717246,3.9039583443503356,3.9334073938817093,3.9334073938817093
1991-01-01,EPi,3.5914405603841804,3.5914405603841804,3.6076930323340144,3.88329108123038,3.88329108123038
1991-04-01,EPi,3.5528668615596066,3.5528668615596066,3.6979319387940643,3.8618415224530973,3.8618415224530973
1991-07-01,EPi,3.5628047110914007,3.5628047110914007,3.62809726474294,3.754273905020231,3.754273905020231
1991-10-01,EPi,3.49777194793934,3.49777194793934,3.5505932945710117,3.675168009148551,3.675168009148551
1992-01-01,EPi,3.385745665433444,3.385745665433444,3.4371587722649273,3.537221353435971,3.537221353435971
1992-04-01,EPi,3.370768387625808,3.370768387625808,3.4502638550990854,3.5739097365490617,3.5739097365490617
1992-07-01,EPi,3.1055066852638014,3.1055066852638014,3.22835967220348,3.3341337212738025,3.3341337212738025
1992-10-01,EPi,3.1736237256938367,3.1736237256938367,3.2339843838737847,3.3196163358111996,3.3196163358111996
1993-01-01,EPi,2.9707141140939752,2.9707141140939752,3.127266016846617,3.174389761824378,3.174389761824378
1993-04-01,EPi,3.0182527576258233,3.0182527576258233,3.133610155036114,3.228912013855027,3.228912013855027
1993-07-01,EPi,2.917204656119781,2.917204656119781,2.975475524668432,3.1847667374360205,3.1847667374360205
1993-10-01,EPi,2.83652448292435,2.83652448292435,2.9765289316313046,3.168944866835421,3.168944866835421
1994-01-01,EPi,2.8305329233597605,2.8305329233597605,2.958738397846501,3.1675453227157595,3.1675453227157595
1994-04-01,EPi,2.907551035299686,2.907551035299686,2.9789579448041397,3.0842013309970073,3.0842013309970073
1994-07-01,EPi,2.8392668534852277,2.8392668534852277,3.009575272341713,3.0425395166075826,3.0425395166075826
1994-10-01,EPi,2.8979606997585163,2.8979606997585163,2.9725225077636024,3.0791365363754366,3.0791365363754366
1995-01-01,EPi,2.843117543748429,2.843117543748429,2.913480606452383,2.9635153818631728,2.9635153818631728
1995-04-01,EPi,2.7996470619025198,2.7996470619025198,2.8540790931712405,2.974791873747231,2.974791873747231
1995-07-01,EPi,2.668627777792826,2.668627777792826,2.7664587199832487,2.9272684977709824,2.9272684977709824
1995-10-01,EPi,2.60062787435772,2.60062787435772,2.625461479530466,2.6305834242640476,2.6305834242640476
1996-01-01,EPi,2.519929560344206,2.519929560344206,2.54715851861418,2.6621691640540046,2.6621691640540046
1996-04-01,EPi,2.5383580996603996,2.5383580996603996,2.556031008825886,2.688960232978054,2.688960232978054
1996-07-01,EPi,2.419772025530112,2.419772025530112,2.5906893807801965,2.6424346107294854,2.6424346107294854
1996-10-01,EPi,2.410746117031416,2.410746117031416,2.513835225700088,2.6669495322070134,2.6669495322070134
1997-01-01,EPi,2.4761917066469055,2.4761917066469055,2.516308346231079,2.584087464066303,2.584087464066303
1997-04-01,EPi,2.426902343939193,2.426902343939193,2.464962022966954,2.5579890362199498,2.5579890362199498
1997-07-01,EPi,2.3502063284958212,2.3502063284958212,2.456507681659818,2.517914151039606,2.517914151039606
1997-10-01,EPi,2.0808242150244385,2.0808242150244385,2.2177357387215886,2.2971035187472477,2.2971035187472477
1998-01-01,EPi,2.078732806257824,2.078732806257824,2.213778100939158,2.302534504705916,2.302534504705916
1998-04-01,EPi,2.060903746099055,2.060903746099055,2.154037762324208,2.2685018152440897,2.2685018152440897
1998-07-01,EPi,2.0222908839549625,2.0222908839549625,2.054912833437913,2.1387079439804952,2.1387079439804952
1998-10-01,EPi,1.863630050449115,1.863630050449115,2.0676186603960156,2.178083524339638,2.178083524339638
1999-01-01,EPi,1.850298584046483,1.850298584046483,1.9720827173641284,2.083948052512989,2.083948052512989
1999-04-01,EPi,1.8144314266046253,1.8144314266046253,2.042591898581279,2.135749273822854,2.135749273822854
1999-07-01,EPi,1.8824640217480864,1.8824640217480864,2.0566237343381073,2.1037466427646367,2.1037466427646367
1999-10-01,EPi,1.9377256655620125,1.9377256655620125,1.9673015675540977,2.0431225318580877,2.0431225318580877
2000-01-01,EPi,1.9316764191197062,1.9316764191197062,1.9848796996752422,2.137920746283071,2.137920746283071
2000-04-01,EPi,1.9365887555601788,1.9365887555601788,1.955181359224663,1.9843464683715535,1.9843464683715535
2000-07-01,EPi,1.8908434237641227,1.8908434237641227,2.0360157277586293,2.085951494188207,2.085951494188207
2000-10-01,EPi,1.8466211055807393,1.8466211055807393,2.0207078272503223,2.086688230469217,2.086688230469217
2001-01-01,EPi,1.9052928930655857,1.9052928930655857,1.9665134279883578,2.137036645832244,2.137036645832244
2001-04-01,EPi,1.9440593841301839,1.9440593841301839,1.987047276948858,2.0995264498849426,2.0995264498849426
2001-07-01,EPi,1.9317461386136416,1.9317461386136416,2.0762823291890053,2.218944087742233,2.218944087742233
2001-10-01,EPi,1.969826824655635,1.969826824655635,2.1057141922727425,2.149824868869149,2.149824868869149
2002-01-01,EPi,2.035935274986645,2.035935274986645,2.141348113397702,2.314622184277101,2.314622184277101
2002-04-01,EPi,2.0416447865460583,2.0416447865460583,2.1401023171660456,2.2578727156236518,2.2578727156236518
2002-07-01,EPi,1.9685464625524915,1.9685464625524915,2.1028278825473166,2.289460038790102,2.289460038790102
2002-10-01,EPi,2.037372301385769,2.037372301385769,2.2126593202104394,2.2822872195796107,2.2822872195796107
2003-01-01,EPi,2.053185487669345,2.053185487669345,2.1066016145201716,2.2335637047147103,2.2335637047147103
2003-04-01,EPi,2.0722504419870456,2.0722504419870456,2.1326970062121773,2.207867583867237,2.207867583867237
2003-07-01,EPi,2.010385107599413,2.010385107599413,2.0627722014498633,2.1367099103405405,2.1367099103405405
2003-10-01,EPi,1.984379716056766,1.984379716056766,2.046787309899952,2.1317317482896923,2.1317317482896923
2004-01-01,EPi,1.9151070522568743,1.9151070522568743,2.018611481770004,2.116603646777252,2.116603646777252
2004-04-01,EPi,1.895788901209058,1.895788901209058,2.0433176240501254,2.1204909161419225,2.1204909161419225
2004-07-01,EPi,1.9359910547629235,1.9359910547629235,2.022834574475221,2.0992400139330307,2.0992400139330307
2004-10-01,EPi,1.9300740475097198,1.9300740475097198,1.9898099917005558,2.0201525702261582,2.0201525702261582
2005-01-01,EPi,1.9320558513153834,1.9320558513153834,1.9979090906538644,2.0773595489609784,2.0773595489609784
2005-04-01,EPi,1.934988493581008,1.934988493581008,1.975649619892172,2.1184494154219657,2.1184494154219657
2005-07-01,EPi,1.8411977395544183,1.8411977395544183,1.9100720392052735,2.0197788244208286,2.0197788244208286
2005-10-01,EPi,1.8640729440947224,1.8640729440947224,1.9246426824428622,1.9604482743166591,1.9604482743166591
2006-01-01,EPi,1.848343661366382,1.848343661366382,1.878954477011357,1.9844039734932502,1.9844039734932502
2006-04-01,EPi,1.8931871219804683,1.8931871219804683,1.9756403579287956,2.044321689011926,2.044321689011926
2006-07-01,EPi,1.7802332713505364,1.7802332713505364,1.9910351917604772,2.041876150947518,2.041876150947518
2006-10-01,EPi,1.7502715393526027,1.7502715393526027,1.945987164667176,1.9967925569095044,1.9967925569095044
2007-01-01,EPi,1.7366010576463693,1.7366010576463693,1.8947946064494494,2.0958478130318032,2.0958478130318032
2007-04-01,EPi,1.9756220778797886,1.9756220778797886,2.0012109056265093,2.0755514558555843,2.0755514558555843
2007-07-01,EPi,1.8054194633301615,1.8054194633301615,2.1144147099326567,2.227270415451532,2.227270415451532
2007-10-01,EPi,2.013724678438599,2.013724678438599,2.1093348975480755,2.34974897997743,2.34974897997743
2008-01-01,EPi,2.0971524561288715,2.0971524561288715,2.221543809962124,2.5237766186410013,2.5237766186410013
2008-04-01,EPi,2.2547642811357473,2.2547642811357473,2.3431896626208255,2.381785620573289,2.381785620573289
2008-07-01,EPi,2.221508435347154,2.221508435347154,2.281881555555902,2.3603864633706646,2.3603864633706646
2008-10-01,EPi,2.2060826171921732,2.2060826171921732,2.2330644420162202,2.2818328028549124,2.2818328028549124
2009-01-01,EPi,2.232260604528101,2.232260604528101,2.3182181672675672,2.4202257742680287,2.4202257742680287
2009-04-01,EPi,2.266957515191467,2.266957515191467,2.321992166461976,2.4734351197063154,2.4734351197063154
2009-07-01,EPi,2.1965744201116872,2.1965744201116872,2.2865120429645716,2.639872579956825,2.639872579956825
2009-10-01,EPi,2.1028590820451436,2.1028590820451436,2.3668215198174183,2.56511839599656,2.56511839599656
2010-01-01,EPi,2.044207089772229,2.044207089772229,2.3081289527272504,2.4706787719888386,2.4706787719888386
2010-04-01,EPi,2.0961940387435547,2.0961940387435547,2.218065491933997,2.2661835682593314,2.2661835682593314
2010-07-01,EPi,2.0450586352735853,2.0450586352735853,2.21573402540885,2.2837483244115044,2.2837483244115044
2010-10-01,EPi,2.061336023543111,2.061336023543111,2.126748557504455,2.2777056230973978,2.2777056230973978
2011-01-01,EPi,2.133092999644824,2.133092999644824,2.248192133692078,2.309179330287143,2.309179330287143
2011-04-01,EPi,2.200044441338837,2.200044441338837,2.3123254849613053,2.3720837568151225,2.3720837568151225
2011-07-01,EPi,2.129156016537499,2.129156016537499,2.2615736285847734,2.3400294277986835,2.3400294277986835
2011-10-01,EPi,2.088772977473396,2.088772977473396,2.1526538704551377,2.2056213519075456,2.2056213519075456
2012-01-01,EPi,2.132584948762471,2.132584948762471,2.1864059560485436,2.33000023953909,2.33000023953909
2012-04-01,EPi,2.1327151569400593,2.1327151569400593,2.2905474713439355,2.372998293428367,2.372998293428367
2012-07-01,EPi,2.0834005161412636,2.0834005161412636,2.226358704540206,2.3663666433885764,2.3663666433885764
2012-10-01,EPi,2.060829452597784,2.060829452597784,2.134478863464527,2.1663956496325496,2.1663956496325496
2013-01-01,EPi,1.963837490550576,1.963837490550576,2.0974692360711327,2.211719450717999,2.211719450717999
2013-04-01,EPi,1.9028724622733004,1.9028724622733004,2.0265858855588994,2.0683150250716573,2.0683150250716573
2013-07-01,EPi,1.9935189270850395,1.9935189270850395,2.039200752224109,2.0979630671854816,2.0979630671854816
2013-10-01,EPi,1.9237678607748094,1.9237678607748094,2.083601764783384,2.1480720086019454,2.1480720086019454
2014-01-01,EPi,1.9690605051047618,1.9690605051047618,2.0642711960155062,2.1464215138015335,2.1464215138015335
2014-04-01,EPi,1.9257216930322019,1.9257216930322019,2.1078350977196423,2.1482313841874716,2.1482313841874716
2014-07-01,EPi,1.892985074153631,1.892985074153631,2.167547023593518,2.2724221476797974,2.2724221476797974
2014-10-01,EPi,2.034037881772905,2.034037881772905,2.0817789455951514,2.2043653422527103,2.2043653422527103
2015-01-01,EPi,2.1123545197382416,2.1123545197382416,2.1531455592524624,2.250491463183758,2.250491463183758
2015-04-01,EPi,2.12495048422485,2.12495048422485,2.2176078587433983,2.381742322914807,2.381742322914807
2015-07-01,EPi,2.0711711944920936,2.0711711944920936,2.2146145994096695,2.2558712812170905,2.2558712812170905
2015-10-01,EPi,2.022513829196553,2.022513829196553,2.07309140749893,2.290490347021994,2.290490347021994
2016-01-01,EPi,1.9088524753487717,1.9088524753487717,2.072721316298627,2.2631259815977742,2.2631259815977742
2016-04-01,EPi,2.1314603310050657,2.1314603310050657,2.135089151045504,2.3290142025375307,2.3290142025375307
2016-07-01,EPi,2.083559779423797,2.083559779423797,2.1750836557325526,2.219683829550726,2.219683829550726
2016-10-01,EPi,2.114897749663131,2.114897749663131,2.2194050285738833,2.2901888036821445,2.2901888036821445
2017-01-01,EPi,2.0951966411288145,2.0951966411288145,2.1827766926740115,2.282265322782337,2.282265322782337
2017-04-01,EPi,2.162580149027125,2.162580149027125,2.2058397279642015,2.27416197586048,2.27416197586048
2017-07-01,EPi,1.9910737545681354,1.9910737545681354,2.131104465716653,2.2226425380753763,2.2226425380753763
2017-10-01,EPi,1.974742588476377,1.974742588476377,2.1640352460739884,2.2898227588046045,2.2898227588046045
2018-01-01,EPi,1.930284118264227,1.930284118264227,2.1065678438664532,2.127569307898216,2.127569307898216
2018-04-01,EPi,1.9927119066190362,1.9927119066190362,2.03333079454327,2.0895390622979795,2.0895390622979795
2018-07-01,EPi,1.9698082237700467,1.9698082237700467,2.1489287958989993,2.181759280153515,2.181759280153515
2018-10-01,EPi,1.9819300087765876,1.9819300087765876,2.1090365185337347,2.22735124943934,2.22735124943934
2019-01-01,EPi,2.016560471460108,2.016560471460108,2.0687380233469694,2.1152078456524404,2.1152078456524404
2019-04-01,EPi,1.9831294360595184,1.9831294360595184,2.031409505553793,2.294716313950444,2.294716313950444
2019-07-01,EPi,1.9343723947649858,1.9343723947649858,2.072099584785923,2.1652718836701124,2.1652718836701124
2019-10-01,EPi,2.000143463775417,2.000143463775417,2.0671979009292722,2.1243502533718712,2.1243502533718712
2020-01-01,EPi,1.977045694527251,1.977045694527251,2.0132393118546235,2.083028794516232,2.083028794516232
2020-04-01,EPi,1.8445289365202784,1.8445289365202784,1.9297753443295418,2.1017795408417923,2.1017795408417923
2020-07-01,EPi,1.9541992998166708,1.9541992998166708,2.05931620342511,2.0678964671342905,2.0678964671342905
2020-10-01,EPi,2.0242256343545133,2.0242256343545133,2.053899125521369,2.079709108258233,2.079709108258233
2021-01-01,EPi,1.902988420393354,1.902988420393354,2.0708314340112146,2.1111871546745618,2.1111871546745618
2021-04-01,EPi,1.9622508485817265,1.9622508485817265,2.0337342275464434,2.2345811734149996,2.2345811734149996
2021-07-01,EPi,2.0182831600391915,2.0182831600391915,2.128771164797527,2.2517126171127826,2.2517126171127826
2021-10-01,EPi,2.023122210046389,2.023122210046389,2.115412326786485,2.316063998966949,2.316063998966949
2022-01-01,EPi,1.9175219654486935,1.9175219654486935,2.0484629056416344,2.2417953873920458,2.2417953873920458
2022-04-01,EPi,2.0412730717327787,2.0412730717327787,2.1995834370506135,2.2536963751484502,2.2536963751484502
2022-07-01,EPi,2.0759881623289242,2.0759881623289242,2.1656826292624043,2.315850778126436,2.315850778126436
2022-10-01,EPi,2.086327821510659,2.086327821510659,2.152138356542307,2.242806958445864,2.242806958445864
2023-01-01,EPi,1.8724184465484401,1.8724184465484401,1.9873313078600003,2.1261612991763936,2.1261612991763936
2023-04-01,EPi,1.9093164407680643,1.9093164407680643,1.9987298478568754,2.009046283894831,2.009046283894831
2023-07-01,EPi,1.913318847160737,1.913318847160737,1.9766287329349739,2.002913909459108,2.002913909459108
2023-10-01,EPi,1.8831399026716005,1.8831399026716005,2.0014063198758874,2.160894114449334,2.160894114449334
2024-01-01,EPi,1.832725711297455,1.832725711297455,1.9366647181787484,2.060417741920506,2.060417741920506
2024-04-01,EPi,1.7755242554465587,1.7755242554465587,1.8891067546322433,2.1168889435700753,2.1168889435700753
2024-07-01,EPi,1.8673304752879416,1.8673304752879416,1.9740986096535598,2.1050918059042703,2.1050918059042703
2024-10-01,EPi,1.954462484231964,1.954462484231964,1.9933542506704047,2.155838705568105,2.155838705568105
2025-01-01,EPi,1.8604117965624865,1.8604117965624865,2.0017819276138864,2.199978929597042,2.199978929597042
2025-04-01,EPi,1.8952617740019302,1.8952617740019302,2.1070889004250657,2.2401761520435652,2.2401761520435652
1960-01-01,BILL,2.045697859047542,2.045697859047542,3.056758663484156,3.8899575979158767,3.8899575979158767
1960-04-01,BILL,2.0107819213679106,2.0107819213679106,3.100079275563751,3.844651420080868,3.844651420080868
1960-07-01,BILL,1.96550550725311,1.96550550725311,3.007646195802928,3.8540654855322614,3.8540654855322614
1960-10-01,BILL,2.003064927727707,2.003064927727707,3.265671845354996,3.722733996481244,3.722733996481244
1961-01-01,BILL,2.11343998068391,2.11343998068391,3.4564088150345054,3.6717306759670194,3.6717306759670194
1961-04-01,BILL,2.1683877904018045,2.1683877904018045,3.515388883952947,3.719341486377856,3.719341486377856
1961-07-01,BILL,2.5558816025314437,2.5558816025314437,3.428688981915368,3.7899544296380014,3.7899544296380014
1961-10-01,BILL,2.5024028538946275,2.5024028538946275,3.4016961038428013,3.7034969343248845,3.7034969343248845
1962-01-01,BILL,2.603152961930003,2.603152961930003,3.3376739507966002,3.661683308828793,3.661683308828793
1962-04-01,BILL,2.760247752778189,2.760247752778189,3.3293759247437182,3.811149282728402,3.811149282728402
1962-07-01,BILL,2.786755854748523,2.786755854748523,3.3386004530362587,3.777073791193688,3.777073791193688
1962-10-01,BILL,2.960816302193909,2.960816302193909,3.3436860554437415,3.689372490352664,3.689372490352664
1963-01-01,BILL,2.727453231101924,2.727453231101924,3.418707455322133,3.7892198873568357,3.7892198873568357
1963-04-01,BILL,2.741094842526893,2.741094842526893,3.6013024582803324,3.8972362338826247,3.8972362338826247
1963-07-01,BILL,2.7283970002525284,2.7283970002525284,3.7094511863140394,3.792529249293388,3.792529249293388
1963-10-01,BILL,2.6749357755387564,2.6749357755387564,3.5038530153556704,3.5995763075515246,3.5995763075515246
1964-01-01,BILL,2.795422641208015,2.795422641208015,3.484714612677072,3.7052476081095964,3.7052476081095964
1964-04-01,BILL,2.5508916835658306,2.5508916835658306,3.470871186115386,3.845853710276371,3.845853710276371
1964-07-01,BILL,2.533412972936707,2.533412972936707,3.526265995948104,3.900513322505907,3.900513322505907
1964-10-01,BILL,2.7764402314444068,2.7764402314444068,3.5684419157651637,3.910358214081824,3.910358214081824
1965-01-01,BILL,2.7583657121842586,2.7583657121842586,3.6790485716036074,3.8425362060177655,3.8425362060177655
1965-04-01,BILL,2.7538081578154694,2.7538081578154694,3.730997080556763,3.8332024689351583,3.8332024689351583
1965-07-01,BILL,2.720018839008914,2.720018839008914,3.6767694036082093,4.0458543911476665,4.0458543911476665
1965-10-01,BILL,2.822206515560418,2.822206515560418,3.7592190121425375,4.110761554318683,4.110761554318683
1966-01-01,BILL,2.8989263766666196,2.8989263766666196,3.632925851269457,4.1151991524407086,4.1151991524407086
1966-04-01,BILL,2.854909498798646,2.854909498798646,3.6481504683406354,4.17087069434962,4.17087069434962
1966-07-01,BILL,3.0269829970951108,3.0269829970951108,3.518153295674632,4.237310283771504,4.237310283771504
1966-10-01,BILL,3.224697061965883,3.224697061965883,3.7777017295990323,4.3955629539503684,4.3955629539503684
1967-01-01,BILL,3.530962349817135,3.530962349817135,3.9656580868112696,4.5214427720977755,4.5214427720977755
1967-04-01,BILL,3.4372797736206304,3.4372797736206304,4.108736703580368,4.5717231652027355,4.5717231652027355
1967-07-01,BILL,3.4753964826777013,3.4753964826777013,4.171922622694367,4.725821728695443,4.725821728695443
1967-10-01,BILL,3.4152816227907996,3.4152816227907996,4.301411637315592,4.777890146946058,4.777890146946058
1968-01-01,BILL,3.331273046888983,3.331273046888983,4.125135319426421,4.727979268433783,4.727979268433783
1968-04-01,BILL,3.280126365057324,3.280126365057324,4.149646694893756,4.513346327538999,4.513346327538999
1968-07-01,BILL,3.2366387648717985,3.2366387648717985,4.279085158028421,4.406634284704374,4.406634284704374
1968-10-01,BILL,3.543942588485981,3.543942588485981,4.209625383258977,4.556722180185739,4.556722180185739
1969-01-01,BILL,3.8124085815651463,3.8124085815651463,4.426532454183641,4.4512993029471675,4.4512993029471675
1969-04-01,BILL,4.033164795648963,4.033164795648963,4.395589523288651,4.57737139016427,4.57737139016427
1969-07-01,BILL,4.222288066545704,4.222288066545704,4.508466294311046,4.714547108359408,4.714547108359408
1969-10-01,BILL,4.367236503318956,4.367236503318956,4.605015956682222,4.9921540006077105,4.9921540006077105
1970-01-01,BILL,4.535152265469786,4.535152265469786,4.6810507952887646,5.106485955853669,5.106485955853669
1970-04-01,BILL,4.4342677395269074,4.4342677395269074,4.835819148545218,5.085940235162786,5.085940235162786
1970-07-01,BILL,4.45238269413023,4.45238269413023,4.9184857258097265,5.110835562906978,5.110835562906978
1970-10-01,BILL,4.441922141880481,4.441922141880481,4.8416805718527955,5.269527304423891,5.269527304423891
1971-01-01,BILL,4.302903534269046,4.302903534269046,4.901013928375335,5.086454884645586,5.086454884645586
1971-04-01,BILL,4.497889055710606,4.497889055710606,4.9083028309578,5.157623311409605,5.157623311409605
1971-07-01,BILL,4.502143371761067,4.502143371761067,4.949515263370715,5.25392718827435,5.25392718827435
1971-10-01,BILL,4.73006250003214,4.73006250003214,5.031356004672601,5.518647583116065,5.518647583116065
1972-01-01,BILL,4.877763969731251,4.877763969731251,5.173351226791814,5.645983292035048,5.645983292035048
1972-04-01,BILL,5.0607750428538,5.0607750428538,5.27755662681386,5.805708963247696,5.805708963247696
1972-07-01,BILL,5.137229451550462,5.137229451550462,5.190178220997511,5.892145486818847,5.892145486818847
1972-10-01,BILL,5.407373894911485,5.407373894911485,5.455949467858,5.982211801850125,5.982211801850125
1973-01-01,BILL,5.403314966509291,5.403314966509291,5.626046449580192,6.053860952513374,6.053860952513374
1973-04-01,BILL,5.298446010747879,5.298446010747879,5.651202412007941,5.947043355826842,5.947043355826842
1973-07-01,BILL,5.3792533144315,5.3792533144315,5.621616141803102,6.159137448316916,6.159137448316916
1973-10-01,BILL,5.504331708419432,5.504331708419432,5.694032233508456,6.188039173658545,6.188039173658545
1974-01-01,BILL,5.65706176687377,5.65706176687377,5.922149917013185,6.327415797590261,6.327415797590261
1974-04-01,BILL,5.960551768234298,5.960551768234298,6.213659291721671,6.75151039658205,6.75151039658205
1974-07-01,BILL,6.172374489978074,6.172374489978074,6.444261320696079,6.870235093650334,6.870235093650334
1974-10-01,BILL,6.131775256653873,6.131775256653873,6.458543321026816,7.156074475910771,7.156074475910771
1975-01-01,BILL,6.242981880131499,6.242981880131499,6.5005372757377335,7.417218819540205,7.417218819540205
1975-04-01,BILL,6.376305997858119,6.376305997858119,6.634549530227254,7.4770166116865475,7.4770166116865475
1975-07-01,BILL,6.507907940504273,6.507907940504273,6.666998985491674,7.526453913836248,7.526453913836248
1975-10-01,BILL,6.4943869342513025,6.4943869342513025,6.622059234385485,7.353574054899315,7.353574054899315
1976-01-01,BILL,6.313786271699245,6.313786271699245,6.626872430311919,7.314775138467654,7.314775138467654
1976-04-01,BILL,6.100558185729652,6.100558185729652,6.407816029132297,7.165440823979191,7.165440823979191
1976-07-01,BILL,6.247583362718601,6.247583362718601,6.520355148179693,7.328037011958357,7.328037011958357
1976-10-01,BILL,6.076194569729283,6.076194569729283,6.445447909015547,7.183408898519907,7.183408898519907
1977-01-01,BILL,6.2306085463433085,6.2306085463433085,6.468610840662871,7.224700674411004,7.224700674411004
1977-04-01,BILL,6.252707272461399,6.252707272461399,6.486031252403264,7.093199758748714,7.093199758748714
1977-07-01,BILL,6.311573732186451,6.311573732186451,6.555215237869592,7.421095648321389,7.421095648321389
1977-10-01,BILL,6.475103631675218,6.475103631675218,6.673095475701977,7.584864142123686,7.584864142123686
1978-01-01,BILL,6.556332409991801,6.556332409991801,6.7844796607649105,7.719798613716055,7.719798613716055
1978-04-01,BILL,6.873770361030223,6.873770361030223,7.034134219644246,7.981122939942052,7.981122939942052
1978-07-01,BILL,7.0751379278725794,7.0751379278725794,7.25217438192586,8.137180939577812,8.137180939577812
1978-10-01,BILL,6.990970661339138,6.990970661339138,7.435821910033123,8.442130987009627,8.442130987009627
1979-01-01,BILL,7.394358122413363,7.394358122413363,7.73004691346015,8.707176137787608,8.707176137787608
1979-04-01,BILL,7.419141465340889,7.419141465340889,7.836266593855301,8.705080778540522,8.705080778540522
1979-07-01,BILL,7.568041909398201,7.568041909398201,7.945490156810663,8.951652044632079,8.951652044632079
1979-10-01,BILL,7.796443710042694,7.796443710042694,7.9950444744312765,9.084767324600904,9.084767324600904
1980-01-01,BILL,7.865509190307765,7.865509190307765,8.157716748734112,9.116545030431384,9.116545030431384
1980-04-01,BILL,7.834911460821287,7.834911460821287,7.912283240705271,9.031377811794284,9.031377811794284
1980-07-01,BILL,7.94636135920426,7.94636135920426,8.066772398187538,9.044840551370093,9.044840551370093
1980-10-01,BILL,7.951278276066567,7.951278276066567,8.506234478403,9.606868115084174,9.606868115084174
1981-01-01,BILL,8.204499182186398,8.204499182186398,8.83548511418606,9.735739452296075,9.735739452296075
1981-04-01,BILL,8.225897808511204,8.225897808511204,8.89596166788018,9.661803492253709,9.661803492253709
1981-07-01,BILL,8.34042102651176,8.34042102651176,8.93022216154777,9.655518650149146,9.655518650149146
1981-10-01,BILL,8.291335831137134,8.291335831137134,8.891236122401043,9.625129558418116,9.625129558418116
1982-01-01,BILL,8.09778380087419,8.09778380087419,8.563145344634247,9.41155329337519,9.41155329337519
1982-04-01,BILL,7.9076728017052895,7.9076728017052895,8.624161762917593,9.22404066094,9.22404066094
1982-07-01,BILL,8.076342005119274,8.076342005119274,8.544481225434541,9.166238702728183,9.166238702728183
1982-10-01,BILL,7.775744979129038,7.775744979129038,8.1841245221784,8.835570680446981,8.835570680446981
1983-01-01,BILL,7.892780132828318,7.892780132828318,8.13816883263213,8.723114376432195,8.723114376432195
1983-04-01,BILL,7.753125131260652,7.753125131260652,8.15259327528076,8.842664445344964,8.842664445344964
1983-07-01,BILL,7.821966803675142,7.821966803675142,8.238966026777224,8.690924412183552,8.690924412183552
1983-10-01,BILL,7.836563854060958,7.836563854060958,8.211542552839273,8.902144722735008,8.902144722735008
1984-01-01,BILL,7.814431152310005,7.814431152310005,8.032749339567836,8.85789899274133,8.85789899274133
1984-04-01,BILL,7.753989095180909,7.753989095180909,7.95845018732226,8.704988124080582,8.704988124080582
1984-07-01,BILL,7.463913794963468,7.463913794963468,7.827548554188116,8.385530748819615,8.385530748819615
1984-10-01,BILL,7.300557325215591,7.300557325215591,7.534953711511652,7.989200223756725,7.989200223756725
1985-01-01,BILL,7.159337478874239,7.159337478874239,7.386309410003986,7.874110252625497,7.874110252625497
1985-04-01,BILL,7.069709826366733,7.069709826366733,7.303887291155686,7.772208515971754,7.772208515971754
1985-07-01,BILL,7.229009857002073,7.229009857002073,7.2566325541224685,7.818413796584015,7.818413796584015
1985-10-01,BILL,7.178410989895093,7.178410989895093,7.4273043916037045,7.612216435451824,7.612216435451824
1986-01-01,BILL,7.003201719580205,7.003201719580205,7.181020557204278,7.357216560974193,7.357216560974193
1986-04-01,BILL,7.0537903322191635,7.0537903322191635,7.078919294413936,7.363141148217736,7.363141148217736
1986-07-01,BILL,6.931091585636532,6.931091585636532,7.156494618561676,7.415082603796282,7.415082603796282
1986-10-01,BILL,6.861679379244893,6.861679379244893,7.083262534913285,7.304767845434434,7.304767845434434
1987-01-01,BILL,6.963397227794468,6.963397227794468,7.1034195836422755,7.381792879755162,7.381792879755162
1987-04-01,BILL,6.994458872052636,6.994458872052636,7.0653822868280125,7.338434118123761,7.338434118123761
1987-07-01,BILL,6.912960755660883,6.912960755660883,7.238802560365336,7.415251569981621,7.415251569981621
1987-10-01,BILL,6.769888516020218,6.769888516020218,7.09331393880381,7.3818662030417475,7.3818662030417475
1988-01-01,BILL,6.478287439631336,6.478287439631336,7.077198522161837,7.296162610006416,7.296162610006416
1988-04-01,BILL,6.28106666438191,6.28106666438191,6.754826795296734,7.233355694355546,7.233355694355546
1988-07-01,BILL,6.126146930017412,6.126146930017412,6.46833543679972,7.037993579020323,7.037993579020323
1988-10-01,BILL,6.043167139081641,6.043167139081641,6.434458469794342,6.92056894715777,6.92056894715777
1989-01-01,BILL,5.884527736516451,5.884527736516451,6.388397110343727,6.665938361179981,6.665938361179981
1989-04-01,BILL,5.920803442588317,5.920803442588317,6.268320898097546,6.618410626136567,6.618410626136567
1989-07-01,BILL,5.75335459650244,5.75335459650244,6.0574736270487985,6.373570690526066,6.373570690526066
1989-10-01,BILL,5.741282992911625,5.741282992911625,5.87561078359467,6.227795740560859,6.227795740560859
1990-01-01,BILL,5.602352021946126,5.602352021946126,5.873918483360475,6.185293043499234,6.185293043499234
1990-04-01,BILL,5.639991786962399,5.639991786962399,5.793323462956554,6.075876003269726,6.075876003269726
1990-07-01,BILL,5.812221154518856,5.812221154518856,5.8390871145502246,6.056299565019593,6.056299565019593
1990-10-01,BILL,5.775800112977626,5.775800112977626,5.866263940112257,6.0795387835114525,6.0795387835114525
1991-01-01,BILL,5.460664546700742,5.460664546700742,5.837583068527572,5.976394519988633,5.976394519988633
1991-04-01,BILL,5.602334047693083,5.602334047693083,5.6608725753747375,5.989393517105435,5.989393517105435
1991-07-01,BILL,5.53541767350631,5.53541767350631,5.6426234652635685,5.85605418879436,5.85605418879436
1991-10-01,BILL,5.524282689377199,5.524282689377199,5.570863545075062,5.637729911800573,5.637729911800573
1992-01-01,BILL,5.36119021438882,5.36119021438882,5.42725185053949,5.5558962680476,5.5558962680476
1992-04-01,BILL,5.2211138792720755,5.2211138792720755,5.461255988911894,5.691293924644453,5.691293924644453
1992-07-01,BILL,4.9933688909835645,4.9933688909835645,5.307381160483381,5.467173390936386,5.467173390936386
1992-10-01,BILL,5.086053024616016,5.086053024616016,5.384525378349508,5.387225227389408,5.387225227389408
1993-01-01,BILL,4.791292937484426,4.791292937484426,5.2209290803446855,5.251837984210936,5.251837984210936
1993-04-01,BILL,4.947867716771196,4.947867716771196,5.147047867351036,5.316869727198485,5.316869727198485
1993-07-01,BILL,4.872520176705682,4.872520176705682,4.950889724816083,5.233067297716808,5.233067297716808
1993-10-01,BILL,4.832461523070252,4.832461523070252,4.8830023344745275,5.342901395651397,5.342901395651397
1994-01-01,BILL,4.7831993167667015,4.7831993167667015,4.925464652621661,5.368026162650208,5.368026162650208
1994-04-01,BILL,4.880826455102807,4.880826455102807,4.936335236983352,5.26696199565261,5.26696199565261
1994-07-01,BILL,4.834301355339565,4.834301355339565,4.974497718840504,5.213274706020094,5.213274706020094
1994-10-01,BILL,4.883047833039613,4.883047833039613,4.998954990534246,5.344347472240956,5.344347472240956
1995-01-01,BILL,4.744232374005655,4.744232374005655,4.944444474045534,5.1824492909084725,5.1824492909084725
1995-04-01,BILL,4.769536006308698,4.769536006308698,4.877383113113911,5.043904943526435,5.043904943526435
1995-07-01,BILL,4.509242219497834,4.509242219497834,4.774186989130165,4.98632224081884,4.98632224081884
1995-10-01,BILL,4.425966572276247,4.425966572276247,4.593126180376247,4.8232243605495,4.8232243605495
1996-01-01,BILL,4.385012708683935,4.385012708683935,4.52526719406673,4.824847137832522,4.824847137832522
1996-04-01,BILL,4.441393168071247,4.441393168071247,4.575512048993645,4.8882261783712995,4.8882261783712995
1996-07-01,BILL,4.2419911823861405,4.2419911823861405,4.5849292415180525,4.899069325409682,4.899069325409682
1996-10-01,BILL,4.374334263468673,4.374334263468673,4.6547906066757765,4.9332133132103095,4.9332133132103095
1997-01-01,BILL,4.525359362966297,4.525359362966297,4.633817312243256,4.918142223184816,4.918142223184816
1997-04-01,BILL,4.5211739730254665,4.5211739730254665,4.627304573125816,4.8804478206600646,4.8804478206600646
1997-07-01,BILL,4.477568537017566,4.477568537017566,4.572995128411577,4.800674733287154,4.800674733287154
1997-10-01,BILL,4.163010264550216,4.163010264550216,4.396193283645666,4.509169257736042,4.509169257736042
1998-01-01,BILL,4.183349553427128,4.183349553427128,4.296675448936416,4.54871838886372,4.54871838886372
1998-04-01,BILL,4.100474227210729,4.100474227210729,4.273830477961911,4.596670444597864,4.596670444597864
1998-07-01,BILL,4.060782048677648,4.060782048677648,4.104532735143697,4.436616293529598,4.436616293529598
1998-10-01,BILL,3.9157104368235007,3.9157104368235007,4.147291575215299,4.4703912677997995,4.4703912677997995
1999-01-01,BILL,3.952807360618107,3.952807360618107,4.17808823711451,4.3078122193884045,4.3078122193884045
1999-04-01,BILL,3.94148322459527,3.94148322459527,4.295060589538216,4.418625171796602,4.418625171796602
1999-07-01,BILL,3.9487812791587382,3.9487812791587382,4.337952068248416,4.3694752359023425,4.3694752359023425
1999-10-01,BILL,4.011955717249535,4.011955717249535,4.2843807197399535,4.411945958954204,4.411945958954204
2000-01-01,BILL,4.031099154674214,4.031099154674214,4.188594231732282,4.538122242981675,4.538122242981675
2000-04-01,BILL,4.058296750303459,4.058296750303459,4.197298780388314,4.336413530414138,4.336413530414138
2000-07-01,BILL,4.071117198988622,4.071117198988622,4.230985452275732,4.437441091186802,4.437441091186802
2000-10-01,BILL,3.9185052721363975,3.9185052721363975,4.1828798821141095,4.396697057379938,4.396697057379938
2001-01-01,BILL,4.116794449127401,4.116794449127401,4.241134351239728,4.3004170996594855,4.3004170996594855
2001-04-01,BILL,4.085344422600167,4.085344422600167,4.208192698762666,4.35749545021378,4.35749545021378
2001-07-01,BILL,4.147417507346251,4.147417507346251,4.235133738963604,4.358821150122926,4.358821150122926
2001-10-01,BILL,4.153208214987517,4.153208214987517,4.262091454858989,4.316218714909693,4.316218714909693
2002-01-01,BILL,4.24347860768906,4.24347860768906,4.316906244146956,4.426823335664429,4.426823335664429
2002-04-01,BILL,4.094784632617299,4.094784632617299,4.3094001015214385,4.479564892683577,4.479564892683577
2002-07-01,BILL,4.116576789267658,4.116576789267658,4.34504744290196,4.447937064703205,4.447937064703205
2002-10-01,BILL,4.103004550911788,4.103004550911788,4.404643718174003,4.526054641853106,4.526054641853106
2003-01-01,BILL,4.145492064599465,4.145492064599465,4.381080659642773,4.5881338350526955,4.5881338350526955
2003-04-01,BILL,4.138796880429955,4.138796880429955,4.356710997642325,4.556783342190166,4.556783342190166
2003-07-01,BILL,4.113515411266153,4.113515411266153,4.2563853519724955,4.608925304039413,4.608925304039413
2003-10-01,BILL,4.031634113116263,4.031634113116263,4.163888974194011,4.681175984237073,4.681175984237073
2004-01-01,BILL,3.900429202617235,3.900429202617235,4.111971076499204,4.59022489408569,4.59022489408569
2004-04-01,BILL,3.8544666387380793,3.8544666387380793,4.1348475440519,4.572383596632481,4.572383596632481
2004-07-01,BILL,3.886159948892778,3.886159948892778,4.263604008338999,4.3861928799066785,4.3861928799066785
2004-10-01,BILL,3.8974052511689603,3.8974052511689603,4.151778137334915,4.291532274186467,4.291532274186467
2005-01-01,BILL,3.922155681565374,3.922155681565374,4.121568176555368,4.280393179466552,4.280393179466552
2005-04-01,BILL,3.9396375144660154,3.9396375144660154,4.005574234562418,4.253356281988163,4.253356281988163
2005-07-01,BILL,3.823085659291871,3.823085659291871,3.8531461811328587,4.119427884627689,4.119427884627689
2005-10-01,BILL,3.75433325066731,3.75433325066731,3.928380054757251,4.077841721393373,4.077841721393373
2006-01-01,BILL,3.6859401051458307,3.6859401051458307,3.9089418245916567,3.9995033682292935,3.9995033682292935
2006-04-01,BILL,3.769577830826983,3.769577830826983,3.857726489911843,4.089783247588523,4.089783247588523
2006-07-01,BILL,3.5734557525637083,3.5734557525637083,3.8117639454101755,4.0946275443654425,4.0946275443654425
2006-10-01,BILL,3.6202889671695346,3.6202889671695346,3.76532582389301,4.041982910066516,4.041982910066516
2007-01-01,BILL,3.5356788289887384,3.5356788289887384,3.670020096186711,4.051150521531248,4.051150521531248
2007-04-01,BILL,3.6886381139478104,3.6886381139478104,3.9184183677041853,4.0877529648738165,4.0877529648738165
2007-07-01,BILL,3.501054468335132,3.501054468335132,3.8303936292802048,4.3943657410965855,4.3943657410965855
2007-10-01,BILL,3.626400510521221,3.626400510521221,3.8597849681761627,4.510022821298906,4.510022821298906
2008-01-01,BILL,3.599200078723481,3.599200078723481,4.004679338997024,4.692497267684953,4.692497267684953
2008-04-01,BILL,3.7306492368387647,3.7306492368387647,4.040377545857023,4.5092893426684135,4.5092893426684135
2008-07-01,BILL,3.6684584722800566,3.6684584722800566,3.8924858421535387,4.398365426022822,4.398365426022822
2008-10-01,BILL,3.559478226035562,3.559478226035562,3.898730689935409,4.332097662327216,4.332097662327216
2009-01-01,BILL,3.4506905076622796,3.4506905076622796,3.9534810379930723,4.5399524606431765,4.5399524606431765
2009-04-01,BILL,3.5727385841346377,3.5727385841346377,3.9159423469198487,4.669052325787565,4.669052325787565
2009-07-01,BILL,3.5345239776742856,3.5345239776742856,3.8180772865621835,4.7671379428596055,4.7671379428596055
2009-10-01,BILL,3.53787508626837,3.53787508626837,3.698199774037691,4.6321559060507065,4.6321559060507065
2010-01-01,BILL,3.446763574158581,3.446763574158581,3.6928604164104963,4.432478635438152,4.432478635438152
2010-04-01,BILL,3.3524098086278316,3.3524098086278316,3.669059265938256,4.24444052919199,4.24444052919199
2010-07-01,BILL,3.2703032260458444,3.2703032260458444,3.570181867038902,4.198107976659724,4.198107976659724
2010-10-01,BILL,3.2495199896160134,3.2495199896160134,3.4752684006240564,4.216459288749487,4.216459288749487
2011-01-01,BILL,3.2253398267015565,3.2253398267015565,3.644409897262374,4.264275665927361,4.264275665927361
2011-04-01,BILL,3.0837707496559843,3.0837707496559843,3.6292968761761317,4.294999119079065,4.294999119079065
2011-07-01,BILL,2.9355291357932556,2.9355291357932556,3.5592747937028557,4.212999422848474,4.212999422848474
2011-10-01,BILL,2.986575299587817,2.986575299587817,3.424110531575158,4.093183825550398,4.093183825550398
2012-01-01,BILL,3.1657763240758405,3.1657763240758405,3.2400858492240316,4.14338753365214,4.14338753365214
2012-04-01,BILL,3.1955852036158503,3.1955852036158503,3.2781773635122917,4.096618424505683,4.096618424505683
2012-07-01,BILL,2.956469058278238,2.956469058278238,3.1230165151082714,4.207142350310724,4.207142350310724
2012-10-01,BILL,2.93192524492125,2.93192524492125,3.138359267137131,3.9331270187782996,3.9331270187782996
2013-01-01,BILL,2.745329621484112,2.745329621484112,3.171964568990224,3.955622682882092,3.955622682882092
2013-04-01,BILL,2.6929466025282784,2.6929466025282784,3.054102268622594,4.053438403221082,4.053438403221082
2013-07-01,BILL,2.7325265780735264,2.7325265780735264,2.9861065636145097,3.9069741097944855,3.9069741097944855
2013-10-01,BILL,2.7801381331592756,2.7801381331592756,2.925043237536726,3.9062030507241876,3.9062030507241876
2014-01-01,BILL,2.7491124627787236,2.7491124627787236,2.937959985231635,3.9104249749099793,3.9104249749099793
2014-04-01,BILL,2.779331435205702,2.779331435205702,2.955410604180729,3.9420461945988867,3.9420461945988867
2014-07-01,BILL,2.8088617551182526,2.8088617551182526,2.920527040668696,3.9822429055761974,3.9822429055761974
2014-10-01,BILL,2.7466817255553946,2.7466817255553946,3.0150034978971076,3.634559628499784,3.634559628499784
2015-01-01,BILL,2.8053202221439997,2.8053202221439997,3.1272213154602166,3.7339777483543584,3.7339777483543584
2015-04-01,BILL,2.801714894959708,2.801714894959708,3.1150472531729467,3.986152854733088,3.986152854733088
2015-07-01,BILL,2.703404439260959,2.703404439260959,3.0495035062319764,3.8309528897728873,3.8309528897728873
2015-10-01,BILL,2.7188624447341594,2.7188624447341594,2.9003782818346897,3.8200694646484923,3.8200694646484923
2016-01-01,BILL,2.692263662552236,2.692263662552236,2.7690082448797684,3.74714609060979,3.74714609060979
2016-04-01,BILL,2.7146670463283837,2.7146670463283837,2.974754839811649,3.7563719213702345,3.7563719213702345
2016-07-01,BILL,2.734526971064648,2.734526971064648,2.8611750322485654,3.6378098223398223,3.6378098223398223
2016-10-01,BILL,2.739757843112197,2.739757843112197,2.9666427496981047,3.6611304378895957,3.6611304378895957
2017-01-01,BILL,2.6747564327009847,2.6747564327009847,3.023531091607041,3.47726779865267,3.47726779865267
2017-04-01,BILL,2.7735269762040016,2.7735269762040016,3.0418235978983903,3.309249266672241,3.309249266672241
2017-07-01,BILL,2.5277290171589852,2.5277290171589852,2.8449418491425673,3.275624016760302,3.275624016760302
2017-10-01,BILL,2.5421145850063707,2.5421145850063707,2.786637890797093,3.151572775017949,3.151572775017949
2018-01-01,BILL,2.5957245389900936,2.5957245389900936,2.8170751998497567,3.065107756688965,3.065107756688965
2018-04-01,BILL,2.6316976759702095,2.6316976759702095,2.8021283563379837,2.8945940311771476,2.8945940311771476
2018-07-01,BILL,2.600281745283893,2.600281745283893,2.7373978808257955,3.1442972528386592,3.1442972528386592
2018-10-01,BILL,2.586373309516109,2.586373309516109,2.8740306221311522,3.0779528063429744,3.0779528063429744
2019-01-01,BILL,2.6124742271648467,2.6124742271648467,2.750436951759327,3.065530527719013,3.065530527719013
2019-04-01,BILL,2.516021440980467,2.516021440980467,2.6961894623396643,3.2748493599375816,3.2748493599375816
2019-07-01,BILL,2.444384006851721,2.444384006851721,2.7671590576787692,3.074624043563981,3.074624043563981
2019-10-01,BILL,2.5611946361017504,2.5611946361017504,2.645875753975133,2.8611974853822186,2.8611974853822186
2020-01-01,BILL,2.5172772611439806,2.5172772611439806,2.539370099347866,2.8224097856432517,2.8224097856432517
2020-04-01,BILL,2.4111472614449405,2.4111472614449405,2.495789292268648,2.7489673186715287,2.7489673186715287
2020-07-01,BILL,2.3348686616462224,2.3348686616462224,2.5682927256781807,2.66097571886741,2.66097571886741
2020-10-01,BILL,2.420122531160577,2.420122531160577,2.6480132251325905,2.6880574276434563,2.6880574276434563
2021-01-01,BILL,2.490359528886988,2.490359528886988,2.5541672194746408,2.612104626913394,2.612104626913394
2021-04-01,BILL,2.45684119211639,2.45684119211639,2.5763169244031223,2.6771854489141105,2.6771854489141105
2021-07-01,BILL,2.4554126070010396,2.4554126070010396,2.5394987543452396,2.7621117165357933,2.7621117165357933
2021-10-01,BILL,2.390952263367889,2.390952263367889,2.5721818765963245,2.973567314831454,2.973567314831454
2022-01-01,BILL,2.3517828345957943,2.3517828345957943,2.471321742710253,2.966919172049861,2.966919172049861
2022-04-01,BILL,2.4574778485763416,2.4574778485763416,2.68749042209237,2.935904312911421,2.935904312911421
2022-07-01,BILL,2.4841989505737434,2.4841989505737434,2.6394298074481344,3.095122894592264,3.095122894592264
2022-10-01,BILL,2.469003461482287,2.469003461482287,2.7285519000455296,3.0014948553835357,3.0014948553835357
2023-01-01,BILL,2.3411632415328647,2.3411632415328647,2.5404567006867653,2.80076711661468,2.80076711661468
2023-04-01,BILL,2.308561205112525,2.308561205112525,2.4051077158520275,2.8554900045717346,2.8554900045717346
2023-07-01,BILL,2.259521394274617,2.259521394274617,2.450109770585647,2.756019840322471,2.756019840322471
2023-10-01,BILL,2.265446574238769,2.265446574238769,2.527611284370254,2.861967274854531,2.861967274854531
2024-01-01,BILL,2.2320192564989516,2.2320192564989516,2.536342633553044,2.6729622894311,2.6729622894311
2024-04-01,BILL,2.2159344703681603,2.2159344703681603,2.559311864841762,2.731344356368976,2.731344356368976
2024-07-01,BILL,2.2846655236802063,2.2846655236802063,2.436756888945031,2.952518295750053,2.952518295750053
2024-10-01,BILL,2.35505898606992,2.35505898606992,2.549865589446834,2.8707377500504117,2.8707377500504117
2025-01-01,BILL,2.315213044675003,2.315213044675003,2.617696185554621,2.9786180862780904,2.9786180862780904
2025-04-01,BILL,2.353211562670191,2.353211562670191,2.707074218971567,3.037255147641202,3.037255147641202
1960-01-01,EBILL,2.045697859047542,2.045697859047542,3.056758663484156,3.8899575979158767,3.8899575979158767
1960-04-01,EBILL,2.0107819213679106,2.0107819213679106,3.100079275563751,3.844651420080868,3.844651420080868
1960-07-01,EBILL,1.96550550725311,1.96550550725311,3.007646195802928,3.8540654855322614,3.8540654855322614
1960-10-01,EBILL,2.003064927727707,2.003064927727707,3.265671845354996,3.722733996481244,3.722733996481244
1961-01-01,EBILL,2.11343998068391,2.11343998068391,3.4564088150345054,3.6717306759670194,3.6717306759670194
1961-04-01,EBILL,2.1683877904018045,2.1683877904018045,3.515388883952947,3.719341486377856,3.719341486377856
1961-07-01,EBILL,2.5558816025314437,2.5558816025314437,3.428688981915368,3.7899544296380014,3.7899544296380014
1961-10-01,EBILL,2.5024028538946275,2.5024028538946275,3.4016961038428013,3.7034969343248845,3.7034969343248845
1962-01-01,EBILL,2.603152961930003,2.603152961930003,3.3376739507966002,3.661683308828793,3.661683308828793
1962-04-01,EBILL,2.760247752778189,2.760247752778189,3.3293759247437182,3.811149282728402,3.811149282728402
1962-07-01,EBILL,2.786755854748523,2.786755854748523,3.3386004530362587,3.777073791193688,3.777073791193688
1962-10-01,EBILL,2.960816302193909,2.960816302193909,3.3436860554437415,3.689372490352664,3.689372490352664
1963-01-01,EBILL,2.727453231101924,2.727453231101924,3.418707455322133,3.7892198873568357,3.7892198873568357
1963-04-01,EBILL,2.741094842526893,2.741094842526893,3.6013024582803324,3.8972362338826247,3.8972362338826247
1963-07-01,EBILL,2.7283970002525284,2.7283970002525284,3.7094511863140394,3.792529249293388,3.792529249293388
1963-10-01,EBILL,2.6749357755387564,2.6749357755387564,3.5038530153556704,3.5995763075515246,3.5995763075515246
1964-01-01,EBILL,2.795422641208015,2.795422641208015,3.484714612677072,3.7052476081095964,3.7052476081095964
1964-04-01,EBILL,2.5508916835658306,2.5508916835658306,3.470871186115386,3.845853710276371,3.845853710276371
1964-07-01,EBILL,2.533412972936707,2.533412972936707,3.526265995948104,3.900513322505907,3.900513322505907
1964-10-01,EBILL,2.7764402314444068,2.7764402314444068,3.5684419157651637,3.910358214081824,3.910358214081824
1965-01-01,EBILL,2.7583657121842586,2.7583657121842586,3.6790485716036074,3.8425362060177655,3.8425362060177655
1965-04-01,EBILL,2.7538081578154694,2.7538081578154694,3.730997080556763,3.8332024689351583,3.8332024689351583
1965-07-01,EBILL,2.720018839008914,2.720018839008914,3.6767694036082093,4.0458543911476665,4.0458543911476665
1965-10-01,EBILL,2.822206515560418,2.822206515560418,3.7592190121425375,4.110761554318683,4.110761554318683
1966-01-01,EBILL,2.8989263766666196,2.8989263766666196,3.632925851269457,4.1151991524407086,4.1151991524407086
1966-04-01,EBILL,2.854909498798646,2.854909498798646,3.6481504683406354,4.17087069434962,4.17087069434962
1966-07-01,EBILL,3.0269829970951108,3.0269829970951108,3.518153295674632,4.237310283771504,4.237310283771504
1966-10-01,EBILL,3.224697061965883,3.224697061965883,3.7777017295990323,4.3955629539503684,4.3955629539503684
1967-01-01,EBILL,3.530962349817135,3.530962349817135,3.9656580868112696,4.5214427720977755,4.5214427720977755
1967-04-01,EBILL,3.4372797736206304,3.4372797736206304,4.108736703580368,4.5717231652027355,4.5717231652027355
1967-07-01,EBILL,3.4753964826777013,3.4753964826777013,4.171922622694367,4.725821728695443,4.725821728695443
1967-10-01,EBILL,3.4152816227907996,3.4152816227907996,4.301411637315592,4.777890146946058,4.777890146946058
1968-01-01,EBILL,3.331273046888983,3.331273046888983,4.125135319426421,4.727979268433783,4.727979268433783
1968-04-01,EBILL,3.280126365057324,3.280126365057324,4.149646694893756,4.513346327538999,4.513346327538999
1968-07-01,EBILL,3.2366387648717985,3.2366387648717985,4.279085158028421,4.406634284704374,4.406634284704374
1968-10-01,EBILL,3.543942588485981,3.543942588485981,4.209625383258977,4.556722180185739,4.556722180185739
1969-01-01,EBILL,3.8124085815651463,3.8124085815651463,4.426532454183641,4.4512993029471675,4.4512993029471675
1969-04-01,EBILL,4.033164795648963,4.033164795648963,4.395589523288651,4.57737139016427,4.57737139016427
1969-07-01,EBILL,4.222288066545704,4.222288066545704,4.508466294311046,4.714547108359408,4.714547108359408
1969-10-01,EBILL,4.367236503318956,4.367236503318956,4.605015956682222,4.9921540006077105,4.9921540006077105
1970-01-01,EBILL,4.535152265469786,4.535152265469786,4.6810507952887646,5.106485955853669,5.106485955853669
1970-04-01,EBILL,4.4342677395269074,4.4342677395269074,4.835819148545218,5.085940235162786,5.085940235162786
1970-07-01,EBILL,4.45238269413023,4.45238269413023,4.9184857258097265,5.110835562906978,5.110835562906978
1970-10-01,EBILL,4.441922141880481,4.441922141880481,4.8416805718527955,5.269527304423891,5.269527304423891
1971-01-01,EBILL,4.302903534269046,4.302903534269046,4.901013928375335,5.086454884645586,5.086454884645586
1971-04-01,EBILL,4.497889055710606,4.497889055710606,4.9083028309578,5.157623311409605,5.157623311409605
1971-07-01,EBILL,4.502143371761067,4.502143371761067,4.949515263370715,5.25392718827435,5.25392718827435
1971-10-01,EBILL,4.73006250003214,4.73006250003214,5.031356004672601,5.518647583116065,5.518647583116065
1972-01-01,EBILL,4.877763969731251,4.877763969731251,5.173351226791814,5.645983292035048,5.645983292035048
1972-04-01,EBILL,5.0607750428538,5.0607750428538,5.27755662681386,5.805708963247696,5.805708963247696
1972-07-01,EBILL,5.137229451550462,5.137229451550462,5.190178220997511,5.892145486818847,5.892145486818847
1972-10-01,EBILL,5.407373894911485,5.407373894911485,5.455949467858,5.982211801850125,5.982211801850125
1973-01-01,EBILL,5.403314966509291,5.403314966509291,5.626046449580192,6.053860952513374,6.053860952513374
1973-04-01,EBILL,5.298446010747879,5.298446010747879,5.651202412007941,5.947043355826842,5.947043355826842
1973-07-01,EBILL,5.3792533144315,5.3792533144315,5.621616141803102,6.159137448316916,6.159137448316916
1973-10-01,EBILL,5.504331708419432,5.504331708419432,5.694032233508456,6.188039173658545,6.188039173658545
1974-01-01,EBILL,5.65706176687377,5.65706176687377,5.922149917013185,6.327415797590261,6.327415797590261
1974-04-01,EBILL,5.960551768234298,5.960551768234298,6.213659291721671,6.75151039658205,6.75151039658205
1974-07-01,EBILL,6.172374489978074,6.172374489978074,6.444261320696079,6.870235093650334,6.870235093650334
1974-10-01,EBILL,6.131775256653873,6.131775256653873,6.458543321026816,7.156074475910771,7.156074475910771
1975-01-01,EBILL,6.242981880131499,6.242981880131499,6.5005372757377335,7.417218819540205,7.417218819540205
1975-04-01,EBILL,6.376305997858119,6.376305997858119,6.634549530227254,7.4770166116865475,7.4770166116865475
1975-07-01,EBILL,6.507907940504273,6.507907940504273,6.666998985491674,7.526453913836248,7.526453913836248
1975-10-01,EBILL,6.4943869342513025,6.4943869342513025,6.622059234385485,7.353574054899315,7.353574054899315
1976-01-01,EBILL,6.313786271699245,6.313786271699245,6.626872430311919,7.314775138467654,7.314775138467654
1976-04-01,EBILL,6.100558185729652,6.100558185729652,6.407816029132297,7.165440823979191,7.165440823979191
1976-07-01,EBILL,6.247583362718601,6.247583362718601,6.520355148179693,7.328037011958357,7.328037011958357
1976-10-01,EBILL,6.076194569729283,6.076194569729283,6.445447909015547,7.183408898519907,7.183408898519907
1977-01-01,EBILL,6.2306085463433085,6.2306085463433085,6.468610840662871,7.224700674411004,7.224700674411004
1977-04-01,EBILL,6.252707272461399,6.252707272461399,6.486031252403264,7.093199758748714,7.093199758748714
1977-07-01,EBILL,6.311573732186451,6.311573732186451,6.555215237869592,7.421095648321389,7.421095648321389
1977-10-01,EBILL,6.475103631675218,6.475103631675218,6.673095475701977,7.584864142123686,7.584864142123686
1978-01-01,EBILL,6.556332409991801,6.556332409991801,6.7844796607649105,7.719798613716055,7.719798613716055
1978-04-01,EBILL,6.873770361030223,6.873770361030223,7.034134219644246,7.981122939942052,7.981122939942052
1978-07-01,EBILL,7.0751379278725794,7.0751379278725794,7.25217438192586,8.137180939577812,8.137180939577812
1978-10-01,EBILL,6.990970661339138,6.990970661339138,7.435821910033123,8.442130987009627,8.442130987009627
1979-01-01,EBILL,7.394358122413363,7.394358122413363,7.73004691346015,8.707176137787608,8.707176137787608
1979-04-01,EBILL,7.419141465340889,7.419141465340889,7.836266593855301,8.705080778540522,8.705080778540522
1979-07-01,EBILL,7.568041909398201,7.568041909398201,7.945490156810663,8.951652044632079,8.951652044632079
1979-10-01,EBILL,7.796443710042694,7.796443710042694,7.9950444744312765,9.084767324600904,9.084767324600904
1980-01-01,EBILL,7.865509190307765,7.865509190307765,8.157716748734112,9.116545030431384,9.116545030431384
1980-04-01,EBILL,7.834911460821287,7.834911460821287,7.912283240705271,9.031377811794284,9.031377811794284
1980-07-01,EBILL,7.94636135920426,7.94636135920426,8.066772398187538,9.044840551370093,9.044840551370093
1980-10-01,EBILL,7.951278276066567,7.951278276066567,8.506234478403,9.606868115084174,9.606868115084174
1981-01-01,EBILL,8.204499182186398,8.204499182186398,8.83548511418606,9.735739452296075,9.735739452296075
1981-04-01,EBILL,8.225897808511204,8.225897808511204,8.89596166788018,9.661803492253709,9.661803492253709
1981-07-01,EBILL,8.34042102651176,8.34042102651176,8.93022216154777,9.655518650149146,9.655518650149146
1981-10-01,EBILL,8.291335831137134,8.291335831137134,8.891236122401043,9.625129558418116,9.625129558418116
1982-01-01,EBILL,8.09778380087419,8.09778380087419,8.563145344634247,9.41155329337519,9.41155329337519
1982-04-01,EBILL,7.9076728017052895,7.9076728017052895,8.624161762917593,9.22404066094,9.22404066094
1982-07-01,EBILL,8.076342005119274,8.076342005119274,8.544481225434541,9.166238702728183,9.166238702728183
1982-10-01,EBILL,7.775744979129038,7.775744979129038,8.1841245221784,8.835570680446981,8.835570680446981
1983-01-01,EBILL,7.892780132828318,7.892780132828318,8.13816883263213,8.723114376432195,8.723114376432195
1983-04-01,EBILL,7.753125131260652,7.753125131260652,8.15259327528076,8.842664445344964,8.842664445344964
1983-07-01,EBILL,7.821966803675142,7.821966803675142,8.238966026777224,8.690924412183552,8.690924412183552
1983-10-01,EBILL,7.836563854060958,7.836563854060958,8.211542552839273,8.902144722735008,8.902144722735008
1984-01-01,EBILL,7.814431152310005,7.814431152310005,8.032749339567836,8.85789899274133,8.85789899274133
1984-04-01,EBILL,7.753989095180909,7.753989095180909,7.95845018732226,8.704988124080582,8.704988124080582
1984-07-01,EBILL,7.463913794963468,7.463913794963468,7.827548554188116,8.385530748819615,8.385530748819615
1984-10-01,EBILL,7.300557325215591,7.300557325215591,7.534953711511652,7.989200223756725,7.989200223756725
1985-01-01,EBILL,7.159337478874239,7.159337478874239,7.386309410003986,7.874110252625497,7.874110252625497
1985-04-01,EBILL,7.069709826366733,7.069709826366733,7.303887291155686,7.772208515971754,7.772208515971754
1985-07-01,EBILL,7.229009857002073,7.229009857002073,7.2566325541224685,7.818413796584015,7.818413796584015
1985-10-01,EBILL,7.178410989895093,7.178410989895093,7.4273043916037045,7.612216435451824,7.612216435451824
1986-01-01,EBILL,7.003201719580205,7.003201719580205,7.181020557204278,7.357216560974193,7.357216560974193
1986-04-01,EBILL,7.0537903322191635,7.0537903322191635,7.078919294413936,7.363141148217736,7.363141148217736
1986-07-01,EBILL,6.931091585636532,6.931091585636532,7.156494618561676,7.415082603796282,7.415082603796282
1986-10-01,EBILL,6.861679379244893,6.861679379244893,7.083262534913285,7.304767845434434,7.304767845434434
1987-01-01,EBILL,6.963397227794468,6.963397227794468,7.1034195836422755,7.381792879755162,7.381792879755162
1987-04-01,EBILL,6.994458872052636,6.994458872052636,7.0653822868280125,7.338434118123761,7.338434118123761
1987-07-01,EBILL,6.912960755660883,6.912960755660883,7.238802560365336,7.415251569981621,7.415251569981621
1987-10-01,EBILL,6.769888516020218,6.769888516020218,7.09331393880381,7.3818662030417475,7.3818662030417475
1988-01-01,EBILL,6.478287439631336,6.478287439631336,7.077198522161837,7.296162610006416,7.296162610006416
1988-04-01,EBILL,6.28106666438191,6.28106666438191,6.754826795296734,7.233355694355546,7.233355694355546
1988-07-01,EBILL,6.126146930017412,6.126146930017412,6.46833543679972,7.037993579020323,7.037993579020323
1988-10-01,EBILL,6.043167139081641,6.043167139081641,6.434458469794342,6.92056894715777,6.92056894715777
1989-01-01,EBILL,5.884527736516451,5.884527736516451,6.388397110343727,6.665938361179981,6.665938361179981
1989-04-01,EBILL,5.920803442588317,5.920803442588317,6.268320898097546,6.618410626136567,6.618410626136567
1989-07-01,EBILL,5.75335459650244,5.75335459650244,6.0574736270487985,6.373570690526066,6.373570690526066
1989-10-01,EBILL,5.741282992911625,5.741282992911625,5.87561078359467,6.227795740560859,6.227795740560859
1990-01-01,EBILL,5.602352021946126,5.602352021946126,5.873918483360475,6.185293043499234,6.185293043499234
1990-04-01,EBILL,5.639991786962399,5.639991786962399,5.793323462956554,6.075876003269726,6.075876003269726
1990-07-01,EBILL,5.812221154518856,5.812221154518856,5.8390871145502246,6.056299565019593,6.056299565019593
1990-10-01,EBILL,5.775800112977626,5.775800112977626,5.866263940112257,6.0795387835114525,6.0795387835114525
1991-01-01,EBILL,5.460664546700742,5.460664546700742,5.837583068527572,5.976394519988633,5.976394519988633
1991-04-01,EBILL,5.602334047693083,5.602334047693083,5.6608725753747375,5.989393517105435,5.989393517105435
1991-07-01,EBILL,5.53541767350631,5.53541767350631,5.6426234652635685,5.85605418879436,5.85605418879436
1991-10-01,EBILL,5.524282689377199,5.524282689377199,5.570863545075062,5.637729911800573,5.637729911800573
1992-01-01,EBILL,5.36119021438882,5.36119021438882,5.42725185053949,5.5558962680476,5.5558962680476
1992-04-01,EBILL,5.2211138792720755,5.2211138792720755,5.461255988911894,5.691293924644453,5.691293924644453
1992-07-01,EBILL,4.9933688909835645,4.9933688909835645,5.307381160483381,5.467173390936386,5.467173390936386
1992-10-01,EBILL,5.086053024616016,5.086053024616016,5.384525378349508,5.387225227389408,5.387225227389408
1993-01-01,EBILL,4.791292937484426,4.791292937484426,5.2209290803446855,5.251837984210936,5.251837984210936
1993-04-01,EBILL,4.947867716771196,4.947867716771196,5.147047867351036,5.316869727198485,5.316869727198485
1993-07-01,EBILL,4.872520176705682,4.872520176705682,4.950889724816083,5.233067297716808,5.233067297716808
1993-10-01,EBILL,4.832461523070252,4.832461523070252,4.8830023344745275,5.342901395651397,5.342901395651397
1994-01-01,EBILL,4.7831993167667015,4.7831993167667015,4.925464652621661,5.368026162650208,5.368026162650208
1994-04-01,EBILL,4.880826455102807,4.880826455102807,4.936335236983352,5.26696199565261,5.26696199565261
1994-07-01,EBILL,4.834301355339565,4.834301355339565,4.974497718840504,5.213274706020094,5.213274706020094
1994-10-01,EBILL,4.883047833039613,4.883047833039613,4.998954990534246,5.344347472240956,5.344347472240956
1995-01-01,EBILL,4.744232374005655,4.744232374005655,4.944444474045534,5.1824492909084725,5.1824492909084725
1995-04-01,EBILL,4.769536006308698,4.769536006308698,4.877383113113911,5.043904943526435,5.043904943526435
1995-07-01,EBILL,4.509242219497834,4.509242219497834,4.774186989130165,4.98632224081884,4.98632224081884
1995-10-01,EBILL,4.425966572276247,4.425966572276247,4.593126180376247,4.8232243605495,4.8232243605495
1996-01-01,EBILL,4.385012708683935,4.385012708683935,4.52526719406673,4.824847137832522,4.824847137832522
1996-04-01,EBILL,4.441393168071247,4.441393168071247,4.575512048993645,4.8882261783712995,4.8882261783712995
1996-07-01,EBILL,4.2419911823861405,4.2419911823861405,4.5849292415180525,4.899069325409682,4.899069325409682
1996-10-01,EBILL,4.374334263468673,4.374334263468673,4.6547906066757765,4.9332133132103095,4.9332133132103095
1997-01-01,EBILL,4.525359362966297,4.525359362966297,4.633817312243256,4.918142223184816,4.918142223184816
1997-04-01,EBILL,4.5211739730254665,4.5211739730254665,4.627304573125816,4.8804478206600646,4.8804478206600646
1997-07-01,EBILL,4.477568537017566,4.477568537017566,4.572995128411577,4.800674733287154,4.800674733287154
1997-10-01,EBILL,4.163010264550216,4.163010264550216,4.396193283645666,4.509169257736042,4.509169257736042
1998-01-01,EBILL,4.183349553427128,4.183349553427128,4.296675448936416,4.54871838886372,4.54871838886372
1998-04-01,EBILL,4.100474227210729,4.100474227210729,4.273830477961911,4.596670444597864,4.596670444597864
1998-07-01,EBILL,4.060782048677648,4.060782048677648,4.104532735143697,4.436616293529598,4.436616293529598
1998-10-01,EBILL,3.9157104368235007,3.9157104368235007,4.147291575215299,4.4703912677997995,4.4703912677997995
1999-01-01,EBILL,3.952807360618107,3.952807360618107,4.17808823711451,4.3078122193884045,4.3078122193884045
1999-04-01,EBILL,3.94148322459527,3.94148322459527,4.295060589538216,4.418625171796602,4.418625171796602
1999-07-01,EBILL,3.9487812791587382,3.9487812791587382,4.337952068248416,4.3694752359023425,4.3694752359023425
1999-10-01,EBILL,4.011955717249535,4.011955717249535,4.2843807197399535,4.411945958954204,4.411945958954204
2000-01-01,EBILL,4.031099154674214,4.031099154674214,4.188594231732282,4.538122242981675,4.538122242981675
2000-04-01,EBILL,4.058296750303459,4.058296750303459,4.197298780388314,4.336413530414138,4.336413530414138
2000-07-01,EBILL,4.071117198988622,4.071117198988622,4.230985452275732,4.437441091186802,4.437441091186802
2000-10-01,EBILL,3.9185052721363975,3.9185052721363975,4.1828798821141095,4.396697057379938,4.396697057379938
2001-01-01,EBILL,4.116794449127401,4.116794449127401,4.241134351239728,4.3004170996594855,4.3004170996594855
2001-04-01,EBILL,4.085344422600167,4.085344422600167,4.208192698762666,4.35749545021378,4.35749545021378
2001-07-01,EBILL,4.147417507346251,4.147417507346251,4.235133738963604,4.358821150122926,4.358821150122926
2001-10-01,EBILL,4.153208214987517,4.153208214987517,4.262091454858989,4.316218714909693,4.316218714909693
2002-01-01,EBILL,4.24347860768906,4.24347860768906,4.316906244146956,4.426823335664429,4.426823335664429
2002-04-01,EBILL,4.094784632617299,4.094784632617299,4.3094001015214385,4.479564892683577,4.479564892683577
2002-07-01,EBILL,4.116576789267658,4.116576789267658,4.34504744290196,4.447937064703205,4.447937064703205
2002-10-01,EBILL,4.103004550911788,4.103004550911788,4.404643718174003,4.526054641853106,4.526054641853106
2003-01-01,EBILL,4.145492064599465,4.145492064599465,4.381080659642773,4.5881338350526955,4.5881338350526955
2003-04-01,EBILL,4.138796880429955,4.138796880429955,4.356710997642325,4.556783342190166,4.556783342190166
2003-07-01,EBILL,4.113515411266153,4.113515411266153,4.2563853519724955,4.608925304039413,4.608925304039413
2003-10-01,EBILL,4.031634113116263,4.031634113116263,4.163888974194011,4.681175984237073,4.681175984237073
2004-01-01,EBILL,3.900429202617235,3.900429202617235,4.111971076499204,4.59022489408569,4.59022489408569
2004-04-01,EBILL,3.8544666387380793,3.8544666387380793,4.1348475440519,4.572383596632481,4.572383596632481
2004-07-01,EBILL,3.886159948892778,3.886159948892778,4.263604008338999,4.3861928799066785,4.3861928799066785
2004-10-01,EBILL,3.8974052511689603,3.8974052511689603,4.151778137334915,4.291532274186467,4.291532274186467
2005-01-01,EBILL,3.922155681565374,3.922155681565374,4.121568176555368,4.280393179466552,4.280393179466552
2005-04-01,EBILL,3.9396375144660154,3.9396375144660154,4.005574234562418,4.253356281988163,4.253356281988163
2005-07-01,EBILL,3.823085659291871,3.823085659291871,3.8531461811328587,4.119427884627689,4.119427884627689
2005-10-01,EBILL,3.75433325066731,3.75433325066731,3.928380054757251,4.077841721393373,4.077841721393373
2006-01-01,EBILL,3.6859401051458307,3.6859401051458307,3.9089418245916567,3.9995033682292935,3.9995033682292935
2006-04-01,EBILL,3.769577830826983,3.769577830826983,3.857726489911843,4.089783247588523,4.089783247588523
2006-07-01,EBILL,3.5734557525637083,3.5734557525637083,3.8117639454101755,4.0946275443654425,4.0946275443654425
2006-10-01,EBILL,3.6202889671695346,3.6202889671695346,3.76532582389301,4.041982910066516,4.041982910066516
2007-01-01,EBILL,3.5356788289887384,3.5356788289887384,3.670020096186711,4.051150521531248,4.051150521531248
2007-04-01,EBILL,3.6886381139478104,3.6886381139478104,3.9184183677041853,4.0877529648738165,4.0877529648738165
2007-07-01,EBILL,3.501054468335132,3.501054468335132,3.8303936292802048,4.3943657410965855,4.3943657410965855
2007-10-01,EBILL,3.626400510521221,3.626400510521221,3.8597849681761627,4.510022821298906,4.510022821298906
2008-01-01,EBILL,3.599200078723481,3.599200078723481,4.004679338997024,4.692497267684953,4.692497267684953
2008-04-01,EBILL,3.7306492368387647,3.7306492368387647,4.040377545857023,4.5092893426684135,4.5092893426684135
2008-07-01,EBILL,3.6684584722800566,3.6684584722800566,3.8924858421535387,4.398365426022822,4.398365426022822
2008-10-01,EBILL,3.559478226035562,3.559478226035562,3.898730689935409,4.332097662327216,4.332097662327216
2009-01-01,EBILL,3.4506905076622796,3.4506905076622796,3.9534810379930723,4.5399524606431765,4.5399524606431765
2009-04-01,EBILL,3.5727385841346377,3.5727385841346377,3.9159423469198487,4.669052325787565,4.669052325787565
2009-07-01,EBILL,3.5345239776742856,3.5345239776742856,3.8180772865621835,4.7671379428596055,4.7671379428596055
2009-10-01,EBILL,3.53787508626837,3.53787508626837,3.698199774037691,4.6321559060507065,4.6321559060507065
2010-01-01,EBILL,3.446763574158581,3.446763574158581,3.6928604164104963,4.432478635438152,4.432478635438152
2010-04-01,EBILL,3.3524098086278316,3.3524098086278316,3.669059265938256,4.24444052919199,4.24444052919199
2010-07-01,EBILL,3.2703032260458444,3.2703032260458444,3.570181867038902,4.198107976659724,4.198107976659724
2010-10-01,EBILL,3.2495199896160134,3.2495199896160134,3.4752684006240564,4.216459288749487,4.216459288749487
2011-01-01,EBILL,3.2253398267015565,3.2253398267015565,3.644409897262374,4.264275665927361,4.264275665927361
2011-04-01,EBILL,3.0837707496559843,3.0837707496559843,3.6292968761761317,4.294999119079065,4.294999119079065
2011-07-01,EBILL,2.9355291357932556,2.9355291357932556,3.5592747937028557,4.212999422848474,4.212999422848474
2011-10-01,EBILL,2.986575299587817,2.986575299587817,3.424110531575158,4.093183825550398,4.093183825550398
2012-01-01,EBILL,3.1657763240758405,3.1657763240758405,3.2400858492240316,4.14338753365214,4.14338753365214
2012-04-01,EBILL,3.1955852036158503,3.1955852036158503,3.2781773635122917,4.096618424505683,4.096618424505683
2012-07-01,EBILL,2.956469058278238,2.956469058278238,3.1230165151082714,4.207142350310724,4.207142350310724
2012-10-01,EBILL,2.93192524492125,2.93192524492125,3.138359267137131,3.9331270187782996,3.9331270187782996
2013-01-01,EBILL,2.745329621484112,2.745329621484112,3.171964568990224,3.955622682882092,3.955622682882092
2013-04-01,EBILL,2.6929466025282784,2.6929466025282784,3.054102268622594,4.053438403221082,4.053438403221082
2013-07-01,EBILL,2.7325265780735264,2.7325265780735264,2.9861065636145097,3.9069741097944855,3.9069741097944855
2013-10-01,EBILL,2.7801381331592756,2.7801381331592756,2.925043237536726,3.9062030507241876,3.9062030507241876
2014-01-01,EBILL,2.7491124627787236,2.7491124627787236,2.937959985231635,3.9104249749099793,3.9104249749099793
2014-04-01,EBILL,2.779331435205702,2.779331435205702,2.955410604180729,3.9420461945988867,3.9420461945988867
2014-07-01,EBILL,2.8088617551182526,2.8088617551182526,2.920527040668696,3.9822429055761974,3.9822429055761974
2014-10-01,EBILL,2.7466817255553946,2.7466817255553946,3.0150034978971076,3.634559628499784,3.634559628499784
2015-01-01,EBILL,2.8053202221439997,2.8053202221439997,3.1272213154602166,3.7339777483543584,3.7339777483543584
2015-04-01,EBILL,2.801714894959708,2.801714894959708,3.1150472531729467,3.986152854733088,3.986152854733088
2015-07-01,EBILL,2.703404439260959,2.703404439260959,3.0495035062319764,3.8309528897728873,3.8309528897728873
2015-10-01,EBILL,2.7188624447341594,2.7188624447341594,2.9003782818346897,3.8200694646484923,3.8200694646484923
2016-01-01,EBILL,2.692263662552236,2.692263662552236,2.7690082448797684,3.74714609060979,3.74714609060979
2016-04-01,EBILL,2.7146670463283837,2.7146670463283837,2.974754839811649,3.7563719213702345,3.7563719213702345
2016-07-01,EBILL,2.734526971064648,2.734526971064648,2.8611750322485654,3.6378098223398223,3.6378098223398223
2016-10-01,EBILL,2.739757843112197,2.739757843112197,2.9666427496981047,3.6611304378895957,3.6611304378895957
2017-01-01,EBILL,2.6747564327009847,2.6747564327009847,3.023531091607041,3.47726779865267,3.47726779865267
2017-04-01,EBILL,2.7735269762040016,2.7735269762040016,3.0418235978983903,3.309249266672241,3.309249266672241
2017-07-01,EBILL,2.5277290171589852,2.5277290171589852,2.8449418491425673,3.275624016760302,3.275624016760302
2017-10-01,EBILL,2.5421145850063707,2.5421145850063707,2.786637890797093,3.151572775017949,3.151572775017949
2018-01-01,EBILL,2.5957245389900936,2.5957245389900936,2.8170751998497567,3.065107756688965,3.065107756688965
2018-04-01,EBILL,2.6316976759702095,2.6316976759702095,2.8021283563379837,2.8945940311771476,2.8945940311771476
2018-07-01,EBILL,2.600281745283893,2.600281745283893,2.7373978808257955,3.1442972528386592,3.1442972528386592
2018-10-01,EBILL,2.586373309516109,2.586373309516109,2.8740306221311522,3.0779528063429744,3.0779528063429744
2019-01-01,EBILL,2.6124742271648467,2.6124742271648467,2.750436951759327,3.065530527719013,3.065530527719013
2019-04-01,EBILL,2.516021440980467,2.516021440980467,2.6961894623396643,3.2748493599375816,3.2748493599375816
2019-07-01,EBILL,2.444384006851721,2.444384006851721,2.7671590576787692,3.074624043563981,3.074624043563981
2019-10-01,EBILL,2.5611946361017504,2.5611946361017504,2.645875753975133,2.8611974853822186,2.8611974853822186
2020-01-01,EBILL,2.5172772611439806,2.5172772611439806,2.539370099347866,2.8224097856432517,2.8224097856432517
2020-04-01,EBILL,2.4111472614449405,2.4111472614449405,2.495789292268648,2.7489673186715287,2.7489673186715287
2020-07-01,EBILL,2.3348686616462224,2.3348686616462224,2.5682927256781807,2.66097571886741,2.66097571886741
2020-10-01,EBILL,2.420122531160577,2.420122531160577,2.6480132251325905,2.6880574276434563,2.6880574276434563
2021-01-01,EBILL,2.490359528886988,2.490359528886988,2.5541672194746408,2.612104626913394,2.612104626913394
2021-04-01,EBILL,2.45684119211639,2.45684119211639,2.5763169244031223,2.6771854489141105,2.6771854489141105
2021-07-01,EBILL,2.4554126070010396,2.4554126070010396,2.5394987543452396,2.7621117165357933,2.7621117165357933
2021-10-01,EBILL,2.390952263367889,2.390952263367889,2.5721818765963245,2.973567314831454,2.973567314831454
2022-01-01,EBILL,2.3517828345957943,2.3517828345957943,2.471321742710253,2.966919172049861,2.966919172049861
2022-04-01,EBILL,2.4574778485763416,2.4574778485763416,2.68749042209237,2.935904312911421,2.935904312911421
2022-07-01,EBILL,2.4841989505737434,2.4841989505737434,2.6394298074481344,3.095122894592264,3.095122894592264
2022-10-01,EBILL,2.469003461482287,2.469003461482287,2.7285519000455296,3.0014948553835357,3.0014948553835357
2023-01-01,EBILL,2.3411632415328647,2.3411632415328647,2.5404567006867653,2.80076711661468,2.80076711661468
2023-04-01,EBILL,2.308561205112525,2.308561205112525,2.4051077158520275,2.8554900045717346,2.8554900045717346
2023-07-01,EBILL,2.259521394274617,2.259521394274617,2.450109770585647,2.756019840322471,2.756019840322471
2023-10-01,EBILL,2.265446574238769,2.265446574238769,2.527611284370254,2.861967274854531,2.861967274854531
2024-01-01,EBILL,2.2320192564989516,2.2320192564989516,2.536342633553044,2.6729622894311,2.6729622894311
2024-04-01,EBILL,2.2159344703681603,2.2159344703681603,2.559311864841762,2.731344356368976,2.731344356368976
2024-07-01,EBILL,2.2846655236802063,2.2846655236802063,2.436756888945031,2.952518295750053,2.952518295750053
2024-10-01,EBILL,2.35505898606992,2.35505898606992,2.549865589446834,2.8707377500504117,2.8707377500504117
2025-01-01,EBILL,2.315213044675003,2.315213044675003,2.617696185554621,2.9786180862780904,2.9786180862780904
2025-04-01,EBILL,2.353211562670191,2.353211562670191,2.707074218971567,3.037255147641202,3.037255147641202
1960-01-01,TBlong,3.6173946749849586,3.6173946749849586,3.990453026240903,4.680138922533843,4.680138922533843
1960-04-01,TBlong,3.5557961750096334,3.5557961750096334,4.07419897741212,4.532569971962108,4.532569971962108
1960-07-01,TBlong,3.465235742746226,3.465235742746226,3.9422484838559377,4.502137471267719,4.502137471267719
1960-10-01,TBlong,3.5122445678679033,3.5122445678679033,4.012757781795625,4.463983939267597,4.463983939267597
1961-01-01,TBlong,3.5516487677943127,3.5516487677943127,4.169379356264097,4.447647828847097,4.447647828847097
1961-04-01,TBlong,3.573932862588145,3.573932862588145,4.446238412241708,4.502911197640217,4.502911197640217
1961-07-01,TBlong,4.008719321251849,4.008719321251849,4.308953985479414,4.581704067992424,4.581704067992424
1961-10-01,TBlong,3.953533614380581,3.953533614380581,4.222809469340234,4.486929413412789,4.486929413412789
1962-01-01,TBlong,4.031047354817771,4.031047354817771,4.201065577078424,4.3479752830853755,4.3479752830853755
1962-04-01,TBlong,3.8153115083341533,3.8153115083341533,4.189189127625569,4.580499285400508,4.580499285400508
1962-07-01,TBlong,3.7594682941383777,3.7594682941383777,4.288223247200656,4.533519318226475,4.533519318226475
1962-10-01,TBlong,3.9912324650403144,3.9912324650403144,4.422976460174454,4.483584015400238,4.483584015400238
1963-01-01,TBlong,3.95246962981439,3.95246962981439,4.162849399237328,4.510779518601599,4.510779518601599
1963-04-01,TBlong,3.9536141266983686,3.9536141266983686,4.287375171467112,4.669045721951672,4.669045721951672
1963-07-01,TBlong,4.079618559640767,4.079618559640767,4.419787983147712,4.677150972090426,4.677150972090426
1963-10-01,TBlong,4.059144047913259,4.059144047913259,4.2427170669365495,4.446164697252595,4.446164697252595
1964-01-01,TBlong,4.1628998795265035,4.1628998795265035,4.26022552365839,4.598787239640291,4.598787239640291
1964-04-01,TBlong,3.9494962453795037,3.9494962453795037,4.247326969334013,4.688535838383774,4.688535838383774
1964-07-01,TBlong,3.853765212867601,3.853765212867601,4.301366545506081,4.737415947901057,4.737415947901057
1964-10-01,TBlong,4.155649071132806,4.155649071132806,4.369077581983068,4.7363036164371435,4.7363036164371435
1965-01-01,TBlong,4.103139021302873,4.103139021302873,4.587645254381609,4.743682270372798,4.743682270372798
1965-04-01,TBlong,4.097802707520806,4.097802707520806,4.628613497472271,4.908892829513554,4.908892829513554
1965-07-01,TBlong,4.049477597353992,4.049477597353992,4.6762418225544,5.07514083844447,5.07514083844447
1965-10-01,TBlong,4.113593712409748,4.113593712409748,4.798847423536491,5.194748613376106,5.194748613376106
1966-01-01,TBlong,4.207977448008582,4.207977448008582,4.690658303533275,5.225071848622225,5.225071848622225
1966-04-01,TBlong,4.133787098788446,4.133787098788446,4.684117096555765,5.306371329978441,5.306371329978441
1966-07-01,TBlong,4.381704171029046,4.381704171029046,4.548292273194947,5.28955673711026,5.28955673711026
1966-10-01,TBlong,4.520814536382053,4.520814536382053,4.685652051523176,5.499462737925951,5.499462737925951
1967-01-01,TBlong,4.7568811269354025,4.7568811269354025,5.008075834215504,5.448811041238793,5.448811041238793
1967-04-01,TBlong,4.827460370906006,4.827460370906006,4.984730539768641,5.491300170035534,5.491300170035534
1967-07-01,TBlong,4.915017652872896,4.915017652872896,5.15779672103916,5.739653369003526,5.739653369003526
1967-10-01,TBlong,4.834531588038279,4.834531588038279,5.351488166433539,5.842443457957126,5.842443457957126
1968-01-01,TBlong,4.7287148126838385,4.7287148126838385,5.196765793861971,5.773218673251842,5.773218673251842
1968-04-01,TBlong,4.761615225354778,4.761615225354778,5.171868560870984,5.53833954011996,5.53833954011996
1968-07-01,TBlong,4.76986644312113,4.76986644312113,5.376031311611892,5.400986143615297,5.400986143615297
1968-10-01,TBlong,5.137238698722511,5.137238698722511,5.438388938788584,5.522125432765278,5.522125432765278
1969-01-01,TBlong,5.472961395564409,5.472961395564409,5.506284985323717,5.669398740767786,5.669398740767786
1969-04-01,TBlong,5.462660958020791,5.462660958020791,5.682781612439786,5.889482827358343,5.889482827358343
1969-07-01,TBlong,5.661654797600567,5.661654797600567,5.7811605958603085,5.99265783641788,5.99265783641788
1969-10-01,TBlong,5.667470862933177,5.667470862933177,5.844006922771358,6.368793253119538,6.368793253119538
1970-01-01,TBlong,5.695098674784817,5.695098674784817,5.974341884706359,6.608581868960815,6.608581868960815
1970-04-01,TBlong,5.602853978138649,5.602853978138649,6.086247401768242,6.710439820405856,6.710439820405856
1970-07-01,TBlong,5.663226420141654,5.663226420141654,6.162474604195313,6.812629316988967,6.812629316988967
1970-10-01,TBlong,5.676771864395052,5.676771864395052,6.116184158611951,6.87865627151547,6.87865627151547
1971-01-01,TBlong,5.547626197114578,5.547626197114578,6.203637375924693,6.7014554957867105,6.7014554957867105
1971-04-01,TBlong,5.770109460031629,5.770109460031629,6.336865094383331,6.694616110351346,6.694616110351346
1971-07-01,TBlong,5.851154651701451,5.851154651701451,6.474021410267447,6.548633663992543,6.548633663992543
1971-10-01,TBlong,6.100818538339105,6.100818538339105,6.514457137252974,6.763367159197445,6.763367159197445
1972-01-01,TBlong,6.312707989039058,6.312707989039058,6.558599642013902,6.909308683426,6.909308683426
1972-04-01,TBlong,6.557521893960588,6.557521893960588,6.645772924081616,7.070068420324171,7.070068420324171
1972-07-01,TBlong,6.6416659188641445,6.6416659188641445,6.705849376838849,7.15919642983404,7.15919642983404
1972-10-01,TBlong,6.806391551224588,6.806391551224588,6.973674883689698,7.434343173519091,7.434343173519091
1973-01-01,TBlong,6.926564939916448,6.926564939916448,7.140306194153515,7.550883755906455,7.550883755906455
1973-04-01,TBlong,6.84772866878707,6.84772866878707,7.174543869568826,7.246913524770606,7.246913524770606
1973-07-01,TBlong,6.922815338464724,6.922815338464724,7.1815981221998495,7.402075222501701,7.402075222501701
1973-10-01,TBlong,7.014893756567006,7.014893756567006,7.306868695414726,7.429562704596426,7.429562704596426
1974-01-01,TBlong,7.1508761069674565,7.1508761069674565,7.513656317097424,7.659435197857935,7.659435197857935
1974-04-01,TBlong,7.422334463860604,7.422334463860604,7.735449434438592,8.109595848496898,8.109595848496898
1974-07-01,TBlong,7.679807777200911,7.679807777200911,8.02506294983995,8.217024892304117,8.217024892304117
1974-10-01,TBlong,7.675168655316244,7.675168655316244,8.003224241678051,8.563113704029218,8.563113704029218
1975-01-01,TBlong,7.923761468213944,7.923761468213944,8.118534626601706,8.77968953351596,8.77968953351596
1975-04-01,TBlong,8.09503618866856,8.09503618866856,8.349459594690142,8.940687550276788,8.940687550276788
1975-07-01,TBlong,8.250052367065935,8.250052367065935,8.450195284160534,9.003181325556575,9.003181325556575
1975-10-01,TBlong,8.17988092050648,8.17988092050648,8.573546475387927,8.84745306771462,8.84745306771462
1976-01-01,TBlong,7.977621879007588,7.977621879007588,8.392673157279104,8.846254142492239,8.846254142492239
1976-04-01,TBlong,7.799166037218577,7.799166037218577,8.38587994865496,8.735254242564952,8.735254242564952
1976-07-01,TBlong,8.071136211041107,8.071136211041107,8.182061018819,8.892418499290558,8.892418499290558
1976-10-01,TBlong,7.7996919557278845,7.7996919557278845,8.194783585191594,8.77036127337521,8.77036127337521
1977-01-01,TBlong,8.038054617142825,8.038054617142825,8.084650942436689,8.945735674733116,8.945735674733116
1977-04-01,TBlong,8.066319141617182,8.066319141617182,8.122786567470794,8.926899680751864,8.926899680751864
1977-07-01,TBlong,8.115799210715688,8.115799210715688,8.33712218876827,9.205606231231135,9.205606231231135
1977-10-01,TBlong,8.178166981919231,8.178166981919231,8.45517744039755,9.389674364708487,9.389674364708487
1978-01-01,TBlong,8.323411483697836,8.323411483697836,8.758931458106396,9.484904928258821,9.484904928258821
1978-04-01,TBlong,8.590842366974751,8.590842366974751,9.065745914787698,9.865501872320184,9.865501872320184
1978-07-01,TBlong,8.769528133488068,8.769528133488068,8.988579039604026,9.925679217706513,9.925679217706513
1978-10-01,TBlong,8.859086290912364,8.859086290912364,9.191581852557665,10.278295545648676,10.278295545648676
1979-01-01,TBlong,9.311777128523715,9.311777128523715,9.488115409533126,10.546173438728612,10.546173438728612
1979-04-01,TBlong,9.35203060527753,9.35203060527753,9.796116597998722,10.482930922065222,10.482930922065222
1979-07-01,TBlong,9.557948582352694,9.557948582352694,10.020689925828895,10.682468433547145,10.682468433547145
1979-10-01,TBlong,9.68013610120257,9.68013610120257,10.031136753279458,10.885083037814166,10.885083037814166
1980-01-01,TBlong,9.864473828430855,9.864473828430855,10.297588897238121,11.038123125587989,11.038123125587989
1980-04-01,TBlong,9.55705247043654,9.55705247043654,10.150304833595236,10.990560510383395,10.990560510383395
1980-07-01,TBlong,9.883534440364413,9.883534440364413,10.299056917371233,11.02110679487507,11.02110679487507
1980-10-01,TBlong,10.242461657029876,10.242461657029876,10.57642677132003,11.59155878703106,11.59155878703106
1981-01-01,TBlong,10.550932013335373,10.550932013335373,10.684756164628759,11.749535732774746,11.749535732774746
1981-04-01,TBlong,10.548125392529212,10.548125392529212,10.941300574949409,11.710106445202364,11.710106445202364
1981-07-01,TBlong,10.758683804491488,10.758683804491488,10.95182552492894,11.67818368619608,11.67818368619608
1981-10-01,TBlong,10.735348602588928,10.735348602588928,10.898991749352014,11.68572068471658,11.68572068471658
1982-01-01,TBlong,10.487642523959499,10.487642523959499,10.713485121112043,11.54317562408631,11.54317562408631
1982-04-01,TBlong,10.454797515616782,10.454797515616782,10.6767654805353,11.358344421124773,11.358344421124773
1982-07-01,TBlong,10.448997442966565,10.448997442966565,10.653615700662202,11.242578375696663,11.242578375696663
1982-10-01,TBlong,10.220310688993358,10.220310688993358,10.370815111226422,10.945449851689558,10.945449851689558
1983-01-01,TBlong,10.130083081917274,10.130083081917274,10.388182660340785,10.874798443893464,10.874798443893464
1983-04-01,TBlong,10.013441422812381,10.013441422812381,10.343104497005985,11.011905220967904,11.011905220967904
1983-07-01,TBlong,10.033151551815267,10.033151551815267,10.518020430754294,10.83419548579239,10.83419548579239
1983-10-01,TBlong,10.031377406959125,10.031377406959125,10.440712146647762,11.173473212673619,11.173473212673619
1984-01-01,TBlong,9.911635607551744,9.911635607551744,10.471870089576141,11.093588527472463,11.093588527472463
1984-04-01,TBlong,9.933000702690189,9.933000702690189,10.442341331651438,10.955055627276181,10.955055627276181
1984-07-01,TBlong,9.67191608639627,9.67191608639627,10.285559319530513,10.66146528583169,10.66146528583169
1984-10-01,TBlong,9.353336306792828,9.353336306792828,9.877181583872789,10.284400262756048,10.284400262756048
1985-01-01,TBlong,9.160664737635656,9.160664737635656,9.740117029302123,10.197112977894307,10.197112977894307
1985-04-01,TBlong,9.133862153704797,9.133862153704797,9.636788886682865,10.060726153719191,10.060726153719191
1985-07-01,TBlong,9.02146864474637,9.02146864474637,9.77267765449367,10.1087194211138,10.1087194211138
1985-10-01,TBlong,9.00625178489217,9.00625178489217,9.712941964582598,9.951406733373364,9.951406733373364
1986-01-01,TBlong,8.958261366961722,8.958261366961722,9.473981353814533,9.729226043944925,9.729226043944925
1986-04-01,TBlong,8.882292453861458,8.882292453861458,9.495633935325403,9.620006376641946,9.620006376641946
1986-07-01,TBlong,8.831197592218773,8.831197592218773,9.37717053956411,9.582283750651634,9.582283750651634
1986-10-01,TBlong,8.757506478556992,8.757506478556992,9.365367606437607,9.414413781214309,9.414413781214309
1987-01-01,TBlong,8.771479168266598,8.771479168266598,9.435462725813286,9.525313899160649,9.525313899160649
1987-04-01,TBlong,8.780450298971028,8.780450298971028,9.460905246714129,9.527805769422486,9.527805769422486
1987-07-01,TBlong,8.967276230176559,8.967276230176559,9.351395500888614,9.575850114139895,9.575850114139895
1987-10-01,TBlong,8.885022044805389,8.885022044805389,9.216603427408273,9.570007733048556,9.570007733048556
1988-01-01,TBlong,8.763205390366808,8.763205390366808,9.254527289547903,9.525711100416038,9.525711100416038
1988-04-01,TBlong,8.584333546163489,8.584333546163489,8.998233521201982,9.427962070346295,9.427962070346295
1988-07-01,TBlong,8.28809368999263,8.28809368999263,8.756393156539325,9.31812811470007,9.31812811470007
1988-10-01,TBlong,8.266844223955601,8.266844223955601,8.625715491569728,9.267422508868036,9.267422508868036
1989-01-01,TBlong,8.07317162907361,8.07317162907361,8.622583274749044,8.971448427168136,8.971448427168136
1989-04-01,TBlong,8.073528244406388,8.073528244406388,8.49984188324711,8.820972510438306,8.820972510438306
1989-07-01,TBlong,7.826095553664809,7.826095553664809,8.2593243729518,8.611644250403938,8.611644250403938
1989-10-01,TBlong,7.752528780247361,7.752528780247361,8.008105196898553,8.582368930836514,8.582368930836514
1990-01-01,TBlong,7.690520431567283,7.690520431567283,7.866749918662064,8.538493457251537,8.538493457251537
1990-04-01,TBlong,7.550602101857574,7.550602101857574,7.983850474508582,8.448854920832067,8.448854920832067
1990-07-01,TBlong,7.631561081538846,7.631561081538846,8.121818222387539,8.201524803826056,8.201524803826056
1990-10-01,TBlong,7.644542183641251,7.644542183641251,8.081486197264216,8.222166823602624,8.222166823602624
1991-01-01,TBlong,7.536740069632184,7.536740069632184,8.022511648477163,8.267051690146662,8.267051690146662
1991-04-01,TBlong,7.4091399952887125,7.4091399952887125,7.872695300562697,8.228163631189771,8.228163631189771
1991-07-01,TBlong,7.415690366978273,7.415690366978273,7.727750670628268,8.123213569507456,8.123213569507456
1991-10-01,TBlong,7.441570873301534,7.441570873301534,7.729450690344872,7.9470510557572345,7.9470510557572345
1992-01-01,TBlong,7.4593480354190485,7.4593480354190485,7.512977850416667,7.671372049154764,7.671372049154764
1992-04-01,TBlong,7.393210363439158,7.393210363439158,7.585343194883469,7.817388247792378,7.817388247792378
1992-07-01,TBlong,7.177137881050673,7.177137881050673,7.389206309669511,7.5802305518093664,7.5802305518093664
1992-10-01,TBlong,7.3174884422614195,7.3174884422614195,7.425558580645763,7.551302940725458,7.551302940725458
1993-01-01,TBlong,7.102736762694298,7.102736762694298,7.298807532495818,7.496096838736289,7.496096838736289
1993-04-01,TBlong,7.089592373695352,7.089592373695352,7.287266161656648,7.480273697997862,7.480273697997862
1993-07-01,TBlong,6.912999410686235,6.912999410686235,7.158734603339001,7.314728682903754,7.314728682903754
1993-10-01,TBlong,6.868143150549663,6.868143150549663,7.251239391153526,7.306135441290665,7.306135441290665
1994-01-01,TBlong,6.841670336141011,6.841670336141011,7.187595778888712,7.212844387447728,7.212844387447728
1994-04-01,TBlong,6.9652630995379265,6.9652630995379265,7.172934204005241,7.446056646326561,7.446056646326561
1994-07-01,TBlong,6.9207226332380705,6.9207226332380705,7.123105873099765,7.387494249383156,7.387494249383156
1994-10-01,TBlong,6.956425902135275,6.956425902135275,7.236280601553695,7.315013656095812,7.315013656095812
1995-01-01,TBlong,6.84790404403474,6.84790404403474,6.9975404262514695,7.188869402112718,7.188869402112718
1995-04-01,TBlong,6.720195653977108,6.720195653977108,7.007046174573404,7.154889208677657,7.154889208677657
1995-07-01,TBlong,6.598640970264729,6.598640970264729,6.71764425037647,7.169935587420698,7.169935587420698
1995-10-01,TBlong,6.489634369948251,6.489634369948251,6.523852663818973,6.7567443797987945,6.7567443797987945
1996-01-01,TBlong,6.424167261977004,6.424167261977004,6.459411681364601,6.659729019638039,6.659729019638039
1996-04-01,TBlong,6.4862713528916895,6.4862713528916895,6.58071880585978,6.695329186931713,6.695329186931713
1996-07-01,TBlong,6.394242751423629,6.394242751423629,6.599561109951905,6.768151020018648,6.768151020018648
1996-10-01,TBlong,6.45751066878187,6.45751066878187,6.5698581646592356,6.6756713387104,6.6756713387104
1997-01-01,TBlong,6.464800512405637,6.464800512405637,6.634670852649432,6.709400007528007,6.709400007528007
1997-04-01,TBlong,6.460931218710359,6.460931218710359,6.512655339134875,6.677620975023908,6.677620975023908
1997-07-01,TBlong,6.289136722728244,6.289136722728244,6.5352998606116675,6.602092952936882,6.602092952936882
1997-10-01,TBlong,5.8559659640639135,5.8559659640639135,6.129568609210863,6.388356431248541,6.388356431248541
1998-01-01,TBlong,5.870990734657002,5.870990734657002,6.150417175420715,6.4525410531824186,6.4525410531824186
1998-04-01,TBlong,5.740144117104382,5.740144117104382,5.947910745891036,6.437378501875555,6.437378501875555
1998-07-01,TBlong,5.658227926082909,5.658227926082909,5.924073187021339,6.226554682161313,6.226554682161313
1998-10-01,TBlong,5.636694300531471,5.636694300531471,5.86101146615961,6.290350934379202,6.290350934379202
1999-01-01,TBlong,5.669761407533013,5.669761407533013,5.848154199008719,6.235221045087694,6.235221045087694
1999-04-01,TBlong,5.859735509458055,5.859735509458055,6.042951421519696,6.097313904047844,6.097313904047844
1999-07-01,TBlong,5.83751107569992,5.83751107569992,6.034495633433813,6.1179710846965545,6.1179710846965545
1999-10-01,TBlong,5.782492860108679,5.782492860108679,5.986805771398038,6.116272426275235,6.116272426275235
2000-01-01,TBlong,5.7370424168872285,5.7370424168872285,5.940371174365685,6.250937227195017,6.250937227195017
2000-04-01,TBlong,5.685586445185708,5.685586445185708,5.922819331936848,6.059070451247691,6.059070451247691
2000-07-01,TBlong,5.667957177896214,5.667957177896214,5.884261246773647,6.200284220407953,6.200284220407953
2000-10-01,TBlong,5.528574343434448,5.528574343434448,5.970008699857542,6.051447730481538,6.051447730481538
2001-01-01,TBlong,5.684806799769973,5.684806799769973,5.829288751686696,6.137919937299951,6.137919937299951
2001-04-01,TBlong,5.703933754176639,5.703933754176639,5.871851804102629,6.075914243493902,6.075914243493902
2001-07-01,TBlong,5.764069001688519,5.764069001688519,5.967860606850039,5.990181839900443,5.990181839900443
2001-10-01,TBlong,5.886925319024476,5.886925319024476,5.917620966072891,5.968500553292531,5.968500553292531
2002-01-01,TBlong,5.863212080410504,5.863212080410504,6.0565236247256555,6.14520603244732,6.14520603244732
2002-04-01,TBlong,5.700216726557763,5.700216726557763,5.982239859428872,6.223609557386784,6.223609557386784
2002-07-01,TBlong,5.750403838095009,5.750403838095009,6.083753153928196,6.169215564552677,6.169215564552677
2002-10-01,TBlong,5.635634505617255,5.635634505617255,6.091626121711268,6.15931430235554,6.15931430235554
2003-01-01,TBlong,5.6861956869037575,5.6861956869037575,6.072067940327259,6.186803200001839,6.186803200001839
2003-04-01,TBlong,5.632917646580977,5.632917646580977,6.070590806311687,6.2822202949037,6.2822202949037
2003-07-01,TBlong,5.53713973631718,5.53713973631718,5.875271182244622,6.138530432038674,6.138530432038674
2003-10-01,TBlong,5.496179536933941,5.496179536933941,5.846828262728936,6.189674068639679,6.189674068639679
2004-01-01,TBlong,5.385968344724257,5.385968344724257,5.734262050003665,6.098028233811159,6.098028233811159
2004-04-01,TBlong,5.355650373114361,5.355650373114361,5.871764927357537,6.0265355140569685,6.0265355140569685
2004-07-01,TBlong,5.340132626162288,5.340132626162288,5.715593322196105,5.787198176094038,5.787198176094038
2004-10-01,TBlong,5.353883089267354,5.353883089267354,5.668462006163697,5.721061565025138,5.721061565025138
2005-01-01,TBlong,5.461972027354228,5.461972027354228,5.557951259361193,5.733804319910377,5.733804319910377
2005-04-01,TBlong,5.182988578133549,5.182988578133549,5.44622820290066,5.762880264384148,5.762880264384148
2005-07-01,TBlong,5.068084952072392,5.068084952072392,5.3439754264184645,5.582087095886686,5.582087095886686
2005-10-01,TBlong,5.124083813286438,5.124083813286438,5.221857160378807,5.516784260507753,5.516784260507753
2006-01-01,TBlong,5.075578755593492,5.075578755593492,5.171609462076436,5.351529778868359,5.351529778868359
2006-04-01,TBlong,4.996209706000651,4.996209706000651,5.297525998451238,5.479702193005918,5.479702193005918
2006-07-01,TBlong,5.0388826457187825,5.0388826457187825,5.134036446332019,5.475794925216153,5.475794925216153
2006-10-01,TBlong,5.039530202711868,5.039530202711868,5.161628330045971,5.497914466553859,5.497914466553859
2007-01-01,TBlong,4.784854824631875,4.784854824631875,5.220913345001121,5.3819617684342935,5.3819617684342935
2007-04-01,TBlong,4.954258845218382,4.954258845218382,5.192410851736412,5.472524481300026,5.472524481300026
2007-07-01,TBlong,4.74743396407882,4.74743396407882,5.30887622967647,5.842278512717594,5.842278512717594
2007-10-01,TBlong,4.860450910701761,4.860450910701761,5.059278419448082,5.9719797364350935,5.9719797364350935
2008-01-01,TBlong,4.758145513540626,4.758145513540626,5.141338564524,6.168933683562781,6.168933683562781
2008-04-01,TBlong,4.874923952686656,4.874923952686656,5.086766804416848,5.967918185853665,5.967918185853665
2008-07-01,TBlong,4.812296486800493,4.812296486800493,5.000438777186332,5.869346571092807,5.869346571092807
2008-10-01,TBlong,4.771541639007124,4.771541639007124,4.886820708268455,5.746757180373896,5.746757180373896
2009-01-01,TBlong,4.589309785086092,4.589309785086092,4.962918123441001,5.9733379445199635,5.9733379445199635
2009-04-01,TBlong,4.756625297884277,4.756625297884277,4.9559059747083145,6.24038307923065,6.24038307923065
2009-07-01,TBlong,4.737379455119525,4.737379455119525,4.859617861026055,6.340988152218648,6.340988152218648
2009-10-01,TBlong,4.602870366030629,4.602870366030629,4.83808673959196,6.156860432238086,6.156860432238086
2010-01-01,TBlong,4.50709358303265,4.50709358303265,4.69609226402483,5.988974264259924,5.988974264259924
2010-04-01,TBlong,4.429277011514295,4.429277011514295,4.491677698502336,5.719754693681211,5.719754693681211
2010-07-01,TBlong,4.2243011026066535,4.2243011026066535,4.406111598725577,5.725563786355627,5.725563786355627
2010-10-01,TBlong,4.200803057260079,4.200803057260079,4.4052276659779235,5.86945387283849,5.86945387283849
2011-01-01,TBlong,4.149103890881921,4.149103890881921,4.489967396615405,5.926335505260792,5.926335505260792
2011-04-01,TBlong,3.951833381755387,3.951833381755387,4.576177500752084,5.876052173866632,5.876052173866632
2011-07-01,TBlong,3.834499482112851,3.834499482112851,4.699655944796939,5.68628390244578,5.68628390244578
2011-10-01,TBlong,3.825490677375796,3.825490677375796,4.472945254731233,5.529227852222085,5.529227852222085
2012-01-01,TBlong,3.9297739924101354,3.9297739924101354,4.463382141824884,5.547469158090769,5.547469158090769
2012-04-01,TBlong,4.001199532168963,4.001199532168963,4.452362741226615,5.434575440896149,5.434575440896149
2012-07-01,TBlong,3.837747510630275,3.837747510630275,4.2564351242651055,5.5556289790776665,5.5556289790776665
2012-10-01,TBlong,3.839058600959047,3.839058600959047,4.1269284308165215,5.26524056432884,5.26524056432884
2013-01-01,TBlong,3.715903333699964,3.715903333699964,3.947604597814557,5.233957421396341,5.233957421396341
2013-04-01,TBlong,3.5784913726447747,3.5784913726447747,3.862011779914984,5.326779070121677,5.326779070121677
2013-07-01,TBlong,3.6417689489493172,3.6417689489493172,3.8690771947973674,5.234433323925946,5.234433323925946
2013-10-01,TBlong,3.5936094494214186,3.5936094494214186,3.8870232948049472,5.218600740834513,5.218600740834513
2014-01-01,TBlong,3.535810124449872,3.535810124449872,3.7928330679346716,5.27937788727446,5.27937788727446
2014-04-01,TBlong,3.5425711176950365,3.5425711176950365,3.7688001232820225,5.276893321799002,5.276893321799002
2014-07-01,TBlong,3.395897696421173,3.395897696421173,3.8240105734749683,5.259866767911868,5.259866767911868
2014-10-01,TBlong,3.5040605217158767,3.5040605217158767,3.7211042217496244,4.889456601563401,4.889456601563401
2015-01-01,TBlong,3.4651915351627647,3.4651915351627647,3.8177008078030146,4.976057802779106,4.976057802779106
2015-04-01,TBlong,3.4036599685193694,3.4036599685193694,3.886932914119259,5.237196151927441,5.237196151927441
2015-07-01,TBlong,3.1756539008783724,3.1756539008783724,3.7886520734743576,4.923896327392356,4.923896327392356
2015-10-01,TBlong,3.143311483211566,3.143311483211566,3.6566701511703528,4.835091662988229,4.835091662988229
2016-01-01,TBlong,3.211675779378373,3.211675779378373,3.4478262641037327,4.807246835083675,4.807246835083675
2016-04-01,TBlong,3.1440784483610935,3.1440784483610935,3.5616704446250176,4.829380231163783,4.829380231163783
2016-07-01,TBlong,3.0737979381959426,3.0737979381959426,3.576189805399882,4.653314466227237,4.653314466227237
2016-10-01,TBlong,3.1022642113783334,3.1022642113783334,3.598517309601764,4.654969790681065,4.654969790681065
2017-01-01,TBlong,3.0962418911374168,3.0962418911374168,3.7163851821442364,4.413991142650962,4.413991142650962
2017-04-01,TBlong,3.2814604136806578,3.2814604136806578,3.6363132622720205,4.1120536651921835,4.1120536651921835
2017-07-01,TBlong,3.198633038756772,3.198633038756772,3.4573692232793087,4.1072404361529795,4.1072404361529795
2017-10-01,TBlong,3.262489532436206,3.262489532436206,3.299438151536414,4.192378478837021,4.192378478837021
2018-01-01,TBlong,3.2964807066721504,3.2964807066721504,3.4252481189537294,3.957281662977638,3.957281662977638
2018-04-01,TBlong,3.266029147476202,3.266029147476202,3.3785659789605136,3.818933723889442,3.818933723889442
2018-07-01,TBlong,2.981130957546488,2.981130957546488,3.3892921920781083,4.088962193035118,4.088962193035118
2018-10-01,TBlong,3.161742804711578,3.161742804711578,3.4866312301254605,3.9886248485207143,3.9886248485207143
2019-01-01,TBlong,3.032026557768276,3.032026557768276,3.3751299827119343,3.885093410722867,3.885093410722867
2019-04-01,TBlong,2.907409575010949,2.907409575010949,3.3171547717827465,4.133724274761404,4.133724274761404
2019-07-01,TBlong,2.786844989483255,2.786844989483255,3.385620420561666,3.9537774992588632,3.9537774992588632
2019-10-01,TBlong,2.940490639918922,2.940490639918922,3.275444077883526,3.6867520343493108,3.6867520343493108
2020-01-01,TBlong,2.898725358362949,2.898725358362949,3.250932086463325,3.655150184884109,3.655150184884109
2020-04-01,TBlong,2.925734001821574,2.925734001821574,3.1345956070224172,3.5107147009345026,3.5107147009345026
2020-07-01,TBlong,2.7097266609358517,2.7097266609358517,3.1637105495765714,3.591323609849505,3.591323609849505
2020-10-01,TBlong,2.9214766309808007,2.9214766309808007,3.259517724632013,3.587357078222588,3.587357078222588
2021-01-01,TBlong,2.8747895078109504,2.8747895078109504,3.284963873079927,3.4776396658356226,3.4776396658356226
2021-04-01,TBlong,3.076196780238191,3.076196780238191,3.2356909584169182,3.415164572740748,3.415164572740748
2021-07-01,TBlong,3.0856570892156263,3.0856570892156263,3.2230935741519384,3.320910115979769,3.320910115979769
2021-10-01,TBlong,3.1983092115437834,3.1983092115437834,3.2678613142260877,3.325989841998106,3.325989841998106
2022-01-01,TBlong,3.0715631195493733,3.0715631195493733,3.178442020549503,3.3901110075757317,3.3901110075757317
2022-04-01,TBlong,3.3193532575932307,3.3193532575932307,3.3748269023487927,3.451591969877093,3.451591969877093
2022-07-01,TBlong,3.2501132849875978,3.2501132849875978,3.3703552066259777,3.613770664609172,3.613770664609172
2022-10-01,TBlong,3.2494175436112203,3.2494175436112203,3.4225794424928706,3.5668985379675746,3.5668985379675746
2023-01-01,TBlong,3.1038164874652723,3.1038164874652723,3.2812838043935284,3.464259224955008,3.464259224955008
2023-04-01,TBlong,3.1047510809069405,3.1047510809069405,3.3017163442351296,3.4026121516505095,3.4026121516505095
2023-07-01,TBlong,3.161631889706045,3.161631889706045,3.2487408903064443,3.354049220348823,3.354049220348823
2023-10-01,TBlong,3.181243859603782,3.181243859603782,3.2920346498601045,3.5885318132368,3.5885318132368
2024-01-01,TBlong,3.152773901992874,3.152773901992874,3.3035001086822158,3.410187617308118,3.410187617308118
2024-04-01,TBlong,3.1426560220363964,3.1426560220363964,3.3565435778347683,3.474307905870998,3.474307905870998
2024-07-01,TBlong,3.179539666993299,3.179539666993299,3.3574545779685323,3.719675893515509,3.719675893515509
2024-10-01,TBlong,3.307666796801481,3.307666796801481,3.5216300051568226,3.6705068830521292,3.6705068830521292
2025-01-01,TBlong,3.2057377580433375,3.2057377580433375,3.4787741157683754,3.7295947722462124,3.7295947722462124
2025-04-01,TBlong,3.203144170567066,3.203144170567066,3.667828185311321,3.801243965302417,3.801243965302417
