Date,Pi_bar_med,Pi_bar_p2_5,Pi_bar_p16,Pi_bar_p84,Pi_bar_p97_5,R_bar_med,R_bar_p2_5,R_bar_p16,R_bar_p84,R_bar_p97_5,NR_bar_med,NR_bar_p2_5,NR_bar_p16,NR_bar_p84,NR_bar_p97_5,Ts_bar_med,Ts_bar_p2_5,Ts_bar_p16,Ts_bar_p84,Ts_bar_p97_5
1960-01-01,2.0535193562961767,1.2634530688440297,1.2634530688440297,2.3062338985706585,2.3062338985706585,1.2475541923020512,0.554371354708777,0.554371354708777,1.8364382416197,1.8364382416197,3.056758663484156,2.045697859047542,2.045697859047542,3.8899575979158767,3.8899575979158767,0.790181324617966,0.7219162874039168,0.7219162874039168,1.5716968159374163,1.5716968159374163
1960-04-01,2.0239268005312887,1.3294328551647252,1.3294328551647252,2.163766113953762,2.163766113953762,1.2524313257833684,0.6277410837120598,0.6277410837120598,1.8207246195495794,1.8207246195495794,3.100079275563751,2.0107819213679106,2.0107819213679106,3.844651420080868,3.844651420080868,0.6879185518812396,0.6580015376749897,0.6580015376749897,1.545014253641723,1.545014253641723
1960-07-01,2.0110435366600323,1.2183874873600087,1.2183874873600087,2.122575277372609,2.122575277372609,1.2633430967202846,0.7471180198931013,0.7471180198931013,1.7314902081596522,1.7314902081596522,3.007646195802928,1.96550550725311,1.96550550725311,3.8540654855322614,3.8540654855322614,0.7064316020198795,0.6480719857354579,0.6480719857354579,1.4997302354931161,1.4997302354931161
1960-10-01,2.010816909692146,1.260869236919934,1.260869236919934,2.3157783236445897,2.3157783236445897,1.12409414973307,0.7421956908077728,0.7421956908077728,1.711917086789098,1.711917086789098,3.265671845354996,2.003064927727707,2.003064927727707,3.722733996481244,3.722733996481244,0.7586723780058844,0.5728853084179649,0.5728853084179649,1.5091796401401965,1.5091796401401965
1961-01-01,1.9835201116128296,1.1764185272667733,1.1764185272667733,2.341047526772355,2.341047526772355,1.2448412847693964,0.9370214534171367,0.9370214534171367,1.68821056435419,1.68821056435419,3.4564088150345054,2.11343998068391,2.11343998068391,3.6717306759670194,3.6717306759670194,0.7834166830668075,0.6613473004578618,0.6613473004578618,1.4382087871104028,1.4382087871104028
1961-04-01,2.000738986495822,1.1019292466133745,1.1019292466133745,2.370037590624466,2.370037590624466,1.34930389575339,1.0664585437884297,1.0664585437884297,1.671827879241947,1.671827879241947,3.515388883952947,2.1683877904018045,2.1683877904018045,3.719341486377856,3.719341486377856,0.838876968164372,0.7268969258638514,0.7268969258638514,1.4055450721863405,1.4055450721863405
1961-07-01,2.0664843287218218,1.389266388238311,1.389266388238311,2.47253542599518,2.47253542599518,1.2817073062099735,1.1666152142931328,1.1666152142931328,1.72347010091618,1.72347010091618,3.428688981915368,2.5558816025314437,2.5558816025314437,3.7899544296380014,3.7899544296380014,0.7917496383544234,0.729198987526063,0.729198987526063,1.4528377187204053,1.4528377187204053
1961-10-01,2.0514902633150127,1.2957384092509008,1.2957384092509008,2.3175651510005584,2.3175651510005584,1.2911834600800682,1.2066644446437267,1.2066644446437267,1.6928277216815808,1.6928277216815808,3.4016961038428013,2.5024028538946275,2.5024028538946275,3.7034969343248845,3.7034969343248845,0.7834324790879046,0.6308340305231308,0.6308340305231308,1.4511307604859534,1.4511307604859534
1962-01-01,1.9345566644631227,1.4066939816442934,1.4066939816442934,2.4128177947719758,2.4128177947719758,1.3054688447565514,1.1964589802857093,1.1964589802857093,1.6857833361896104,1.6857833361896104,3.3376739507966002,2.603152961930003,2.603152961930003,3.661683308828793,3.661683308828793,0.8138638288189526,0.6862919742565828,0.6862919742565828,1.4683674484849545,1.4683674484849545
1962-04-01,1.759539833262502,1.5726364909607136,1.5726364909607136,2.4118196342260116,2.4118196342260116,1.2843457992111609,1.1876112618174754,1.1876112618174754,1.6909484240084518,1.6909484240084518,3.3293759247437182,2.760247752778189,2.760247752778189,3.811149282728402,3.811149282728402,0.7693500026721063,0.6568986854729032,0.6568986854729032,1.42894137484738,1.42894137484738
1962-07-01,1.6819653693852463,1.5627384626842966,1.5627384626842966,2.256529477060911,2.256529477060911,1.3271721332239115,1.224017392064226,1.224017392064226,1.6566350836510124,1.6566350836510124,3.3386004530362587,2.786755854748523,2.786755854748523,3.777073791193688,3.777073791193688,0.7564455270327862,0.7025382561527522,0.7025382561527522,1.501467392452133,1.501467392452133
1962-10-01,1.800405270045004,1.6893096953344617,1.6893096953344617,2.3063812423231194,2.3063812423231194,1.4211976936730923,1.2420640506855372,1.2420640506855372,1.597072428844504,1.597072428844504,3.3436860554437415,2.960816302193909,2.960816302193909,3.689372490352664,3.689372490352664,0.7942115250475744,0.7580550604429739,0.7580550604429739,1.4917137478307092,1.4917137478307092
1963-01-01,1.733324570787934,1.6584781469844836,1.6584781469844836,2.3789497026673576,2.3789497026673576,1.3660670332309792,1.0689750841174406,1.0689750841174406,1.7027202307326503,1.7027202307326503,3.418707455322133,2.727453231101924,2.727453231101924,3.7892198873568357,3.7892198873568357,0.8359465053009447,0.7215596312447637,0.7215596312447637,1.435396168135404,1.435396168135404
1963-04-01,1.9362421372317298,1.6128278853246838,1.6128278853246838,2.3286907542448825,2.3286907542448825,1.4511794631557577,1.1282669572022095,1.1282669572022095,1.667988888417475,1.667988888417475,3.6013024582803324,2.741094842526893,2.741094842526893,3.8972362338826247,3.8972362338826247,0.8125113576422431,0.6831441458179062,0.6831441458179062,1.4801911428764605,1.4801911428764605
1963-07-01,2.007977190004771,1.6448974470486213,1.6448974470486213,2.4353819261089003,2.4353819261089003,1.4780030784960845,1.0834995532039071,1.0834995532039071,1.7014739963092682,1.7014739963092682,3.7094511863140394,2.7283970002525284,2.7283970002525284,3.792529249293388,3.792529249293388,0.8178241039981576,0.710336796833673,0.710336796833673,1.477486284522033,1.477486284522033
1963-10-01,1.8668792402514724,1.6172799914104619,1.6172799914104619,2.236457916472733,2.236457916472733,1.4741871678374905,1.0576557841282948,1.0576557841282948,1.636973775104198,1.636973775104198,3.5038530153556704,2.6749357755387564,2.6749357755387564,3.5995763075515246,3.5995763075515246,0.8465883897010699,0.7388640515808788,0.7388640515808788,1.3842082723745022,1.3842082723745022
1964-01-01,1.8526976212052977,1.6455430588269133,1.6455430588269133,2.4295157564312913,2.4295157564312913,1.4306830494206704,1.1498795823811019,1.1498795823811019,1.6320169914717744,1.6320169914717744,3.484714612677072,2.795422641208015,2.795422641208015,3.7052476081095964,3.7052476081095964,0.8935396315306952,0.7755109109813177,0.7755109109813177,1.3674772383184888,1.3674772383184888
1964-04-01,1.8338929954366874,1.4841885817661327,1.4841885817661327,2.5089384050050243,2.5089384050050243,1.4473921945545787,1.0667031017996982,1.0667031017996982,1.6369781906786989,1.6369781906786989,3.470871186115386,2.5508916835658306,2.5508916835658306,3.845853710276371,3.845853710276371,0.9086267350538803,0.776455783218627,0.776455783218627,1.398604561813673,1.398604561813673
1964-07-01,1.8334189070206368,1.3824081300698556,1.3824081300698556,2.5688475827905624,2.5688475827905624,1.4708577714942201,1.1510048428668513,1.1510048428668513,1.6928470889274674,1.6928470889274674,3.526265995948104,2.533412972936707,2.533412972936707,3.900513322505907,3.900513322505907,0.8369026253951496,0.7751005495579769,0.7751005495579769,1.3203522399308938,1.3203522399308938
1964-10-01,1.9139254727959323,1.6057951883409207,1.6057951883409207,2.5623374885297747,2.5623374885297747,1.5260547077893734,1.1706450431034858,1.1706450431034858,1.6545164429692314,1.6545164429692314,3.5684419157651637,2.7764402314444068,2.7764402314444068,3.910358214081824,3.910358214081824,0.8249952739826426,0.800635666217904,0.800635666217904,1.3792088396883988,1.3792088396883988
1965-01-01,2.0209573748916454,1.5347403031997835,1.5347403031997835,2.488708574122254,2.488708574122254,1.445488768329519,1.2236254089844751,1.2236254089844751,1.7519567562061062,1.7519567562061062,3.6790485716036074,2.7583657121842586,2.7583657121842586,3.8425362060177655,3.8425362060177655,0.9011460643550324,0.8147311232838579,0.8147311232838579,1.3447733091186138,1.3447733091186138
1965-04-01,1.9593557178548116,1.559950272894585,1.559950272894585,2.441199404062428,2.441199404062428,1.5180240721787632,1.1938578849208845,1.1938578849208845,1.7945554510661756,1.7945554510661756,3.730997080556763,2.7538081578154694,2.7538081578154694,3.8332024689351583,3.8332024689351583,0.8976164169155076,0.8153146199010809,0.8153146199010809,1.3439945497053372,1.3439945497053372
1965-07-01,2.0987229930650986,1.5780754357875761,1.5780754357875761,2.6754390765119616,2.6754390765119616,1.5085350363486485,1.1419434032213378,1.1419434032213378,1.769969876945625,1.769969876945625,3.6767694036082093,2.720018839008914,2.720018839008914,4.0458543911476665,4.0458543911476665,0.9994724189461902,0.7869198202463528,0.7869198202463528,1.3294587583450779,1.3294587583450779
1965-10-01,2.020449839970003,1.52152337838587,1.52152337838587,2.7168163863067507,2.7168163863067507,1.4573960547971785,1.2816985847907825,1.2816985847907825,1.7638254729233984,1.7638254729233984,3.7592190121425375,2.822206515560418,2.822206515560418,4.110761554318683,4.110761554318683,1.039628411393953,0.8285839312394166,0.8285839312394166,1.2913871968493302,1.2913871968493302
1966-01-01,2.0470395982696754,1.5620068361030064,1.5620068361030064,2.7526510666963495,2.7526510666963495,1.4991960875493864,1.3127404146207604,1.3127404146207604,1.716574967052256,1.716574967052256,3.632925851269457,2.8989263766666196,2.8989263766666196,4.1151991524407086,4.1151991524407086,1.0577324522638183,0.874037127104224,0.874037127104224,1.309051071341962,1.309051071341962
1966-04-01,2.0424219541432334,1.542083276649407,1.542083276649407,2.82244640210106,2.82244640210106,1.4236153883506084,1.312826222149239,1.312826222149239,1.6785101529387536,1.6785101529387536,3.6481504683406354,2.854909498798646,2.854909498798646,4.17087069434962,4.17087069434962,1.0359666282151299,0.894392311996381,0.894392311996381,1.2788775999897997,1.2788775999897997
1966-07-01,1.951983604177808,1.7271274448044995,1.7271274448044995,2.680327653670467,2.680327653670467,1.5661696914968244,1.2825186988510182,1.2825186988510182,1.6861559792444452,1.6861559792444452,3.518153295674632,3.0269829970951108,3.0269829970951108,4.237310283771504,4.237310283771504,1.0522464533387557,0.8635508753544141,0.8635508753544141,1.3952183155800189,1.3952183155800189
1966-10-01,2.181348431112415,1.7322406299274022,1.7322406299274022,2.9482164284408356,2.9482164284408356,1.5963532984866171,1.3642890645448362,1.3642890645448362,1.7018236835612097,1.7018236835612097,3.7777017295990323,3.224697061965883,3.224697061965883,4.3955629539503684,4.3955629539503684,1.1038997839755829,0.8400614699251344,0.8400614699251344,1.4609549895572933,1.4609549895572933
1967-01-01,2.3927211888682782,1.8976683091820115,1.8976683091820115,3.1400087152683582,3.1400087152683582,1.5729368979429912,1.3814340568294174,1.3814340568294174,1.6922275522482668,1.6922275522482668,3.9656580868112696,3.530962349817135,3.530962349817135,4.5214427720977755,4.5214427720977755,1.0559508037815752,0.8392793698420469,0.8392793698420469,1.4771134843983684,1.4771134843983684
1967-04-01,2.5443428640596317,1.9068499144038378,1.9068499144038378,3.2421628230963937,3.2421628230963937,1.5643938395207357,1.3295603421063416,1.3295603421063416,1.7703213610613626,1.7703213610613626,4.108736703580368,3.4372797736206304,3.4372797736206304,4.5717231652027355,4.5717231652027355,1.0527921596664163,0.8759938361882739,0.8759938361882739,1.410197190232063,1.410197190232063
1967-07-01,2.515890649688018,2.0048553460629086,2.0048553460629086,3.256249199554442,3.256249199554442,1.6453016027526302,1.469572529141002,1.469572529141002,1.737117782349279,1.737117782349279,4.171922622694367,3.4753964826777013,3.4753964826777013,4.725821728695443,4.725821728695443,1.013831640308083,0.9858740983447934,0.9858740983447934,1.4396211701951946,1.4396211701951946
1967-10-01,2.6252962632926904,1.97351986804241,1.97351986804241,3.2733125378167673,3.2733125378167673,1.6751582938307463,1.4417617547483899,1.4417617547483899,1.703252187699141,1.703252187699141,4.301411637315592,3.4152816227907996,3.4152816227907996,4.777890146946058,4.777890146946058,1.0645533110110679,0.9710269712542241,0.9710269712542241,1.419249965247479,1.419249965247479
1968-01-01,2.402125926840572,1.9134516080992787,1.9134516080992787,3.1967112350552327,3.1967112350552327,1.5955162142429289,1.417821438789704,1.417821438789704,1.7230093925858483,1.7230093925858483,4.125135319426421,3.331273046888983,3.331273046888983,4.727979268433783,4.727979268433783,1.0452394048180582,0.9888996191751167,0.9888996191751167,1.3974417657948561,1.3974417657948561
1968-04-01,2.4782625778789775,1.944553910894682,1.944553910894682,3.0270517609170176,3.0270517609170176,1.5935968103548395,1.335572454162642,1.335572454162642,1.671384117014778,1.671384117014778,4.149646694893756,3.280126365057324,3.280126365057324,4.513346327538999,4.513346327538999,1.0412337972581482,1.0066690233929225,1.0066690233929225,1.4814888602974543,1.4814888602974543
1968-07-01,2.6511970617149156,1.9215651975072712,1.9215651975072712,2.962359404712012,2.962359404712012,1.5145227423254324,1.3150735673645273,1.3150735673645273,1.7746882013337528,1.7746882013337528,4.279085158028421,3.2366387648717985,3.2366387648717985,4.406634284704374,4.406634284704374,1.1219009855868762,0.9885765905799752,0.9885765905799752,1.533227678249332,1.533227678249332
1968-10-01,2.5420442528759732,2.1439134943280225,2.1439134943280225,3.2057651121510298,3.2057651121510298,1.5592126627547294,1.3509570680347087,1.3509570680347087,1.7346685704637652,1.7346685704637652,4.209625383258977,3.543942588485981,3.543942588485981,4.556722180185739,4.556722180185739,1.2348477412221366,0.9654032525795387,0.9654032525795387,1.5932961102365295,1.5932961102365295
1969-01-01,2.7151401369137003,2.3990561215084916,2.3990561215084916,3.033919458970405,3.033919458970405,1.6505133610780673,1.4087651591859913,1.4087651591859913,1.745409461778736,1.745409461778736,4.426532454183641,3.8124085815651463,3.8124085815651463,4.4512993029471675,4.4512993029471675,1.2428662865841447,1.0549856823765495,1.0549856823765495,1.6605528139992634,1.6605528139992634
1969-04-01,2.7622360696189006,2.5969304284788035,2.5969304284788035,2.93249132339182,2.93249132339182,1.6333534536697507,1.4362343671701598,1.4362343671701598,1.8187294266545866,1.8187294266545866,4.395589523288651,4.033164795648963,4.033164795648963,4.57737139016427,4.57737139016427,1.2217419519874964,1.0743316456586085,1.0743316456586085,1.717499790853545,1.717499790853545
1969-07-01,2.815227028064321,2.656221988491848,2.656221988491848,3.064470096799831,3.064470096799831,1.6124842213023698,1.5056570029388208,1.5056570029388208,1.8993200802950871,1.8993200802950871,4.508466294311046,4.222288066545704,4.222288066545704,4.714547108359408,4.714547108359408,1.2774130375625063,1.0666134875009008,1.0666134875009008,1.7703697698721759,1.7703697698721759
1969-10-01,2.965410385441727,2.6155174510446586,2.6155174510446586,3.121206492679992,3.121206492679992,1.6890754977969753,1.5219512556482973,1.5219512556482973,2.026743615165984,2.026743615165984,4.605015956682222,4.367236503318956,4.367236503318956,4.9921540006077105,4.9921540006077105,1.2389909660891363,1.017189974370018,1.017189974370018,1.8068255948257717,1.8068255948257717
1970-01-01,2.997072128138977,2.824155724198786,2.824155724198786,3.1190750918351244,3.1190750918351244,1.7288922940924996,1.538080137330809,1.538080137330809,2.048442209273158,2.048442209273158,4.6810507952887646,4.535152265469786,4.535152265469786,5.106485955853669,5.106485955853669,1.2228638471468272,1.0463876215463723,1.0463876215463723,1.871600451103754,1.871600451103754
1970-04-01,3.0415232748902605,2.865985726847674,2.865985726847674,3.2822289363277086,3.2822289363277086,1.7386774227250896,1.4853599398900397,1.4853599398900397,2.04165663984113,2.04165663984113,4.835819148545218,4.4342677395269074,4.4342677395269074,5.085940235162786,5.085940235162786,1.1918492984937765,1.111769393923601,1.111769393923601,1.795889722472463,1.795889722472463
1970-07-01,3.0714933926297676,2.889917627139909,2.889917627139909,3.3010773105167908,3.3010773105167908,1.7746909485727158,1.4848505748919116,1.4848505748919116,2.0393421702772105,2.0393421702772105,4.9184857258097265,4.45238269413023,4.45238269413023,5.110835562906978,5.110835562906978,1.2108437260114242,1.0516390412883354,1.0516390412883354,1.8280812044613464,1.8280812044613464
1970-10-01,3.0964137639130236,2.888701879653015,2.888701879653015,3.2640913660934725,3.2640913660934725,1.7743936828626417,1.52793240143946,1.52793240143946,2.11297478417317,2.11297478417317,4.8416805718527955,4.441922141880481,4.441922141880481,5.269527304423891,5.269527304423891,1.2348497225145711,1.089965291812909,1.089965291812909,1.825520266628712,1.825520266628712
1971-01-01,3.0416581258996747,2.8563091490626236,2.8563091490626236,3.1562587658950303,3.1562587658950303,1.751511498996936,1.4465943852064216,1.4465943852064216,2.0689787654486405,2.0689787654486405,4.901013928375335,4.302903534269046,4.302903534269046,5.086454884645586,5.086454884645586,1.2447226628455321,1.1171824912791066,1.1171824912791066,1.800441567411376,1.800441567411376
1971-04-01,3.1308919182731962,3.0257335229587827,3.0257335229587827,3.1986490335805855,3.1986490335805855,1.7591938672137437,1.4721555327518232,1.4721555327518232,2.113338865571918,2.113338865571918,4.9083028309578,4.497889055710606,4.497889055710606,5.157623311409605,5.157623311409605,1.2722204043210235,1.1792417829737263,1.1792417829737263,1.786313279393545,1.786313279393545
1971-07-01,3.1467320649399197,3.051788537501729,3.051788537501729,3.241348910252367,3.241348910252367,1.72230677575687,1.4503548342593378,1.4503548342593378,2.1649707748189893,2.1649707748189893,4.949515263370715,4.502143371761067,4.502143371761067,5.25392718827435,5.25392718827435,1.3490112799403846,1.2144117046832554,1.2144117046832554,1.7604888360454292,1.7604888360454292
1971-10-01,3.262407576520381,3.221474849591947,3.221474849591947,3.3319021666112247,3.3319021666112247,1.7031078454615518,1.5085876504401936,1.5085876504401936,2.2833786028270646,2.2833786028270646,5.031356004672601,4.73006250003214,4.73006250003214,5.518647583116065,5.518647583116065,1.3707560383069648,1.24471957608138,1.24471957608138,1.756779327732837,1.756779327732837
1972-01-01,3.3714451065804187,3.3122026171835217,3.3122026171835217,3.4093059065719644,3.4093059065719644,1.7640453202198492,1.5655613525477292,1.5655613525477292,2.2745381854546296,2.2745381854546296,5.173351226791814,4.877763969731251,4.877763969731251,5.645983292035048,5.645983292035048,1.434944019307808,1.1975826971835648,1.1975826971835648,1.7359574566341855,1.7359574566341855
1972-04-01,3.5667017456620376,3.447516716910944,3.447516716910944,3.603302659056169,3.603302659056169,1.6742539677576906,1.6132583259428561,1.6132583259428561,2.2329611670721268,2.2329611670721268,5.27755662681386,5.0607750428538,5.0607750428538,5.805708963247696,5.805708963247696,1.4967468511067876,1.2183574016262428,1.2183574016262428,1.7925117935103105,1.7925117935103105
1972-07-01,3.603299997856984,3.469567781684324,3.469567781684324,3.6891255558109814,3.6891255558109814,1.6676616698661384,1.5820471947447226,1.5820471947447226,2.2030199310078653,2.2030199310078653,5.190178220997511,5.137229451550462,5.137229451550462,5.892145486818847,5.892145486818847,1.504436467313682,1.2308394719703644,1.2308394719703644,1.9690182088365287,1.9690182088365287
1972-10-01,3.8106217711226655,3.760200685095377,3.760200685095377,3.885656184729452,3.885656184729452,1.654792250302869,1.5702932831285479,1.5702932831285479,2.1715900307274603,2.1715900307274603,5.455949467858,5.407373894911485,5.407373894911485,5.982211801850125,5.982211801850125,1.5031405438526013,1.2264354139827307,1.2264354139827307,1.9783937056610905,1.9783937056610905
1973-01-01,3.9238162911090604,3.8706836340843935,3.8706836340843935,3.939959790864495,3.939959790864495,1.7198326434356115,1.5326313324248975,1.5326313324248975,2.130044661404314,2.130044661404314,5.626046449580192,5.403314966509291,5.403314966509291,6.053860952513374,6.053860952513374,1.5142597445733232,1.2009134577477618,1.2009134577477618,1.975226725431544,1.975226725431544
1973-04-01,3.778793194591282,3.7124614958785305,3.7124614958785305,3.9191010783659457,3.9191010783659457,1.7321013336419955,1.5179647649093901,1.5179647649093901,2.1730033124615233,2.1730033124615233,5.651202412007941,5.298446010747879,5.298446010747879,5.947043355826842,5.947043355826842,1.5104687337204634,1.2806097139037798,1.2806097139037798,1.9109874885219018,1.9109874885219018
1973-07-01,3.870089033104302,3.707836833296455,3.707836833296455,3.935366073642942,3.935366073642942,1.8126490572900669,1.546438385320775,1.546438385320775,2.2237713746739742,2.2237713746739742,5.621616141803102,5.3792533144315,5.3792533144315,6.159137448316916,6.159137448316916,1.5062879200396466,1.2429377741847847,1.2429377741847847,1.9184859892947779,1.9184859892947779
1973-10-01,3.962784758880175,3.839020854611484,3.839020854611484,4.002846829288343,4.002846829288343,1.7710021796224,1.5415469495392577,1.5415469495392577,2.206747080364404,2.206747080364404,5.694032233508456,5.504331708419432,5.504331708419432,6.188039173658545,6.188039173658545,1.510562048147574,1.2096309770436278,1.2096309770436278,1.886484578643873,1.886484578643873
1974-01-01,4.111955677500466,4.074390632533187,4.074390632533187,4.140661100578324,4.140661100578324,1.8101942395127186,1.5164006662954468,1.5164006662954468,2.2530251650570734,2.2530251650570734,5.922149917013185,5.65706176687377,5.65706176687377,6.327415797590261,6.327415797590261,1.493814340093686,1.1862405195071632,1.1862405195071632,1.931253733249894,1.931253733249894
1974-04-01,4.464588765594794,4.280375333325302,4.280375333325302,4.539279781767723,4.539279781767723,1.724240697500962,1.4959630026395039,1.4959630026395039,2.2920631950946833,2.2920631950946833,6.213659291721671,5.960551768234298,5.960551768234298,6.75151039658205,6.75151039658205,1.461782695626306,1.1826434234338428,1.1826434234338428,1.9496972413647409,1.9496972413647409
1974-07-01,4.5822726745492375,4.553075561575226,4.553075561575226,4.693058091565,4.693058091565,1.751203229131079,1.5160995503474515,1.5160995503474515,2.31244876873978,2.31244876873978,6.444261320696079,6.172374489978074,6.172374489978074,6.870235093650334,6.870235093650334,1.507433287222837,1.3071439452352802,1.3071439452352802,1.9557941793800555,1.9557941793800555
1974-10-01,4.707900266661594,4.531180944044316,4.531180944044316,4.728578670614963,4.728578670614963,1.729964650411853,1.490122499967915,1.490122499967915,2.441034626915667,2.441034626915667,6.458543321026816,6.131775256653873,6.131775256653873,7.156074475910771,7.156074475910771,1.5306971187945246,1.4070392281184474,1.4070392281184474,1.912213970927823,1.912213970927823
1975-01-01,4.702649112636845,4.545201341398503,4.545201341398503,4.8833843704930295,4.8833843704930295,1.7279592135598787,1.5403327674946539,1.5403327674946539,2.5338344490471747,2.5338344490471747,6.5005372757377335,6.242981880131499,6.242981880131499,7.417218819540205,7.417218819540205,1.5833575263240325,1.3624707139757548,1.3624707139757548,1.9351417941476514,1.9351417941476514
1975-04-01,4.8486696315607025,4.779289556368422,4.779289556368422,4.884454895066676,4.884454895066676,1.8059514551053162,1.5276363662974164,1.5276363662974164,2.5925617166198713,2.5925617166198713,6.634549530227254,6.376305997858119,6.376305997858119,7.4770166116865475,7.4770166116865475,1.6443595902086372,1.463670938590241,1.463670938590241,2.038369524761437,2.038369524761437
1975-07-01,4.915148900791567,4.8511745083717885,4.8511745083717885,4.970167449578361,4.970167449578361,1.7734183600311106,1.6342217644097505,1.6342217644097505,2.556286464257887,2.556286464257887,6.666998985491674,6.507907940504273,6.507907940504273,7.526453913836248,7.526453913836248,1.690486069223773,1.4767274117203282,1.4767274117203282,1.9422873436562609,1.9422873436562609
1975-10-01,4.8947983327597955,4.821605222666346,4.821605222666346,4.950810163829479,4.950810163829479,1.6957334589589108,1.6135748022749286,1.6135748022749286,2.53196883223297,2.53196883223297,6.622059234385485,6.4943869342513025,6.4943869342513025,7.353574054899315,7.353574054899315,1.6854939862551772,1.4938790128153043,1.4938790128153043,2.02148527710096,2.02148527710096
1976-01-01,4.798478454611293,4.672603976999872,4.672603976999872,4.916679937324189,4.916679937324189,1.7101924929877301,1.6411822946993733,1.6411822946993733,2.5162966838563614,2.5162966838563614,6.626872430311919,6.313786271699245,6.313786271699245,7.314775138467654,7.314775138467654,1.6638356073083425,1.5314790040245838,1.5314790040245838,1.9801699042960828,1.9801699042960828
1976-04-01,4.659330034122466,4.494307678922144,4.494307678922144,4.74895755271862,4.74895755271862,1.7484859950098306,1.5415358112446038,1.5415358112446038,2.521789221858069,2.521789221858069,6.407816029132297,6.100558185729652,6.100558185729652,7.165440823979191,7.165440823979191,1.6986078514889258,1.5698134185857624,1.5698134185857624,1.9949142244431104,1.9949142244431104
1976-07-01,4.6759760013947895,4.563721866161851,4.563721866161851,4.744532829465352,4.744532829465352,1.8443791467849031,1.628302330108984,1.628302330108984,2.583504182493005,2.583504182493005,6.520355148179693,6.247583362718601,6.247583362718601,7.328037011958357,7.328037011958357,1.8029006199888107,1.564381487332201,1.564381487332201,1.9447054274079785,1.9447054274079785
1976-10-01,4.601023393049725,4.542118619012836,4.542118619012836,4.630801700472547,4.630801700472547,1.8480716060607816,1.5340759507164479,1.5340759507164479,2.5774970441662117,2.5774970441662117,6.445447909015547,6.076194569729283,6.076194569729283,7.183408898519907,7.183408898519907,1.723497385998601,1.534863094019686,1.534863094019686,1.92067780150656,1.92067780150656
1977-01-01,4.639974270834212,4.603808585058198,4.603808585058198,4.645449041627211,4.645449041627211,1.8286277500397252,1.5851595047160971,1.5851595047160971,2.592803904562628,2.592803904562628,6.468610840662871,6.2306085463433085,6.2306085463433085,7.224700674411004,7.224700674411004,1.8074460707995166,1.616040101773817,1.616040101773817,1.8654829940235724,1.8654829940235724
1977-04-01,4.671336504243688,4.52558962121785,4.52558962121785,4.731726766117434,4.731726766117434,1.8456563547469553,1.5209805063439656,1.5209805063439656,2.5676101375308646,2.5676101375308646,6.486031252403264,6.252707272461399,6.252707272461399,7.093199758748714,7.093199758748714,1.8336999220031498,1.6309129443938288,1.6309129443938288,1.8605717612502497,1.8605717612502497
1977-07-01,4.779514854350984,4.6548605879942295,4.6548605879942295,4.883816203663476,4.883816203663476,1.8562632587021133,1.5320588778354671,1.5320588778354671,2.619451954918385,2.619451954918385,6.555215237869592,6.311573732186451,6.311573732186451,7.421095648321389,7.421095648321389,1.8042254785292358,1.5621197946144179,1.5621197946144179,1.8607763716818628,1.8607763716818628
1977-10-01,4.921477483375488,4.818994253947627,4.818994253947627,4.996632774138118,4.996632774138118,1.809976161427686,1.5536261482997298,1.5536261482997298,2.5882313679855677,2.5882313679855677,6.673095475701977,6.475103631675218,6.475103631675218,7.584864142123686,7.584864142123686,1.804810222584802,1.5050715062172546,1.5050715062172546,1.9078625812493568,1.9078625812493568
1978-01-01,5.015702297117575,4.957897205018657,4.957897205018657,5.107987495728962,5.107987495728962,1.792857361000303,1.5984352049731436,1.5984352049731436,2.611811117987093,2.611811117987093,6.7844796607649105,6.556332409991801,6.556332409991801,7.719798613716055,7.719798613716055,1.8204613252710196,1.5389318229329247,1.5389318229329247,1.9970579467884875,1.9970579467884875
1978-04-01,5.292895342027363,5.2293082164287865,5.2293082164287865,5.391017421306462,5.391017421306462,1.803565057934334,1.6056133875837986,1.6056133875837986,2.6421611215864877,2.6421611215864877,7.034134219644246,6.873770361030223,6.873770361030223,7.981122939942052,7.981122939942052,1.8544007828564526,1.5567081473305058,1.5567081473305058,2.1471190450306876,2.1471190450306876
1978-07-01,5.4786012475362345,5.3594983304425945,5.3594983304425945,5.5041303306395,5.5041303306395,1.8906229826574457,1.573342595071492,1.573342595071492,2.633050608938312,2.633050608938312,7.25217438192586,7.0751379278725794,7.0751379278725794,8.137180939577812,8.137180939577812,1.788498278128702,1.6023467266824294,1.6023467266824294,2.2094798871051284,2.2094798871051284
1978-10-01,5.624702821802584,5.513206575442004,5.513206575442004,5.695011616387162,5.695011616387162,1.8350152601460412,1.4284970315497283,1.4284970315497283,2.7684779152650774,2.7684779152650774,7.435821910033123,6.990970661339138,6.990970661339138,8.442130987009627,8.442130987009627,1.8361645586390491,1.6787876487353943,1.6787876487353943,2.193018770158209,2.193018770158209
1979-01-01,5.866419985274131,5.747487501236843,5.747487501236843,5.981553920777262,5.981553920777262,1.9240808232935669,1.4773971417507865,1.4773971417507865,2.725622217010345,2.725622217010345,7.73004691346015,7.394358122413363,7.394358122413363,8.707176137787608,8.707176137787608,1.8389973009410054,1.6699479212433317,1.6699479212433317,2.2598313717885423,2.2598313717885423
1979-04-01,6.021926261358474,5.936284766641257,5.936284766641257,6.050937793044755,6.050937793044755,1.8999818272140447,1.3895775583790129,1.3895775583790129,2.654142985495766,2.654142985495766,7.836266593855301,7.419141465340889,7.419141465340889,8.705080778540522,8.705080778540522,1.8256685832141657,1.702905621336187,1.702905621336187,2.2548230884076768,2.2548230884076768
1979-07-01,6.24594279113741,6.131662014213367,6.131662014213367,6.282891686804583,6.282891686804583,1.7524808762091757,1.3220991182607913,1.3220991182607913,2.6704965574933044,2.6704965574933044,7.945490156810663,7.568041909398201,7.568041909398201,8.951652044632079,8.951652044632079,1.786397145201724,1.7308163889150663,1.7308163889150663,2.2911720928381865,2.2911720928381865
1979-10-01,6.341957476143725,6.196752479533882,6.196752479533882,6.399371776312096,6.399371776312096,1.7566617539327516,1.3970719337305981,1.3970719337305981,2.6963499921415357,2.6963499921415357,7.9950444744312765,7.796443710042694,7.796443710042694,9.084767324600904,9.084767324600904,1.81038040812922,1.7267218677359377,1.7267218677359377,2.270110364196834,2.270110364196834
1980-01-01,6.448286818315555,6.300936441602249,6.300936441602249,6.509405129897084,6.509405129897084,1.6483116188370273,1.4172223719922097,1.4172223719922097,2.7311545621481543,2.7311545621481543,8.157716748734112,7.865509190307765,7.865509190307765,9.116545030431384,9.116545030431384,1.9215780951566046,1.763229578679615,1.763229578679615,2.2516429717568567,2.2516429717568567
1980-04-01,6.315441517148653,6.207785064476307,6.207785064476307,6.346057717672361,6.346057717672361,1.6271263963449794,1.5247165534039528,1.5247165534039528,2.690931003861505,2.690931003861505,7.912283240705271,7.834911460821287,7.834911460821287,9.031377811794284,9.031377811794284,1.959182698589111,1.7221410096152534,1.7221410096152534,2.2380215928899645,2.2380215928899645
1980-07-01,6.473670933419415,6.323208031982791,6.323208031982791,6.489960798631229,6.489960798631229,1.7435643662047475,1.5187718134986818,1.5187718134986818,2.5614091009967748,2.5614091009967748,8.066772398187538,7.94636135920426,7.94636135920426,9.044840551370093,9.044840551370093,1.9762662435049778,1.8167620421768738,1.8167620421768738,2.299598757145665,2.299598757145665
1980-10-01,6.580305323506467,6.511627537753356,6.511627537753356,6.917197406868151,6.917197406868151,1.9305949593690623,1.439650738313211,1.439650738313211,2.6896707082160227,2.6896707082160227,8.506234478403,7.951278276066567,7.951278276066567,9.606868115084174,9.606868115084174,1.9846906719468855,1.8433987541747023,1.8433987541747023,2.2911833809633086,2.2911833809633086
1981-01-01,6.828204048762408,6.71768084672996,6.71768084672996,7.017547599130914,7.017547599130914,1.959809463255734,1.4868183354564375,1.4868183354564375,2.718191853165161,2.718191853165161,8.83548511418606,8.204499182186398,8.204499182186398,9.735739452296075,9.735739452296075,2.013796280478671,1.789465941769864,1.789465941769864,2.346432831148975,2.346432831148975
1981-04-01,6.938494374585055,6.698102994556453,6.698102994556453,6.987248051994888,6.987248051994888,2.1309222548273725,1.5277948139547524,1.5277948139547524,2.7038765063589714,2.7038765063589714,8.89596166788018,8.225897808511204,8.225897808511204,9.661803492253709,9.661803492253709,2.0483029529486547,1.8297459978944826,1.8297459978944826,2.326522194691319,2.326522194691319
1981-07-01,6.897456354942874,6.717473073944934,6.717473073944934,6.993609213750589,6.993609213750589,2.122272311912145,1.6229479525668276,1.6229479525668276,2.661909436398557,2.661909436398557,8.93022216154777,8.34042102651176,8.34042102651176,9.655518650149146,9.655518650149146,2.030056089249718,1.8977334666504992,1.8977334666504992,2.4182627779797268,2.4182627779797268
1981-10-01,6.7824124869932385,6.716144163072754,6.716144163072754,6.885687051698817,6.885687051698817,2.175091959328288,1.5560567757277661,1.5560567757277661,2.7394425067193002,2.7394425067193002,8.891236122401043,8.291335831137134,8.291335831137134,9.625129558418116,9.625129558418116,2.060591126298464,1.8791225312599078,1.8791225312599078,2.444012771451793,2.444012771451793
1982-01-01,6.620658983622107,6.417280737951159,6.417280737951159,6.6817465083008765,6.6817465083008765,2.145864606683088,1.52414644174847,1.52414644174847,2.7726426188178563,2.7726426188178563,8.563145344634247,8.09778380087419,8.09778380087419,9.41155329337519,9.41155329337519,2.1316223307111195,1.9244971793252517,1.9244971793252517,2.5555190364763556,2.5555190364763556
1982-04-01,6.428619743264088,6.285428649150292,6.285428649150292,6.502744716715838,6.502744716715838,2.2318757016224495,1.622244152554997,1.622244152554997,2.7571752517131,2.7571752517131,8.624161762917593,7.9076728017052895,7.9076728017052895,9.22404066094,9.22404066094,2.1343037601847725,1.8585724760810671,1.8585724760810671,2.5471247139114928,2.5471247139114928
1982-07-01,6.3614623197357485,6.314739872232565,6.314739872232565,6.463487681995933,6.463487681995933,2.2213203520206384,1.7148796853835255,1.7148796853835255,2.70275102073225,2.70275102073225,8.544481225434541,8.076342005119274,8.076342005119274,9.166238702728183,9.166238702728183,2.1091344752276613,1.8563178910200007,1.8563178910200007,2.6109265903034755,2.6109265903034755
1982-10-01,6.158221289795137,6.063423007606732,6.063423007606732,6.248421243363258,6.248421243363258,2.1207015145716674,1.6667048003490261,1.6667048003490261,2.6105133348903253,2.6105133348903253,8.1841245221784,7.775744979129038,7.775744979129038,8.835570680446981,8.835570680446981,2.2438221410681165,1.8289979978906779,1.8289979978906779,2.498442835414462,2.498442835414462
1983-01-01,6.144133070129733,6.088021969150225,6.088021969150225,6.270956548695292,6.270956548695292,2.0501468634819053,1.6218235841330266,1.6218235841330266,2.562428684521501,2.562428684521501,8.13816883263213,7.892780132828318,7.892780132828318,8.723114376432195,8.723114376432195,2.250013827708655,1.8279270084643953,1.8279270084643953,2.558580073296655,2.558580073296655
1983-04-01,6.11058296985606,6.047305434552133,6.047305434552133,6.2533085158043615,6.2533085158043615,2.05295602906887,1.6425421614045914,1.6425421614045914,2.589355929540602,2.589355929540602,8.15259327528076,7.753125131260652,7.753125131260652,8.842664445344964,8.842664445344964,2.2182431574246615,1.8608481475316214,1.8608481475316214,2.5899793657453327,2.5899793657453327
1983-07-01,6.112382765186351,6.087133620302277,6.087133620302277,6.132239877728697,6.132239877728697,2.106726149048526,1.7222517603970935,1.7222517603970935,2.6037907918812744,2.6037907918812744,8.238966026777224,7.821966803675142,7.821966803675142,8.690924412183552,8.690924412183552,2.299931888969542,1.7941855250380436,1.7941855250380436,2.6275738195002405,2.6275738195002405
1983-10-01,6.05088523106249,6.028697249149565,6.028697249149565,6.258098131427779,6.258098131427779,2.1283605994367303,1.785678622998468,1.785678622998468,2.6440465913072284,2.6440465913072284,8.211542552839273,7.836563854060958,7.836563854060958,8.902144722735008,8.902144722735008,2.370825612651658,1.8198348541198521,1.8198348541198521,2.6041482925868036,2.6041482925868036
1984-01-01,5.951749845929444,5.858869112291523,5.858869112291523,6.106435570361647,6.106435570361647,2.1430956864747532,1.8503630777946893,1.8503630777946893,2.751463422379683,2.751463422379683,8.032749339567836,7.814431152310005,7.814431152310005,8.85789899274133,8.85789899274133,2.377024557171945,1.8788862679839093,1.8788862679839093,2.661050955678666,2.661050955678666
1984-04-01,5.795060758434538,5.783260341785065,5.783260341785065,5.95705784893575,5.95705784893575,2.175189845537195,1.9589348470932886,1.9589348470932886,2.747930275144833,2.747930275144833,7.95845018732226,7.753989095180909,7.753989095180909,8.704988124080582,8.704988124080582,2.3635949397311515,1.8966562733457129,1.8966562733457129,2.7385281216933666,2.7385281216933666
1984-07-01,5.6863324243559505,5.558703820681304,5.558703820681304,5.743845071097977,5.743845071097977,2.1820541592851823,1.9052099742821642,1.9052099742821642,2.641685677721639,2.641685677721639,7.827548554188116,7.463913794963468,7.463913794963468,8.385530748819615,8.385530748819615,2.384806470661221,1.875517037380887,1.875517037380887,2.6760456518168727,2.6760456518168727
1984-10-01,5.4051517547562415,5.356970073849338,5.356970073849338,5.459283730547362,5.459283730547362,2.1135135896704833,1.9435872513662529,1.9435872513662529,2.5299164932093623,2.5299164932093623,7.534953711511652,7.300557325215591,7.300557325215591,7.989200223756725,7.989200223756725,2.302629459313655,1.7489734660838987,1.7489734660838987,2.626736067852743,2.626736067852743
1985-01-01,5.142650347381808,5.1312005082568355,5.1312005082568355,5.355764402541385,5.355764402541385,2.131570538019198,2.0206930715420506,2.0206930715420506,2.518345850084113,2.518345850084113,7.386309410003986,7.159337478874239,7.159337478874239,7.874110252625497,7.874110252625497,2.3230027252688097,1.7743553276316708,1.7743553276316708,2.610840228068803,2.610840228068803
1985-04-01,5.132971196199333,4.985805713364884,4.985805713364884,5.268512176923636,5.268512176923636,2.174219322778082,2.0670689459620872,2.0670689459620872,2.503696339048118,2.503696339048118,7.303887291155686,7.069709826366733,7.069709826366733,7.772208515971754,7.772208515971754,2.288517637747437,1.8299748625491115,1.8299748625491115,2.5757185198948074,2.5757185198948074
1985-07-01,5.190960251719631,4.991567918267124,4.991567918267124,5.381918260497156,5.381918260497156,2.1853746569233063,2.038049605282442,2.038049605282442,2.436495536086859,2.436495536086859,7.2566325541224685,7.229009857002073,7.229009857002073,7.818413796584015,7.818413796584015,2.2913220866380635,1.783589748094724,1.783589748094724,2.544704277311787,2.544704277311787
1985-10-01,5.226618296655314,5.0363058780286085,5.0363058780286085,5.23879192441293,5.23879192441293,2.199599494655496,1.9814185299941023,1.9814185299941023,2.373424511038894,2.373424511038894,7.4273043916037045,7.178410989895093,7.178410989895093,7.612216435451824,7.612216435451824,2.303500741012555,1.7899788327478439,1.7899788327478439,2.5241023417696606,2.5241023417696606
1986-01-01,4.989370287816813,4.947515261937234,4.947515261937234,5.044454094777333,5.044454094777333,2.1857860977247965,1.9587476248028721,1.9587476248028721,2.401999474718696,2.401999474718696,7.181020557204278,7.003201719580205,7.003201719580205,7.357216560974193,7.357216560974193,2.27001421508245,1.7772408097574441,1.7772408097574441,2.5540696584033147,2.5540696584033147
1986-04-01,4.973132969508576,4.906098111162236,4.906098111162236,5.108580412293223,5.108580412293223,2.1057863249053597,1.9683617648128429,1.9683617648128429,2.4570430370555,2.4570430370555,7.078919294413936,7.0537903322191635,7.0537903322191635,7.363141148217736,7.363141148217736,2.25686522842421,1.7005984965743906,1.7005984965743906,2.464302884392445,2.464302884392445
1986-07-01,4.919084554874119,4.75785185452906,4.75785185452906,5.175906799325105,5.175906799325105,2.173239731107472,1.8910302801408378,1.8910302801408378,2.495998048922163,2.495998048922163,7.156494618561676,6.931091585636532,6.931091585636532,7.415082603796282,7.415082603796282,2.177176333819875,1.6747029736570964,1.6747029736570964,2.502562175668575,2.502562175668575
1986-10-01,4.940720649176174,4.793152280470081,4.793152280470081,5.052737469961062,5.052737469961062,2.2332740919071528,1.8979835070247264,1.8979835070247264,2.3468550991323816,2.3468550991323816,7.083262534913285,6.861679379244893,6.861679379244893,7.304767845434434,7.304767845434434,2.1913728653542806,1.6742439436437073,1.6742439436437073,2.485152163048421,2.485152163048421
1987-01-01,4.927693623425644,4.8965828958744355,4.8965828958744355,5.080716157808459,5.080716157808459,2.20683668776784,1.9028368159936333,1.9028368159936333,2.3793407038127325,2.3793407038127325,7.1034195836422755,6.963397227794468,6.963397227794468,7.381792879755162,7.381792879755162,2.1717109523294384,1.668059584624322,1.668059584624322,2.4408102950709987,2.4408102950709987
1987-04-01,4.986648162530651,4.887047116640106,4.887047116640106,5.021791595006465,5.021791595006465,2.178335170187906,1.972667277046171,1.972667277046171,2.3517859555931095,2.3517859555931095,7.0653822868280125,6.994458872052636,6.994458872052636,7.338434118123761,7.338434118123761,2.1893716512987247,1.7150680121430153,1.7150680121430153,2.466446374661493,2.466446374661493
1987-07-01,4.939404586221592,4.894607763954973,4.894607763954973,5.002944136620553,5.002944136620553,2.3286147481160415,1.92508979730594,1.92508979730594,2.4123074333610677,2.4123074333610677,7.238802560365336,6.912960755660883,6.912960755660883,7.415251569981621,7.415251569981621,2.1605985441582742,1.7284736698112217,1.7284736698112217,2.438434745227732,2.438434745227732
1987-10-01,4.785501745283852,4.723810723209878,4.723810723209878,4.882524690692316,4.882524690692316,2.3078121935199576,1.889330441751322,1.889330441751322,2.499341512349432,2.499341512349432,7.09331393880381,6.769888516020218,6.769888516020218,7.3818662030417475,7.3818662030417475,2.1881415300068072,1.7917081060015783,1.7917081060015783,2.432050987376159,2.432050987376159
1988-01-01,4.740608308041603,4.6476308194828215,4.6476308194828215,4.8413899370864835,4.8413899370864835,2.3480222877917907,1.8306566201485137,1.8306566201485137,2.4547726729199324,2.4547726729199324,7.077198522161837,6.478287439631336,6.478287439631336,7.296162610006416,7.296162610006416,2.229548490409621,1.8371603052175305,1.8371603052175305,2.4444813017401237,2.4444813017401237
1988-04-01,4.6003754521772455,4.484875219832574,4.484875219832574,4.730110641719776,4.730110641719776,2.2263356676974677,1.7961914445493365,1.7961914445493365,2.50324505263577,2.50324505263577,6.754826795296734,6.28106666438191,6.28106666438191,7.233355694355546,7.233355694355546,2.2434067259052477,1.8306600944952711,1.8306600944952711,2.3878544543991422,2.3878544543991422
1988-07-01,4.397627134833724,4.319836748716344,4.319836748716344,4.564348286613535,4.564348286613535,2.078509258075393,1.7285197951836884,1.7285197951836884,2.5376452183428824,2.5376452183428824,6.46833543679972,6.126146930017412,6.126146930017412,7.037993579020323,7.037993579020323,2.1932480461297934,1.8349799414110781,1.8349799414110781,2.40904265251394,2.40904265251394
1988-10-01,4.331521842423089,4.149635309625117,4.149635309625117,4.379416324015402,4.379416324015402,2.077969409739297,1.8499726692374192,1.8499726692374192,2.5612689172668177,2.5612689172668177,6.434458469794342,6.043167139081641,6.043167139081641,6.92056894715777,6.92056894715777,2.2355795503900944,1.8187276680639222,1.8187276680639222,2.3468535617102653,2.3468535617102653
1989-01-01,4.232430562245071,4.095025959658776,4.095025959658776,4.29616335255796,4.29616335255796,2.0922337577857677,1.7895017768576749,1.7895017768576749,2.495967267232259,2.495967267232259,6.388397110343727,5.884527736516451,5.884527736516451,6.665938361179981,6.665938361179981,2.234186164405317,1.7978767431371012,1.7978767431371012,2.3213018243925103,2.3213018243925103
1989-04-01,4.10453634582856,4.059702223089034,4.059702223089034,4.22857228906252,4.22857228906252,2.088952338350266,1.8358068012610818,1.8358068012610818,2.4333627169506644,2.4333627169506644,6.268320898097546,5.920803442588317,5.920803442588317,6.618410626136567,6.618410626136567,2.231520985149564,1.7562416051408543,1.7562416051408543,2.346862881872994,2.346862881872994
1989-07-01,3.9329536619817462,3.749889100236688,3.749889100236688,4.0077824336699255,4.0077824336699255,2.0496911933788735,1.8790782377879292,1.8790782377879292,2.5059177763138605,2.5059177763138605,6.0574736270487985,5.75335459650244,5.75335459650244,6.373570690526066,6.373570690526066,2.2542181540508905,1.723960172830606,1.723960172830606,2.3558373738533884,2.3558373738533884
1989-10-01,3.7351396697943273,3.6427371018068095,3.6427371018068095,3.8295141454825297,3.8295141454825297,2.046096638112141,2.006143323117297,2.006143323117297,2.5246112513815753,2.5246112513815753,5.87561078359467,5.741282992911625,5.741282992911625,6.227795740560859,6.227795740560859,2.191377964010921,1.7827913341204706,1.7827913341204706,2.3545731902756555,2.3545731902756555
1990-01-01,3.6523057738463534,3.6255613879131166,3.6255613879131166,3.83314372084185,3.83314372084185,2.0407747625186246,1.9767906340330093,1.9767906340330093,2.525086469980653,2.525086469980653,5.873918483360475,5.602352021946126,5.602352021946126,6.185293043499234,6.185293043499234,2.191533751618118,1.8091345881796532,1.8091345881796532,2.3532004137523037,2.3532004137523037
1990-04-01,3.678905632992976,3.564342550318992,3.564342550318992,3.8784042559871574,3.8784042559871574,2.0733373027063444,1.9610861539694224,1.9610861539694224,2.4940470662471887,2.4940470662471887,5.793323462956554,5.639991786962399,5.639991786962399,6.075876003269726,6.075876003269726,2.2210919726332268,1.811378626694258,1.811378626694258,2.3729789175623415,2.3729789175623415
1990-07-01,3.8346478037494465,3.4894173238367054,3.4894173238367054,3.9523008633211387,3.9523008633211387,2.139543924316116,1.9937683243608115,1.9937683243608115,2.3228038306821506,2.3228038306821506,5.8390871145502246,5.812221154518856,5.812221154518856,6.056299565019593,6.056299565019593,2.1359395578783458,1.7924739669886218,1.7924739669886218,2.3893036493071995,2.3893036493071995
1990-10-01,3.9039583443503356,3.490640919717246,3.490640919717246,3.9334073938817093,3.9334073938817093,2.1461313896297427,1.9256824936549486,1.9256824936549486,2.2851591932603794,2.2851591932603794,5.866263940112257,5.775800112977626,5.775800112977626,6.0795387835114525,6.0795387835114525,2.1426280400911715,1.778278243528994,1.778278243528994,2.3744536970765164,2.3744536970765164
1991-01-01,3.6076930323340144,3.5914405603841804,3.5914405603841804,3.88329108123038,3.88329108123038,2.0363012535156506,1.8581479129635536,1.8581479129635536,2.368701487654618,2.368701487654618,5.837583068527572,5.460664546700742,5.460664546700742,5.976394519988633,5.976394519988633,2.120999798766783,1.7949888210347416,1.7949888210347416,2.29065717015803,2.29065717015803
1991-04-01,3.6979319387940643,3.5528668615596066,3.5528668615596066,3.8618415224530973,3.8618415224530973,2.0143376792731025,1.9018958122822076,1.9018958122822076,2.2914615783113703,2.2914615783113703,5.6608725753747375,5.602334047693083,5.602334047693083,5.989393517105435,5.989393517105435,2.190918470920082,1.8068059475956295,1.8068059475956295,2.238770114084336,2.238770114084336
1991-07-01,3.62809726474294,3.5628047110914007,3.5628047110914007,3.754273905020231,3.754273905020231,1.9874411507154466,1.9532218285721583,1.9532218285721583,2.2279569240514197,2.2279569240514197,5.6426234652635685,5.53541767350631,5.53541767350631,5.85605418879436,5.85605418879436,2.1122277787070924,1.8654445051714255,1.8654445051714255,2.267159380713096,2.267159380713096
1991-10-01,3.5505932945710117,3.49777194793934,3.49777194793934,3.675168009148551,3.675168009148551,2.0195529501970277,1.8956955359265104,1.8956955359265104,2.139957963861233,2.139957963861233,5.570863545075062,5.524282689377199,5.524282689377199,5.637729911800573,5.637729911800573,2.1364797802916504,1.871424628533494,1.871424628533494,2.3093211439566614,2.3093211439566614
1992-01-01,3.4371587722649273,3.385745665433444,3.385745665433444,3.537221353435971,3.537221353435971,1.9943888545545325,1.8239688609528488,1.8239688609528488,2.09472340770544,2.09472340770544,5.42725185053949,5.36119021438882,5.36119021438882,5.5558962680476,5.5558962680476,2.0981578210302283,1.9483691063193151,1.9483691063193151,2.190902976015879,2.190902976015879
1992-04-01,3.4502638550990854,3.370768387625808,3.370768387625808,3.5739097365490617,3.5739097365490617,2.010992133812809,1.810398033645876,1.810398033645876,2.18601229842115,2.18601229842115,5.461255988911894,5.2211138792720755,5.2211138792720755,5.691293924644453,5.691293924644453,2.126094323147924,1.9784475100601289,1.9784475100601289,2.214653709063872,2.214653709063872
1992-07-01,3.22835967220348,3.1055066852638014,3.1055066852638014,3.3341337212738025,3.3341337212738025,2.0751474436910224,1.7650092187800839,1.7650092187800839,2.20187447521958,2.20187447521958,5.307381160483381,4.9933688909835645,4.9933688909835645,5.467173390936386,5.467173390936386,2.11305716087298,1.9381593615439248,1.9381593615439248,2.2032128889629607,2.2032128889629607
1992-10-01,3.2339843838737847,3.1736237256938367,3.1736237256938367,3.3196163358111996,3.3196163358111996,2.0657327792490268,1.866688430472547,1.866688430472547,2.213601501695571,2.213601501695571,5.384525378349508,5.086053024616016,5.086053024616016,5.387225227389408,5.387225227389408,2.165953825665232,1.9329630639119115,1.9329630639119115,2.324430717249158,2.324430717249158
1993-01-01,3.127266016846617,2.9707141140939752,2.9707141140939752,3.174389761824378,3.174389761824378,2.1066302721252725,1.820578823390451,1.820578823390451,2.1805120925944084,2.1805120925944084,5.2209290803446855,4.791292937484426,4.791292937484426,5.251837984210936,5.251837984210936,2.095402239424765,1.8818076823496126,1.8818076823496126,2.3946329241646946,2.3946329241646946
1993-04-01,3.133610155036114,3.0182527576258233,3.0182527576258233,3.228912013855027,3.228912013855027,2.075946375097273,1.827104642785764,1.827104642785764,2.1415013066389883,2.1415013066389883,5.147047867351036,4.947867716771196,4.947867716771196,5.316869727198485,5.316869727198485,2.0775366226108978,1.8144809120202487,1.8144809120202487,2.3393984448854517,2.3393984448854517
1993-07-01,2.975475524668432,2.917204656119781,2.917204656119781,3.1847667374360205,3.1847667374360205,2.0083426202831904,1.9269891346070198,1.9269891346070198,2.1188287149160185,2.1188287149160185,4.950889724816083,4.872520176705682,4.872520176705682,5.233067297716808,5.233067297716808,2.0323058685160067,1.8478307624089643,1.8478307624089643,2.363838958087671,2.363838958087671
1993-10-01,2.9765289316313046,2.83652448292435,2.83652448292435,3.168944866835421,3.168944866835421,2.0464778515501774,1.855932591438948,1.855932591438948,2.2051779760700807,2.2051779760700807,4.8830023344745275,4.832461523070252,4.832461523070252,5.342901395651397,5.342901395651397,2.058410487083587,1.9083379955021287,1.9083379955021287,2.393572252123314,2.393572252123314
1994-01-01,2.958738397846501,2.8305329233597605,2.8305329233597605,3.1675453227157595,3.1675453227157595,1.993230015291104,1.85980597897476,1.85980597897476,2.221658272374971,2.221658272374971,4.925464652621661,4.7831993167667015,4.7831993167667015,5.368026162650208,5.368026162650208,2.0520690494408647,1.8261120585888633,1.8261120585888633,2.354172009209877,2.354172009209877
1994-04-01,2.9789579448041397,2.907551035299686,2.907551035299686,3.0842013309970073,3.0842013309970073,1.9732754198031206,1.9301262095159957,1.9301262095159957,2.220131468424607,2.220131468424607,4.936335236983352,4.880826455102807,4.880826455102807,5.26696199565261,5.26696199565261,2.0979651371565,1.90597220835263,1.90597220835263,2.402857171828166,2.402857171828166
1994-07-01,3.009575272341713,2.8392668534852277,2.8392668534852277,3.0425395166075826,3.0425395166075826,1.9950345018543374,1.9135586369511846,1.9135586369511846,2.260655329600762,2.260655329600762,4.974497718840504,4.834301355339565,4.834301355339565,5.213274706020094,5.213274706020094,2.0864212778985056,1.8641683873766774,1.8641683873766774,2.4643603400902583,2.4643603400902583
1994-10-01,2.9725225077636024,2.8979606997585163,2.8979606997585163,3.0791365363754366,3.0791365363754366,2.1009942907757293,1.911626319418919,1.911626319418919,2.2947773252871517,2.2947773252871517,4.998954990534246,4.883047833039613,4.883047833039613,5.344347472240956,5.344347472240956,2.068597111459158,1.891933129312739,1.891933129312739,2.431965823056199,2.431965823056199
1995-01-01,2.913480606452383,2.843117543748429,2.843117543748429,2.9635153818631728,2.9635153818631728,2.0058134002390267,1.8427683210237642,1.8427683210237642,2.26896868445609,2.26896868445609,4.944444474045534,4.744232374005655,4.744232374005655,5.1824492909084725,5.1824492909084725,2.0863829168464236,1.7895449826757475,1.7895449826757475,2.382585699225781,2.382585699225781
1995-04-01,2.8540790931712405,2.7996470619025198,2.7996470619025198,2.974791873747231,2.974791873747231,1.9908090047398763,1.8582144417326039,1.8582144417326039,2.2104449997778737,2.2104449997778737,4.877383113113911,4.769536006308698,4.769536006308698,5.043904943526435,5.043904943526435,2.129663061459492,1.7536376696039757,1.7536376696039757,2.3179571972910322,2.3179571972910322
1995-07-01,2.7664587199832487,2.668627777792826,2.668627777792826,2.9272684977709824,2.9272684977709824,1.969343561397989,1.8406144417050072,1.8406144417050072,2.2189465911582347,2.2189465911582347,4.774186989130165,4.509242219497834,4.509242219497834,4.98632224081884,4.98632224081884,2.089398750766895,1.7313220095576303,1.7313220095576303,2.273323528251726,2.273323528251726
1995-10-01,2.625461479530466,2.60062787435772,2.60062787435772,2.6305834242640476,2.6305834242640476,1.9661369996271174,1.8172715670718016,1.8172715670718016,2.1926409362854526,2.1926409362854526,4.593126180376247,4.425966572276247,4.425966572276247,4.8232243605495,4.8232243605495,2.0978860915427258,1.6664100093987508,1.6664100093987508,2.1636181994225474,2.1636181994225474
1996-01-01,2.54715851861418,2.519929560344206,2.519929560344206,2.6621691640540046,2.6621691640540046,1.9781086754525499,1.865083148339729,1.865083148339729,2.162677973778518,2.162677973778518,4.52526719406673,4.385012708683935,4.385012708683935,4.824847137832522,4.824847137832522,2.071970939269693,1.5993201241444819,1.5993201241444819,2.169059830535788,2.169059830535788
1996-04-01,2.556031008825886,2.5383580996603996,2.5383580996603996,2.688960232978054,2.688960232978054,2.037153949333246,1.8936318375545538,1.8936318375545538,2.199265945393245,2.199265945393245,4.575512048993645,4.441393168071247,4.441393168071247,4.8882261783712995,4.8882261783712995,2.055877242321112,1.5980451745203905,1.5980451745203905,2.1303864721178196,2.1303864721178196
1996-07-01,2.5906893807801965,2.419772025530112,2.419772025530112,2.6424346107294854,2.6424346107294854,2.041259210609578,1.8222191568560282,1.8222191568560282,2.256634714680197,2.256634714680197,4.5849292415180525,4.2419911823861405,4.2419911823861405,4.899069325409682,4.899069325409682,2.0537994457003843,1.5468363501753555,1.5468363501753555,2.1522515690374893,2.1522515690374893
1996-10-01,2.513835225700088,2.410746117031416,2.410746117031416,2.6669495322070134,2.6669495322070134,2.066077071865394,1.8604990377685848,1.8604990377685848,2.266263781003296,2.266263781003296,4.6547906066757765,4.374334263468673,4.374334263468673,4.9332133132103095,4.9332133132103095,1.9813537778085026,1.6366448514489265,1.6366448514489265,2.132858665161231,2.132858665161231
1997-01-01,2.516308346231079,2.4761917066469055,2.4761917066469055,2.584087464066303,2.584087464066303,2.1491926316702803,2.0090510167352176,2.0090510167352176,2.3340547591185135,2.3340547591185135,4.633817312243256,4.525359362966297,4.525359362966297,4.918142223184816,4.918142223184816,1.8582656870118706,1.64707705614626,1.64707705614626,2.18404064456171,2.18404064456171
1997-04-01,2.464962022966954,2.426902343939193,2.426902343939193,2.5579890362199498,2.5579890362199498,2.1623425501588622,2.032782653884234,2.032782653884234,2.3224587844401143,2.3224587844401143,4.627304573125816,4.5211739730254665,4.5211739730254665,4.8804478206600646,4.8804478206600646,1.8665953021089965,1.657613386185098,1.657613386185098,2.156447001998442,2.156447001998442
1997-07-01,2.456507681659818,2.3502063284958212,2.3502063284958212,2.517914151039606,2.517914151039606,2.158323503462906,2.0210608553577485,2.0210608553577485,2.3138623280976813,2.3138623280976813,4.572995128411577,4.477568537017566,4.477568537017566,4.800674733287154,4.800674733287154,1.8273570118759859,1.7346251273245126,1.7346251273245126,2.124524415919316,2.124524415919316
1997-10-01,2.2177357387215886,2.0808242150244385,2.0808242150244385,2.2971035187472477,2.2971035187472477,2.1874424494722473,1.9139543397476146,1.9139543397476146,2.289405198224637,2.289405198224637,4.396193283645666,4.163010264550216,4.163010264550216,4.509169257736042,4.509169257736042,1.733375325565197,1.6193229968325273,1.6193229968325273,2.1140706409329235,2.1140706409329235
1998-01-01,2.213778100939158,2.078732806257824,2.078732806257824,2.302534504705916,2.302534504705916,2.1785456142293,2.0118214878634992,2.0118214878634992,2.3256555905979366,2.3256555905979366,4.296675448936416,4.183349553427128,4.183349553427128,4.54871838886372,4.54871838886372,1.6876411812298742,1.61098348388362,1.61098348388362,2.1168277564471913,2.1168277564471913
1998-04-01,2.154037762324208,2.060903746099055,2.060903746099055,2.2685018152440897,2.2685018152440897,2.040399335018692,2.0385417829424175,2.0385417829424175,2.3281686293537738,2.3281686293537738,4.273830477961911,4.100474227210729,4.100474227210729,4.596670444597864,4.596670444597864,1.6727336496700864,1.5775092111307516,1.5775092111307516,2.0984616229840793,2.0984616229840793
1998-07-01,2.054912833437913,2.0222908839549625,2.0222908839549625,2.1387079439804952,2.1387079439804952,2.0822418511887344,2.0058692152397346,2.0058692152397346,2.2979083495491026,2.2979083495491026,4.104532735143697,4.060782048677648,4.060782048677648,4.436616293529598,4.436616293529598,1.6954502354611167,1.5760419422078482,1.5760419422078482,2.1039678739420005,2.1039678739420005
1998-10-01,2.0676186603960156,1.863630050449115,1.863630050449115,2.178083524339638,2.178083524339638,2.062357790734819,2.0520803863743855,2.0520803863743855,2.32738079779482,2.32738079779482,4.147291575215299,3.9157104368235007,3.9157104368235007,4.4703912677997995,4.4703912677997995,1.7209838637079704,1.5411877392055149,1.5411877392055149,2.1294295693319754,2.1294295693319754
1999-01-01,1.9720827173641284,1.850298584046483,1.850298584046483,2.083948052512989,2.083948052512989,2.117624752653089,2.0941401846015215,2.0941401846015215,2.326825877812219,2.326825877812219,4.17808823711451,3.952807360618107,3.952807360618107,4.3078122193884045,4.3078122193884045,1.716954046914906,1.5403419796203144,1.5403419796203144,2.2053521669105107,2.2053521669105107
1999-04-01,2.042591898581279,1.8144314266046253,1.8144314266046253,2.135749273822854,2.135749273822854,2.159311315715362,2.1270517979906445,2.1270517979906445,2.3272933328426078,2.3272933328426078,4.295060589538216,3.94148322459527,3.94148322459527,4.418625171796602,4.418625171796602,1.6719971865003518,1.601685533069584,1.601685533069584,2.1014681969244267,2.1014681969244267
1999-07-01,2.0566237343381073,1.8824640217480864,1.8824640217480864,2.1037466427646367,2.1037466427646367,2.23420542548378,2.066317257410652,2.066317257410652,2.3152080769671883,2.3152080769671883,4.337952068248416,3.9487812791587382,3.9487812791587382,4.3694752359023425,4.3694752359023425,1.6965435651853964,1.6094847622783177,1.6094847622783177,2.1665149026464117,2.1665149026464117
1999-10-01,1.9673015675540977,1.9377256655620125,1.9377256655620125,2.0431225318580877,2.0431225318580877,2.2412581878818654,2.048233067713876,2.048233067713876,2.444644391400107,2.444644391400107,4.2843807197399535,4.011955717249535,4.011955717249535,4.411945958954204,4.411945958954204,1.6999209564048707,1.6537602933273015,1.6537602933273015,2.083438433139356,2.083438433139356
2000-01-01,1.9848796996752422,1.9316764191197062,1.9316764191197062,2.137920746283071,2.137920746283071,2.20371453205704,2.062606301839211,2.062606301839211,2.4002014966986036,2.4002014966986036,4.188594231732282,4.031099154674214,4.031099154674214,4.538122242981675,4.538122242981675,1.6709825773056992,1.6373916084552236,1.6373916084552236,2.059291625588245,2.059291625588245
2000-04-01,1.955181359224663,1.9365887555601788,1.9365887555601788,1.9843464683715535,1.9843464683715535,2.256274909647599,2.073950281931905,2.073950281931905,2.3594547322015673,2.3594547322015673,4.197298780388314,4.058296750303459,4.058296750303459,4.336413530414138,4.336413530414138,1.6303191096107084,1.6028621757529484,1.6028621757529484,2.000773700944232,2.000773700944232
2000-07-01,2.0360157277586293,1.8908434237641227,1.8908434237641227,2.085951494188207,2.085951494188207,2.1802737752245,2.1420095213287254,2.1420095213287254,2.362391344566594,2.362391344566594,4.230985452275732,4.071117198988622,4.071117198988622,4.437441091186802,4.437441091186802,1.639883794550203,1.5456544063938338,1.5456544063938338,1.9692987681322216,1.9692987681322216
2000-10-01,2.0207078272503223,1.8466211055807393,1.8466211055807393,2.086688230469217,2.086688230469217,2.139547689826003,2.071884166555658,2.071884166555658,2.3470970155697084,2.3470970155697084,4.1828798821141095,3.9185052721363975,3.9185052721363975,4.396697057379938,4.396697057379938,1.6133294122460746,1.5415567063722617,1.5415567063722617,1.8911922134052124,1.8911922134052124
2001-01-01,1.9665134279883578,1.9052928930655857,1.9052928930655857,2.137036645832244,2.137036645832244,2.176586599752383,2.1282656655465972,2.1282656655465972,2.3358414581741416,2.3358414581741416,4.241134351239728,4.116794449127401,4.116794449127401,4.3004170996594855,4.3004170996594855,1.5853867027748387,1.5680123506425718,1.5680123506425718,1.8375028376404654,1.8375028376404654
2001-04-01,1.987047276948858,1.9440593841301839,1.9440593841301839,2.0995264498849426,2.0995264498849426,2.1905566499561044,2.1086662488777232,2.1086662488777232,2.4134360660835963,2.4134360660835963,4.208192698762666,4.085344422600167,4.085344422600167,4.35749545021378,4.35749545021378,1.6569596899559798,1.555832912099548,1.555832912099548,1.8677215447312367,1.8677215447312367
2001-07-01,2.0762823291890053,1.9317461386136416,1.9317461386136416,2.218944087742233,2.218944087742233,2.1398770623806933,2.0783764185988898,2.0783764185988898,2.316913258091141,2.316913258091141,4.235133738963604,4.147417507346251,4.147417507346251,4.358821150122926,4.358821150122926,1.666084392452339,1.5154096049837364,1.5154096049837364,1.776511675649477,1.776511675649477
2001-10-01,2.1057141922727425,1.969826824655635,1.969826824655635,2.149824868869149,2.149824868869149,2.156377262586247,2.003383346118368,2.003383346118368,2.3279264138675306,2.3279264138675306,4.262091454858989,4.153208214987517,4.153208214987517,4.316218714909693,4.316218714909693,1.6522818383828368,1.5928459701497144,1.5928459701497144,1.7644127510853742,1.7644127510853742
2002-01-01,2.141348113397702,2.035935274986645,2.035935274986645,2.314622184277101,2.314622184277101,2.108787198587882,2.0022840598698557,2.0022840598698557,2.3450468735768557,2.3450468735768557,4.316906244146956,4.24347860768906,4.24347860768906,4.426823335664429,4.426823335664429,1.6675345365731158,1.6197334727214439,1.6197334727214439,1.8184586817325874,1.8184586817325874
2002-04-01,2.1401023171660456,2.0416447865460583,2.0416447865460583,2.2578727156236518,2.2578727156236518,2.0703304101369566,2.0298829255955058,2.0298829255955058,2.339462575517531,2.339462575517531,4.3094001015214385,4.094784632617299,4.094784632617299,4.479564892683577,4.479564892683577,1.6728397579074334,1.6054320939404643,1.6054320939404643,1.8873922357529571,1.8873922357529571
2002-07-01,2.1028278825473166,1.9685464625524915,1.9685464625524915,2.289460038790102,2.289460038790102,2.158477025913103,2.0137489067203416,2.0137489067203416,2.4096691396056857,2.4096691396056857,4.34504744290196,4.116576789267658,4.116576789267658,4.447937064703205,4.447937064703205,1.6358160892249913,1.5972749368924957,1.5972749368924957,1.8635045730080446,1.8635045730080446
2002-10-01,2.2126593202104394,2.037372301385769,2.037372301385769,2.2822872195796107,2.2822872195796107,2.1919843979635636,2.051883549146357,2.051883549146357,2.488682340467337,2.488682340467337,4.404643718174003,4.103004550911788,4.103004550911788,4.526054641853106,4.526054641853106,1.578889073014038,1.5213500193811038,1.5213500193811038,1.8725404434301551,1.8725404434301551
2003-01-01,2.1066016145201716,2.053185487669345,2.053185487669345,2.2335637047147103,2.2335637047147103,2.1690405948858893,2.0575612883597993,2.0575612883597993,2.5349483473833505,2.5349483473833505,4.381080659642773,4.145492064599465,4.145492064599465,4.5881338350526955,4.5881338350526955,1.6014118052375572,1.4839341052745638,1.4839341052745638,1.8516883034318792,1.8516883034318792
2003-04-01,2.1326970062121773,2.0722504419870456,2.0722504419870456,2.207867583867237,2.207867583867237,2.1551156546703902,2.0060998742177776,2.0060998742177776,2.461877451528335,2.461877451528335,4.356710997642325,4.138796880429955,4.138796880429955,4.556783342190166,4.556783342190166,1.5425687118818159,1.4941207661510225,1.4941207661510225,1.919237056366073,1.919237056366073
2003-07-01,2.0627722014498633,2.010385107599413,2.010385107599413,2.1367099103405405,2.1367099103405405,2.1594253232224423,2.05074320981629,2.05074320981629,2.529160059006595,2.529160059006595,4.2563853519724955,4.113515411266153,4.113515411266153,4.608925304039413,4.608925304039413,1.5829555311735177,1.4236243250510274,1.4236243250510274,1.8239070022336548,1.8239070022336548
2003-10-01,2.046787309899952,1.984379716056766,1.984379716056766,2.1317317482896923,2.1317317482896923,2.104874559053133,2.045444147077303,2.045444147077303,2.5494442359473806,2.5494442359473806,4.163888974194011,4.031634113116263,4.031634113116263,4.681175984237073,4.681175984237073,1.532943879887829,1.4645454238176767,1.4645454238176767,1.8737573224754602,1.8737573224754602
2004-01-01,2.018611481770004,1.9151070522568743,1.9151070522568743,2.116603646777252,2.116603646777252,2.11290241144889,1.9853221503603606,1.9853221503603606,2.542979542601935,2.542979542601935,4.111971076499204,3.900429202617235,3.900429202617235,4.59022489408569,4.59022489408569,1.5078033397254689,1.415383842180908,1.415383842180908,1.8572469759918173,1.8572469759918173
2004-04-01,2.0433176240501254,1.895788901209058,1.895788901209058,2.1204909161419225,2.1204909161419225,2.1073872026850125,1.9586777375290212,1.9586777375290212,2.5290659725823548,2.5290659725823548,4.1348475440519,3.8544666387380793,3.8544666387380793,4.572383596632481,4.572383596632481,1.5011837343762824,1.4006135223204492,1.4006135223204492,1.87364553144767,1.87364553144767
2004-07-01,2.022834574475221,1.9359910547629235,1.9359910547629235,2.0992400139330307,2.0992400139330307,2.1950514756008963,1.911434961953432,1.911434961953432,2.363358305431457,2.363358305431457,4.263604008338999,3.886159948892778,3.886159948892778,4.3861928799066785,4.3861928799066785,1.4539726772695103,1.4003502003838617,1.4003502003838617,1.7837737788652341,1.7837737788652341
2004-10-01,1.9898099917005558,1.9300740475097198,1.9300740475097198,2.0201525702261582,2.0201525702261582,2.133395425069715,1.8772526809428018,1.8772526809428018,2.3300538000188586,2.3300538000188586,4.151778137334915,3.8974052511689603,3.8974052511689603,4.291532274186467,4.291532274186467,1.4564778380983938,1.3843225714956755,1.3843225714956755,1.7280281891348535,1.7280281891348535
2005-01-01,1.9979090906538644,1.9320558513153834,1.9320558513153834,2.0773595489609784,2.0773595489609784,2.1406930103300903,1.8885580977162182,1.8885580977162182,2.226971422341414,2.226971422341414,4.121568176555368,3.922155681565374,3.922155681565374,4.280393179466552,4.280393179466552,1.4534111404438252,1.3404038507988603,1.3404038507988603,1.756865218333856,1.756865218333856
2005-04-01,1.975649619892172,1.934988493581008,1.934988493581008,2.1184494154219657,2.1184494154219657,1.996600681956882,1.8363033130816655,1.8363033130816655,2.277706662095991,2.277706662095991,4.005574234562418,3.9396375144660154,3.9396375144660154,4.253356281988163,4.253356281988163,1.4914754743970293,1.2433510636675338,1.2433510636675338,1.751188002433923,1.751188002433923
2005-07-01,1.9100720392052735,1.8411977395544183,1.8411977395544183,2.0197788244208286,2.0197788244208286,1.9411237424842636,1.8298119332408247,1.8298119332408247,2.209355845422416,2.209355845422416,3.8531461811328587,3.823085659291871,3.823085659291871,4.119427884627689,4.119427884627689,1.4626592112589962,1.244999292780521,1.244999292780521,1.642690417580528,1.642690417580528
2005-10-01,1.9246426824428622,1.8640729440947224,1.8640729440947224,1.9604482743166591,1.9604482743166591,1.9679317804405916,1.8296905682244475,1.8296905682244475,2.2137687772986503,2.2137687772986503,3.928380054757251,3.75433325066731,3.75433325066731,4.077841721393373,4.077841721393373,1.43894253911438,1.195703758529187,1.195703758529187,1.6057282215961586,1.6057282215961586
2006-01-01,1.878954477011357,1.848343661366382,1.848343661366382,1.9844039734932502,1.9844039734932502,1.9358212797173684,1.8069856281344736,1.8069856281344736,2.1429946541591693,2.1429946541591693,3.9089418245916567,3.6859401051458307,3.6859401051458307,3.9995033682292935,3.9995033682292935,1.3520264106390654,1.1666369310018352,1.1666369310018352,1.5669055385186552,1.5669055385186552
2006-04-01,1.9756403579287956,1.8931871219804683,1.8931871219804683,2.044321689011926,2.044321689011926,1.9073451298674629,1.7496391448468374,1.7496391448468374,2.1172470910865675,2.1172470910865675,3.857726489911843,3.769577830826983,3.769577830826983,4.089783247588523,4.089783247588523,1.309902823374547,1.1503068973205093,1.1503068973205093,1.6219757030940756,1.6219757030940756
2006-07-01,1.9910351917604772,1.7802332713505364,1.7802332713505364,2.041876150947518,2.041876150947518,1.8680314101715068,1.6565202229572684,1.6565202229572684,2.1028513433190086,2.1028513433190086,3.8117639454101755,3.5734557525637083,3.5734557525637083,4.0946275443654425,4.0946275443654425,1.3811673808507108,1.1798160437867988,1.1798160437867988,1.6297273690157068,1.6297273690157068
2006-10-01,1.945987164667176,1.7502715393526027,1.7502715393526027,1.9967925569095044,1.9967925569095044,1.9169146703392006,1.7251683276523757,1.7251683276523757,2.0959957453993403,2.0959957453993403,3.76532582389301,3.6202889671695346,3.6202889671695346,4.041982910066516,4.041982910066516,1.455931556487343,1.2105980511731802,1.2105980511731802,1.6207958848313724,1.6207958848313724
2007-01-01,1.8947946064494494,1.7366010576463693,1.7366010576463693,2.0958478130318032,2.0958478130318032,1.9334190385403418,1.656212364829227,1.656212364829227,2.029451381274908,2.029451381274908,3.670020096186711,3.5356788289887384,3.5356788289887384,4.051150521531248,4.051150521531248,1.4316835644027792,1.1698207197611794,1.1698207197611794,1.55089324881441,1.55089324881441
2007-04-01,2.0012109056265093,1.9756220778797886,1.9756220778797886,2.0755514558555843,2.0755514558555843,1.9222007198629514,1.6347782025173248,1.6347782025173248,2.02068266376846,2.02068266376846,3.9184183677041853,3.6886381139478104,3.6886381139478104,4.0877529648738165,4.0877529648738165,1.3847715164262095,1.216502295135525,1.216502295135525,1.4876994230882792,1.4876994230882792
2007-07-01,2.1144147099326567,1.8054194633301615,1.8054194633301615,2.227270415451532,2.227270415451532,1.8279475028791217,1.6928781810007314,1.6928781810007314,2.167095325645054,2.167095325645054,3.8303936292802048,3.501054468335132,3.501054468335132,4.3943657410965855,4.3943657410965855,1.4479127716210085,1.206769456528214,1.206769456528214,1.4784826003962654,1.4784826003962654
2007-10-01,2.1093348975480755,2.013724678438599,2.013724678438599,2.34974897997743,2.34974897997743,1.7102386822110491,1.5444564560520182,1.5444564560520182,2.1602738413214766,2.1602738413214766,3.8597849681761627,3.626400510521221,3.626400510521221,4.510022821298906,4.510022821298906,1.39433254818688,1.1994934512719202,1.1994934512719202,1.4619569151361875,1.4619569151361875
2008-01-01,2.221543809962124,2.0971524561288715,2.0971524561288715,2.5237766186410013,2.5237766186410013,1.786972969874592,1.5020476225946096,1.5020476225946096,2.168720649043952,2.168720649043952,4.004679338997024,3.599200078723481,3.599200078723481,4.692497267684953,4.692497267684953,1.3802478983140074,1.1366592255269765,1.1366592255269765,1.4764364158778276,1.4764364158778276
2008-04-01,2.3431896626208255,2.2547642811357473,2.2547642811357473,2.381785620573289,2.381785620573289,1.6971878832361977,1.439126154634986,1.439126154634986,2.1275037220951245,2.1275037220951245,4.040377545857023,3.7306492368387647,3.7306492368387647,4.5092893426684135,4.5092893426684135,1.2892202472352634,1.0391664491882577,1.0391664491882577,1.4586288431852514,1.4586288431852514
2008-07-01,2.281881555555902,2.221508435347154,2.221508435347154,2.3603864633706646,2.3603864633706646,1.670977406806385,1.3894160578930945,1.3894160578930945,2.116483870466921,2.116483870466921,3.8924858421535387,3.6684584722800566,3.6684584722800566,4.398365426022822,4.398365426022822,1.2888481085667856,1.001749530107962,1.001749530107962,1.4709811450699848,1.4709811450699848
2008-10-01,2.2330644420162202,2.2060826171921732,2.2060826171921732,2.2818328028549124,2.2818328028549124,1.6168978870804964,1.326413784019342,1.326413784019342,2.126015045135043,2.126015045135043,3.898730689935409,3.559478226035562,3.559478226035562,4.332097662327216,4.332097662327216,1.2545749705470222,0.9582031988964366,0.9582031988964366,1.4146595180466797,1.4146595180466797
2009-01-01,2.3182181672675672,2.232260604528101,2.232260604528101,2.4202257742680287,2.4202257742680287,1.5904925536532268,1.2184299031341785,1.2184299031341785,2.1848200524538206,2.1848200524538206,3.9534810379930723,3.4506905076622796,3.4506905076622796,4.5399524606431765,4.5399524606431765,1.2174741646455056,0.9065262391861271,0.9065262391861271,1.4333854838767865,1.4333854838767865
2009-04-01,2.321992166461976,2.266957515191467,2.266957515191467,2.4734351197063154,2.4734351197063154,1.5962601035390347,1.259216605630875,1.259216605630875,2.1956172060812493,2.1956172060812493,3.9159423469198487,3.5727385841346377,3.5727385841346377,4.669052325787565,4.669052325787565,1.1916849453982168,0.8726270936577177,0.8726270936577177,1.5713307534430858,1.5713307534430858
2009-07-01,2.2865120429645716,2.1965744201116872,2.1965744201116872,2.639872579956825,2.639872579956825,1.6122305295718127,1.2480119347097138,1.2480119347097138,2.127265362902781,2.127265362902781,3.8180772865621835,3.5345239776742856,3.5345239776742856,4.7671379428596055,4.7671379428596055,1.245796920456203,0.9193021685573414,0.9193021685573414,1.573850209359042,1.573850209359042
2009-10-01,2.3668215198174183,2.1028590820451436,2.1028590820451436,2.56511839599656,2.56511839599656,1.5884599906059558,1.1710535664509518,1.1710535664509518,2.0670375100541465,2.0670375100541465,3.698199774037691,3.53787508626837,3.53787508626837,4.6321559060507065,4.6321559060507065,1.22745541787669,0.9115512933795299,0.9115512933795299,1.5247045261873797,1.5247045261873797
2010-01-01,2.3081289527272504,2.044207089772229,2.044207089772229,2.4706787719888386,2.4706787719888386,1.566623996249342,1.234877719007782,1.234877719007782,1.990547567965859,1.990547567965859,3.6928604164104963,3.446763574158581,3.446763574158581,4.432478635438152,4.432478635438152,1.1530855922897976,0.8974988466728939,0.8974988466728939,1.5564956288217722,1.5564956288217722
2010-04-01,2.218065491933997,2.0961940387435547,2.0961940387435547,2.2661835682593314,2.2661835682593314,1.4328151243720917,1.2150947610550114,1.2150947610550114,1.9827059944381649,1.9827059944381649,3.669059265938256,3.3524098086278316,3.3524098086278316,4.24444052919199,4.24444052919199,1.120616846401448,0.8226184325640797,0.8226184325640797,1.4753141644892216,1.4753141644892216
2010-07-01,2.21573402540885,2.0450586352735853,2.0450586352735853,2.2837483244115044,2.2837483244115044,1.4735938825097505,1.0545692006369944,1.0545692006369944,1.9143596522482191,1.9143596522482191,3.570181867038902,3.2703032260458444,3.2703032260458444,4.198107976659724,4.198107976659724,1.124168364705127,0.7706617766621112,0.7706617766621112,1.5274558096959026,1.5274558096959026
2010-10-01,2.126748557504455,2.061336023543111,2.061336023543111,2.2777056230973978,2.2777056230973978,1.348519843119601,1.0328865500463826,1.0328865500463826,1.938753665652089,1.938753665652089,3.4752684006240564,3.2495199896160134,3.2495199896160134,4.216459288749487,4.216459288749487,1.1557076763619099,0.79574298614452,0.79574298614452,1.6529945840890035,1.6529945840890035
2011-01-01,2.248192133692078,2.133092999644824,2.133092999644824,2.309179330287143,2.309179330287143,1.401111261528148,0.9381948653307369,0.9381948653307369,1.9570825562860024,1.9570825562860024,3.644409897262374,3.2253398267015565,3.2253398267015565,4.264275665927361,4.264275665927361,1.2365130888947582,0.8455574993530305,0.8455574993530305,1.6620598393334312,1.6620598393334312
2011-04-01,2.3123254849613053,2.200044441338837,2.200044441338837,2.3720837568151225,2.3720837568151225,1.313171760683396,0.8802249499863996,0.8802249499863996,1.9229153622639419,1.9229153622639419,3.6292968761761317,3.0837707496559843,3.0837707496559843,4.294999119079065,4.294999119079065,1.1750885561598048,0.8680626320994025,0.8680626320994025,1.5810530547875672,1.5810530547875672
2011-07-01,2.2615736285847734,2.129156016537499,2.129156016537499,2.3400294277986835,2.3400294277986835,1.297701165118082,0.8063731192557567,0.8063731192557567,1.8729699950497907,1.8729699950497907,3.5592747937028557,2.9355291357932556,2.9355291357932556,4.212999422848474,4.212999422848474,1.191159163132235,0.8989703463195957,0.8989703463195957,1.473284479597306,1.473284479597306
2011-10-01,2.1526538704551377,2.088772977473396,2.088772977473396,2.2056213519075456,2.2056213519075456,1.2771542355469478,0.7875239705500442,0.7875239705500442,1.8875624736428522,1.8875624736428522,3.424110531575158,2.986575299587817,2.986575299587817,4.093183825550398,4.093183825550398,1.1355973308364746,0.8389153777879791,0.8389153777879791,1.4360440266716867,1.4360440266716867
2012-01-01,2.1864059560485436,2.132584948762471,2.132584948762471,2.33000023953909,2.33000023953909,1.1075009004615608,0.8357760845367507,0.8357760845367507,1.9569815776035961,1.9569815776035961,3.2400858492240316,3.1657763240758405,3.1657763240758405,4.14338753365214,4.14338753365214,1.1651179563314988,0.7639976683342946,0.7639976683342946,1.4040816244386296,1.4040816244386296
2012-04-01,2.2905474713439355,2.1327151569400593,2.1327151569400593,2.372998293428367,2.372998293428367,1.062870046675791,0.8952319736465251,0.8952319736465251,1.8794946838834838,1.8794946838834838,3.2781773635122917,3.1955852036158503,3.1955852036158503,4.096618424505683,4.096618424505683,1.1741853777143236,0.7759090196862445,0.7759090196862445,1.337957016390465,1.337957016390465
2012-07-01,2.226358704540206,2.0834005161412636,2.0834005161412636,2.3663666433885764,2.3663666433885764,0.9799915318648689,0.8176728397335218,0.8176728397335218,1.8407757069221473,1.8407757069221473,3.1230165151082714,2.956469058278238,2.956469058278238,4.207142350310724,4.207142350310724,1.1737769192467495,0.714730995522004,0.714730995522004,1.3484866287669428,1.3484866287669428
2012-10-01,2.134478863464527,2.060829452597784,2.060829452597784,2.1663956496325496,2.1663956496325496,0.9719636175045813,0.7892492000346009,0.7892492000346009,1.7986481553137725,1.7986481553137725,3.138359267137131,2.93192524492125,2.93192524492125,3.9331270187782996,3.9331270187782996,1.0392089856243645,0.7006993338219161,0.7006993338219161,1.3321135455505404,1.3321135455505404
2013-01-01,2.0974692360711327,1.963837490550576,1.963837490550576,2.211719450717999,2.211719450717999,1.0081480028895233,0.6881616985993476,0.6881616985993476,1.8581534468109595,1.8581534468109595,3.171964568990224,2.745329621484112,2.745329621484112,3.955622682882092,3.955622682882092,0.9705737122158521,0.7277371442070352,0.7277371442070352,1.2783347385142492,1.2783347385142492
2013-04-01,2.0265858855588994,1.9028724622733004,1.9028724622733004,2.0683150250716573,2.0683150250716573,1.0275163830636944,0.6657645516683354,0.6657645516683354,1.9851233781494246,1.9851233781494246,3.054102268622594,2.6929466025282784,2.6929466025282784,4.053438403221082,4.053438403221082,0.8547687979272839,0.7843853653527249,0.7843853653527249,1.2733406669005942,1.2733406669005942
2013-07-01,2.039200752224109,1.9935189270850395,1.9935189270850395,2.0979630671854816,2.0979630671854816,0.99258763652947,0.6933258258494174,0.6933258258494174,1.8090110426090038,1.8090110426090038,2.9861065636145097,2.7325265780735264,2.7325265780735264,3.9069741097944855,3.9069741097944855,0.8543538224874949,0.6849722494209143,0.6849722494209143,1.3274592141314603,1.3274592141314603
2013-10-01,2.083601764783384,1.9237678607748094,1.9237678607748094,2.1480720086019454,2.1480720086019454,1.0012753767619165,0.6965363683758914,0.6965363683758914,1.773255382850771,1.773255382850771,2.925043237536726,2.7801381331592756,2.7801381331592756,3.9062030507241876,3.9062030507241876,0.8134713162621429,0.6618623766890366,0.6618623766890366,1.3123976901103258,1.3123976901103258
2014-01-01,2.0642711960155062,1.9690605051047618,1.9690605051047618,2.1464215138015335,2.1464215138015335,0.9688994801268735,0.6482630746791381,0.6482630746791381,1.764003461108446,1.764003461108446,2.937959985231635,2.7491124627787236,2.7491124627787236,3.9104249749099793,3.9104249749099793,0.7866976616711483,0.6721045896084306,0.6721045896084306,1.3689529123644806,1.3689529123644806
2014-04-01,2.1078350977196423,1.9257216930322019,1.9257216930322019,2.1482313841874716,2.1482313841874716,0.9737968301799651,0.6410513792673883,0.6410513792673883,1.7938148104114149,1.7938148104114149,2.955410604180729,2.779331435205702,2.779331435205702,3.9420461945988867,3.9420461945988867,0.7632396824893344,0.6376886880704371,0.6376886880704371,1.3348471272001152,1.3348471272001152
2014-07-01,2.167547023593518,1.892985074153631,1.892985074153631,2.2724221476797974,2.2724221476797974,0.8953697357356637,0.666885556197595,0.666885556197595,1.7098207578964002,1.7098207578964002,2.920527040668696,2.8088617551182526,2.8088617551182526,3.9822429055761974,3.9822429055761974,0.7963153635160626,0.5870359413029204,0.5870359413029204,1.2776238623356702,1.2776238623356702
2014-10-01,2.0817789455951514,2.034037881772905,2.034037881772905,2.2043653422527103,2.2043653422527103,0.9046361486219583,0.6584232623895936,0.6584232623895936,1.5527806829046327,1.5527806829046327,3.0150034978971076,2.7466817255553946,2.7466817255553946,3.634559628499784,3.634559628499784,0.7570978973390464,0.5865125494576557,0.5865125494576557,1.2548969730636166,1.2548969730636166
2015-01-01,2.1531455592524624,2.1123545197382416,2.1123545197382416,2.250491463183758,2.250491463183758,0.9674612076344781,0.6521746628915372,0.6521746628915372,1.5507436218171382,1.5507436218171382,3.1272213154602166,2.8053202221439997,2.8053202221439997,3.7339777483543584,3.7339777483543584,0.792848321255667,0.5745618107521935,0.5745618107521935,1.242080054424748,1.242080054424748
2015-04-01,2.2176078587433983,2.12495048422485,2.12495048422485,2.381742322914807,2.381742322914807,0.8789796645334458,0.6037628907254647,0.6037628907254647,1.604410531818281,1.604410531818281,3.1150472531729467,2.801714894959708,2.801714894959708,3.986152854733088,3.986152854733088,0.7718856609463121,0.5211080079050525,0.5211080079050525,1.2510432971943533,1.2510432971943533
2015-07-01,2.2146145994096695,2.0711711944920936,2.0711711944920936,2.2558712812170905,2.2558712812170905,0.8134155259744197,0.6322332447688653,0.6322332447688653,1.5750816085557968,1.5750816085557968,3.0495035062319764,2.703404439260959,2.703404439260959,3.8309528897728873,3.8309528897728873,0.7752584090861684,0.47224946161741316,0.47224946161741316,1.0929434376194687,1.0929434376194687
2015-10-01,2.07309140749893,2.022513829196553,2.022513829196553,2.290490347021994,2.290490347021994,0.8272868743357595,0.6963486155376062,0.6963486155376062,1.5295791176264986,1.5295791176264986,2.9003782818346897,2.7188624447341594,2.7188624447341594,3.8200694646484923,3.8200694646484923,0.8338152315330456,0.4244490384774066,0.4244490384774066,1.0150221983397367,1.0150221983397367
2016-01-01,2.072721316298627,1.9088524753487717,1.9088524753487717,2.2631259815977742,2.2631259815977742,0.8018126683100507,0.6962869285811413,0.6962869285811413,1.484020109012016,1.484020109012016,2.7690082448797684,2.692263662552236,2.692263662552236,3.74714609060979,3.74714609060979,0.7555626015514969,0.4430070854362654,0.4430070854362654,1.060100744473885,1.060100744473885
2016-04-01,2.135089151045504,2.1314603310050657,2.1314603310050657,2.3290142025375307,2.3290142025375307,0.8276829647637364,0.5813602195918764,0.5813602195918764,1.4273577188327038,1.4273577188327038,2.974754839811649,2.7146670463283837,2.7146670463283837,3.7563719213702345,3.7563719213702345,0.7495971559659078,0.42941140203270994,0.42941140203270994,1.073008309793548,1.073008309793548
2016-07-01,2.1750836557325526,2.083559779423797,2.083559779423797,2.219683829550726,2.219683829550726,0.726262824307785,0.528920715739244,0.528920715739244,1.4181259927890961,1.4181259927890961,2.8611750322485654,2.734526971064648,2.734526971064648,3.6378098223398223,3.6378098223398223,0.7753315005882281,0.33927096713129445,0.33927096713129445,1.0155046438874147,1.0155046438874147
2016-10-01,2.2194050285738833,2.114897749663131,2.114897749663131,2.2901888036821445,2.2901888036821445,0.7472377211242214,0.5102998481518063,0.5102998481518063,1.3779343050568804,1.3779343050568804,2.9666427496981047,2.739757843112197,2.739757843112197,3.6611304378895957,3.6611304378895957,0.7793197717173572,0.3017755595443827,0.3017755595443827,0.9938393527914696,0.9938393527914696
2017-01-01,2.1827766926740115,2.0951966411288145,2.0951966411288145,2.282265322782337,2.282265322782337,0.849243548766221,0.5098260867642092,0.5098260867642092,1.195002475870333,1.195002475870333,3.023531091607041,2.6747564327009847,2.6747564327009847,3.47726779865267,3.47726779865267,0.7277646609522032,0.3280358897890251,0.3280358897890251,1.0379798448655024,1.0379798448655024
2017-04-01,2.2058397279642015,2.162580149027125,2.162580149027125,2.27416197586048,2.27416197586048,0.8252822939833551,0.5757949964437014,0.5757949964437014,1.1466691176451158,1.1466691176451158,3.0418235978983903,2.7735269762040016,2.7735269762040016,3.309249266672241,3.309249266672241,0.6818601642326432,0.43150344137647645,0.43150344137647645,1.0029006278527883,1.0029006278527883
2017-07-01,2.131104465716653,1.9910737545681354,1.9910737545681354,2.2226425380753763,2.2226425380753763,0.8001234204550107,0.5366552625908501,0.5366552625908501,1.0529814786849256,1.0529814786849256,2.8449418491425673,2.5277290171589852,2.5277290171589852,3.275624016760302,3.275624016760302,0.6709040215977867,0.5103507492411755,0.5103507492411755,1.0813628267923636,1.0813628267923636
2017-10-01,2.1640352460739884,1.974742588476377,1.974742588476377,2.2898227588046045,2.2898227588046045,0.6271136546485815,0.5673719965299937,0.5673719965299937,0.9729315699546157,0.9729315699546157,2.786637890797093,2.5421145850063707,2.5421145850063707,3.151572775017949,3.151572775017949,0.7203749474298357,0.5128002607393213,0.5128002607393213,1.1048202683893573,1.1048202683893573
2018-01-01,2.1065678438664532,1.930284118264227,1.930284118264227,2.127569307898216,2.127569307898216,0.7105073559833036,0.6512834982144117,0.6512834982144117,0.9907567124303227,0.9907567124303227,2.8170751998497567,2.5957245389900936,2.5957245389900936,3.065107756688965,3.065107756688965,0.7077196477356225,0.5176279005595227,0.5176279005595227,1.036674294562751,1.036674294562751
2018-04-01,2.03333079454327,1.9927119066190362,1.9927119066190362,2.0895390622979795,2.0895390622979795,0.719710101950696,0.6353291124065769,0.6353291124065769,0.8655900796379297,0.8655900796379297,2.8021283563379837,2.6316976759702095,2.6316976759702095,2.8945940311771476,2.8945940311771476,0.6665036711050473,0.4639007911382181,0.4639007911382181,0.9325329553050498,0.9325329553050498
2018-07-01,2.1489287958989993,1.9698082237700467,1.9698082237700467,2.181759280153515,2.181759280153515,0.6406006658205978,0.581701381590491,0.581701381590491,0.971960417561023,0.971960417561023,2.7373978808257955,2.600281745283893,2.600281745283893,3.1442972528386592,3.1442972528386592,0.7248332052110827,0.35162364152997505,0.35162364152997505,0.9446649401964585,0.9446649401964585
2018-10-01,2.1090365185337347,1.9819300087765876,1.9819300087765876,2.22735124943934,2.22735124943934,0.6611979135898657,0.6044433007395215,0.6044433007395215,0.991985155832427,0.991985155832427,2.8740306221311522,2.586373309516109,2.586373309516109,3.0779528063429744,3.0779528063429744,0.7282678539986728,0.3258033635077239,0.3258033635077239,0.91067204217774,0.91067204217774
2019-01-01,2.0687380233469694,2.016560471460108,2.016560471460108,2.1152078456524404,2.1152078456524404,0.6372214802276492,0.5746425910143995,0.5746425910143995,0.9967925043720434,0.9967925043720434,2.750436951759327,2.6124742271648467,2.6124742271648467,3.065530527719013,3.065530527719013,0.7626557555470879,0.340683191833608,0.340683191833608,0.8853062933606249,0.8853062933606249
2019-04-01,2.031409505553793,1.9831294360595184,1.9831294360595184,2.294716313950444,2.294716313950444,0.6892752855978189,0.44801596157571355,0.44801596157571355,0.9801330459871378,0.9801330459871378,2.6961894623396643,2.516021440980467,2.516021440980467,3.2748493599375816,3.2748493599375816,0.7985718969822314,0.3913881340304819,0.3913881340304819,0.8588749148238226,0.8588749148238226
2019-07-01,2.072099584785923,1.9343723947649858,1.9343723947649858,2.1652718836701124,2.1652718836701124,0.6916655377892779,0.4543082020136568,0.4543082020136568,0.9126811167709808,0.9126811167709808,2.7671590576787692,2.444384006851721,2.444384006851721,3.074624043563981,3.074624043563981,0.7530099390635199,0.3424609826315344,0.3424609826315344,0.8791534556948826,0.8791534556948826
2019-10-01,2.0671979009292722,2.000143463775417,2.000143463775417,2.1243502533718712,2.1243502533718712,0.578677853045861,0.5126685367894747,0.5126685367894747,0.787787970967865,0.787787970967865,2.645875753975133,2.5611946361017504,2.5611946361017504,2.8611974853822186,2.8611974853822186,0.7142494417817757,0.3281727392362732,0.3281727392362732,0.9086027593672125,0.9086027593672125
2020-01-01,2.0132393118546235,1.977045694527251,1.977045694527251,2.083028794516232,2.083028794516232,0.5402315666167296,0.5261307874932423,0.5261307874932423,0.7394354810173182,0.7394354810173182,2.539370099347866,2.5172772611439806,2.5172772611439806,2.8224097856432517,2.8224097856432517,0.7118624929133253,0.381448097218968,0.381448097218968,0.9434470212456217,0.9434470212456217
2020-04-01,1.9297753443295418,1.8445289365202784,1.8445289365202784,2.1017795408417923,2.1017795408417923,0.4949507943189655,0.4870565462314335,0.4870565462314335,0.6512603557483697,0.6512603557483697,2.495789292268648,2.4111472614449405,2.4111472614449405,2.7489673186715287,2.7489673186715287,0.7234483455774768,0.3769767295247231,0.3769767295247231,0.9609241485090362,0.9609241485090362
2020-07-01,2.05931620342511,1.9541992998166708,1.9541992998166708,2.0678964671342905,2.0678964671342905,0.5003962585438902,0.38066936182955136,0.38066936182955136,0.5987641033262707,0.5987641033262707,2.5682927256781807,2.3348686616462224,2.3348686616462224,2.66097571886741,2.66097571886741,0.6839134814026604,0.37485799928962943,0.37485799928962943,0.9353586807024888,0.9353586807024888
2020-10-01,2.053899125521369,2.0242256343545133,2.0242256343545133,2.079709108258233,2.079709108258233,0.5941140996112214,0.39589689680606355,0.39589689680606355,0.6296846636094906,0.6296846636094906,2.6480132251325905,2.420122531160577,2.420122531160577,2.6880574276434563,2.6880574276434563,0.7072299738431816,0.431829838410255,0.431829838410255,0.9126830377994479,0.9126830377994479
2021-01-01,2.0708314340112146,1.902988420393354,1.902988420393354,2.1111871546745618,2.1111871546745618,0.5349831975469753,0.4195280948757734,0.4195280948757734,0.6064061697342776,0.6064061697342776,2.5541672194746408,2.490359528886988,2.490359528886988,2.612104626913394,2.612104626913394,0.6888838295769534,0.32062228833630985,0.32062228833630985,0.8658444247823865,0.8658444247823865
2021-04-01,2.0337342275464434,1.9622508485817265,1.9622508485817265,2.2345811734149996,2.2345811734149996,0.442604275499111,0.40209780826029395,0.40209780826029395,0.6140660758213957,0.6140660758213957,2.5763169244031223,2.45684119211639,2.45684119211639,2.6771854489141105,2.6771854489141105,0.6858564804057349,0.3990113313240803,0.3990113313240803,0.8825698904011282,0.8825698904011282
2021-07-01,2.128771164797527,2.0182831600391915,2.0182831600391915,2.2517126171127826,2.2517126171127826,0.47280415158223354,0.3266414422035122,0.3266414422035122,0.5634580280980935,0.5634580280980935,2.5394987543452396,2.4554126070010396,2.4554126070010396,2.7621117165357933,2.7621117165357933,0.6835948198066989,0.3235453726798328,0.3235453726798328,0.8116592375923103,0.8116592375923103
2021-10-01,2.115412326786485,2.023122210046389,2.023122210046389,2.316063998966949,2.316063998966949,0.43717197660253826,0.3678300533215,0.3678300533215,0.6575033158645051,0.6575033158645051,2.5721818765963245,2.390952263367889,2.390952263367889,2.973567314831454,2.973567314831454,0.7384914217253852,0.3458509204693097,0.3458509204693097,0.857655904955915,0.857655904955915
2022-01-01,2.0484629056416344,1.9175219654486935,1.9175219654486935,2.2417953873920458,2.2417953873920458,0.4243130318919084,0.4221850762023757,0.4221850762023757,0.7251237846578152,0.7251237846578152,2.471321742710253,2.3517828345957943,2.3517828345957943,2.966919172049861,2.966919172049861,0.6641343256126415,0.42319183552587075,0.42319183552587075,0.8114307624661024,0.8114307624661024
2022-04-01,2.1995834370506135,2.0412730717327787,2.0412730717327787,2.2536963751484502,2.2536963751484502,0.4879069850417565,0.4162047768435629,0.4162047768435629,0.6959230061597041,0.6959230061597041,2.68749042209237,2.4574778485763416,2.4574778485763416,2.935904312911421,2.935904312911421,0.7146672610402223,0.4300115321671634,0.4300115321671634,0.8618754090168891,0.8618754090168891
2022-07-01,2.1656826292624043,2.0759881623289242,2.0759881623289242,2.315850778126436,2.315850778126436,0.47249441413680177,0.40821078824481916,0.40821078824481916,0.8233149087267395,0.8233149087267395,2.6394298074481344,2.4841989505737434,2.4841989505737434,3.095122894592264,3.095122894592264,0.7414123726507991,0.46844557604001313,0.46844557604001313,0.886156256052234,0.886156256052234
2022-10-01,2.152138356542307,2.086327821510659,2.086327821510659,2.242806958445864,2.242806958445864,0.4857449415996657,0.38267563997162807,0.38267563997162807,0.8493564988412285,0.8493564988412285,2.7285519000455296,2.469003461482287,2.469003461482287,3.0014948553835357,3.0014948553835357,0.7199305055030605,0.46029122046150767,0.46029122046150767,0.9395288936600376,0.9395288936600376
2023-01-01,1.9873313078600003,1.8724184465484401,1.8724184465484401,2.1261612991763936,2.1261612991763936,0.4687447949844245,0.41289234586185397,0.41289234586185397,0.8267773690082442,0.8267773690082442,2.5404567006867653,2.3411632415328647,2.3411632415328647,2.80076711661468,2.80076711661468,0.7035928337434177,0.48987605458958455,0.48987605458958455,0.9172797242730957,0.9172797242730957
2023-04-01,1.9987298478568754,1.9093164407680643,1.9093164407680643,2.009046283894831,2.009046283894831,0.41529004538329223,0.3960614319571966,0.3960614319571966,0.8567601567148594,0.8567601567148594,2.4051077158520275,2.308561205112525,2.308561205112525,2.8554900045717346,2.8554900045717346,0.6996433650549131,0.5471221470787746,0.5471221470787746,0.9031129484713897,0.9031129484713897
2023-07-01,1.9766287329349739,1.913318847160737,1.913318847160737,2.002913909459108,2.002913909459108,0.4488777762498838,0.3462025471138799,0.3462025471138799,0.8332092330633629,0.8332092330633629,2.450109770585647,2.259521394274617,2.259521394274617,2.756019840322471,2.756019840322471,0.8010101250339968,0.49272104998397326,0.49272104998397326,0.9021104954314284,0.9021104954314284
2023-10-01,2.0014063198758874,1.8831399026716005,1.8831399026716005,2.160894114449334,2.160894114449334,0.5262049644943665,0.38230667156716847,0.38230667156716847,0.8782949090819342,0.8782949090819342,2.527611284370254,2.265446574238769,2.265446574238769,2.861967274854531,2.861967274854531,0.8205053373037663,0.41631053932111045,0.41631053932111045,0.9157972853650136,0.9157972853650136
2024-01-01,1.9366647181787484,1.832725711297455,1.832725711297455,2.060417741920506,2.060417741920506,0.4867756928291269,0.3992935452014967,0.3992935452014967,0.8008409902433872,0.8008409902433872,2.536342633553044,2.2320192564989516,2.2320192564989516,2.6729622894311,2.6729622894311,0.8650181178930844,0.5464064897734001,0.5464064897734001,0.9207546454939223,0.9207546454939223
2024-04-01,1.8891067546322433,1.7755242554465587,1.7755242554465587,2.1168889435700753,2.1168889435700753,0.4424229212716868,0.4142244592081608,0.4142244592081608,0.7875759313261825,0.7875759313261825,2.559311864841762,2.2159344703681603,2.2159344703681603,2.731344356368976,2.731344356368976,0.848045366279531,0.6798608918763426,0.6798608918763426,0.9267215516682362,0.9267215516682362
2024-07-01,1.9740986096535598,1.8673304752879416,1.8673304752879416,2.1050918059042703,2.1050918059042703,0.42121202237031263,0.3582082140910619,0.3582082140910619,0.8474264898457826,0.8474264898457826,2.436756888945031,2.2846655236802063,2.2846655236802063,2.952518295750053,2.952518295750053,0.8948741433130926,0.7596622584649763,0.7596622584649763,0.9541314735861438,0.9541314735861438
2024-10-01,1.9933542506704047,1.954462484231964,1.954462484231964,2.155838705568105,2.155838705568105,0.5840042104393244,0.34226817554140976,0.34226817554140976,0.8973411540468376,0.8973411540468376,2.549865589446834,2.35505898606992,2.35505898606992,2.8707377500504117,2.8707377500504117,0.9526078107315608,0.7996473275424482,0.7996473275424482,1.00547143493188,1.00547143493188
2025-01-01,2.0017819276138864,1.8604117965624865,1.8604117965624865,2.199978929597042,2.199978929597042,0.6169498857907794,0.3134311170611166,0.3134311170611166,0.8650064495620289,0.8650064495620289,2.617696185554621,2.315213044675003,2.315213044675003,2.9786180862780904,2.9786180862780904,0.8610779302137544,0.7509766859681218,0.7509766859681218,0.9344623256139609,0.9344623256139609
2025-04-01,2.1070889004250657,1.8952617740019302,1.8952617740019302,2.2401761520435652,2.2401761520435652,0.6309793733663651,0.2816969398589131,0.2816969398589131,0.8941201936355935,0.8941201936355935,2.707074218971567,2.353211562670191,2.353211562670191,3.037255147641202,3.037255147641202,0.8819890909289673,0.7639888176612148,0.7639888176612148,0.9731134761433511,0.9731134761433511
