Date,Series,p2_5,p16,p50,p84,p97_5
1960-01-01,Pi,0.0,0.0,0.0,0.0,0.0
1960-04-01,Pi,0.0,0.0,0.0,0.0,0.0
1960-07-01,Pi,0.0,0.0,0.0,0.0,0.0
1960-10-01,Pi,0.0,0.0,0.0,0.0,0.0
1961-01-01,Pi,0.0,0.0,0.0,0.0,0.0
1961-04-01,Pi,0.0,0.0,0.0,0.0,0.0
1961-07-01,Pi,0.0,0.0,0.0,0.0,0.0
1961-10-01,Pi,0.0,0.0,0.0,0.0,0.0
1962-01-01,Pi,0.0,0.0,0.0,0.0,0.0
1962-04-01,Pi,0.0,0.0,0.0,0.0,0.0
1962-07-01,Pi,0.0,0.0,0.0,0.0,0.0
1962-10-01,Pi,0.0,0.0,0.0,0.0,0.0
1963-01-01,Pi,0.0,0.0,0.0,0.0,0.0
1963-04-01,Pi,0.0,0.0,0.0,0.0,0.0
1963-07-01,Pi,0.0,0.0,0.0,0.0,0.0
1963-10-01,Pi,0.0,0.0,0.0,0.0,0.0
1964-01-01,Pi,0.0,0.0,0.0,0.0,0.0
1964-04-01,Pi,0.0,0.0,0.0,0.0,0.0
1964-07-01,Pi,0.0,0.0,0.0,0.0,0.0
1964-10-01,Pi,0.0,0.0,0.0,0.0,0.0
1965-01-01,Pi,0.0,0.0,0.0,0.0,0.0
1965-04-01,Pi,0.0,0.0,0.0,0.0,0.0
1965-07-01,Pi,0.0,0.0,0.0,0.0,0.0
1965-10-01,Pi,0.0,0.0,0.0,0.0,0.0
1966-01-01,Pi,0.0,0.0,0.0,0.0,0.0
1966-04-01,Pi,0.0,0.0,0.0,0.0,0.0
1966-07-01,Pi,0.0,0.0,0.0,0.0,0.0
1966-10-01,Pi,0.0,0.0,0.0,0.0,0.0
1967-01-01,Pi,0.0,0.0,0.0,0.0,0.0
1967-04-01,Pi,0.0,0.0,0.0,0.0,0.0
1967-07-01,Pi,0.0,0.0,0.0,0.0,0.0
1967-10-01,Pi,0.0,0.0,0.0,0.0,0.0
1968-01-01,Pi,0.0,0.0,0.0,0.0,0.0
1968-04-01,Pi,0.0,0.0,0.0,0.0,0.0
1968-07-01,Pi,0.0,0.0,0.0,0.0,0.0
1968-10-01,Pi,0.0,0.0,0.0,0.0,0.0
1969-01-01,Pi,0.0,0.0,0.0,0.0,0.0
1969-04-01,Pi,0.0,0.0,0.0,0.0,0.0
1969-07-01,Pi,0.0,0.0,0.0,0.0,0.0
1969-10-01,Pi,0.0,0.0,0.0,0.0,0.0
1970-01-01,Pi,0.0,0.0,0.0,0.0,0.0
1970-04-01,Pi,0.0,0.0,0.0,0.0,0.0
1970-07-01,Pi,0.0,0.0,0.0,0.0,0.0
1970-10-01,Pi,0.0,0.0,0.0,0.0,0.0
1971-01-01,Pi,0.0,0.0,0.0,0.0,0.0
1971-04-01,Pi,0.0,0.0,0.0,0.0,0.0
1971-07-01,Pi,0.0,0.0,0.0,0.0,0.0
1971-10-01,Pi,0.0,0.0,0.0,0.0,0.0
1972-01-01,Pi,0.0,0.0,0.0,0.0,0.0
1972-04-01,Pi,0.0,0.0,0.0,0.0,0.0
1972-07-01,Pi,0.0,0.0,0.0,0.0,0.0
1972-10-01,Pi,0.0,0.0,0.0,0.0,0.0
1973-01-01,Pi,0.0,0.0,0.0,0.0,0.0
1973-04-01,Pi,0.0,0.0,0.0,0.0,0.0
1973-07-01,Pi,0.0,0.0,0.0,0.0,0.0
1973-10-01,Pi,0.0,0.0,0.0,0.0,0.0
1974-01-01,Pi,0.0,0.0,0.0,0.0,0.0
1974-04-01,Pi,0.0,0.0,0.0,0.0,0.0
1974-07-01,Pi,0.0,0.0,0.0,0.0,0.0
1974-10-01,Pi,0.0,0.0,0.0,0.0,0.0
1975-01-01,Pi,0.0,0.0,0.0,0.0,0.0
1975-04-01,Pi,0.0,0.0,0.0,0.0,0.0
1975-07-01,Pi,0.0,0.0,0.0,0.0,0.0
1975-10-01,Pi,0.0,0.0,0.0,0.0,0.0
1976-01-01,Pi,0.0,0.0,0.0,0.0,0.0
1976-04-01,Pi,0.0,0.0,0.0,0.0,0.0
1976-07-01,Pi,0.0,0.0,0.0,0.0,0.0
1976-10-01,Pi,0.0,0.0,0.0,0.0,0.0
1977-01-01,Pi,0.0,0.0,0.0,0.0,0.0
1977-04-01,Pi,0.0,0.0,0.0,0.0,0.0
1977-07-01,Pi,0.0,0.0,0.0,0.0,0.0
1977-10-01,Pi,0.0,0.0,0.0,0.0,0.0
1978-01-01,Pi,0.0,0.0,0.0,0.0,0.0
1978-04-01,Pi,0.0,0.0,0.0,0.0,0.0
1978-07-01,Pi,0.0,0.0,0.0,0.0,0.0
1978-10-01,Pi,0.0,0.0,0.0,0.0,0.0
1979-01-01,Pi,0.0,0.0,0.0,0.0,0.0
1979-04-01,Pi,0.0,0.0,0.0,0.0,0.0
1979-07-01,Pi,0.0,0.0,0.0,0.0,0.0
1979-10-01,Pi,0.0,0.0,0.0,0.0,0.0
1980-01-01,Pi,0.0,0.0,0.0,0.0,0.0
1980-04-01,Pi,0.0,0.0,0.0,0.0,0.0
1980-07-01,Pi,0.0,0.0,0.0,0.0,0.0
1980-10-01,Pi,0.0,0.0,0.0,0.0,0.0
1981-01-01,Pi,0.0,0.0,0.0,0.0,0.0
1981-04-01,Pi,0.0,0.0,0.0,0.0,0.0
1981-07-01,Pi,0.0,0.0,0.0,0.0,0.0
1981-10-01,Pi,0.0,0.0,0.0,0.0,0.0
1982-01-01,Pi,0.0,0.0,0.0,0.0,0.0
1982-04-01,Pi,0.0,0.0,0.0,0.0,0.0
1982-07-01,Pi,0.0,0.0,0.0,0.0,0.0
1982-10-01,Pi,0.0,0.0,0.0,0.0,0.0
1983-01-01,Pi,0.0,0.0,0.0,0.0,0.0
1983-04-01,Pi,0.0,0.0,0.0,0.0,0.0
1983-07-01,Pi,0.0,0.0,0.0,0.0,0.0
1983-10-01,Pi,0.0,0.0,0.0,0.0,0.0
1984-01-01,Pi,0.0,0.0,0.0,0.0,0.0
1984-04-01,Pi,0.0,0.0,0.0,0.0,0.0
1984-07-01,Pi,0.0,0.0,0.0,0.0,0.0
1984-10-01,Pi,0.0,0.0,0.0,0.0,0.0
1985-01-01,Pi,0.0,0.0,0.0,0.0,0.0
1985-04-01,Pi,0.0,0.0,0.0,0.0,0.0
1985-07-01,Pi,0.0,0.0,0.0,0.0,0.0
1985-10-01,Pi,0.0,0.0,0.0,0.0,0.0
1986-01-01,Pi,0.0,0.0,0.0,0.0,0.0
1986-04-01,Pi,0.0,0.0,0.0,0.0,0.0
1986-07-01,Pi,0.0,0.0,0.0,0.0,0.0
1986-10-01,Pi,0.0,0.0,0.0,0.0,0.0
1987-01-01,Pi,0.0,0.0,0.0,0.0,0.0
1987-04-01,Pi,0.0,0.0,0.0,0.0,0.0
1987-07-01,Pi,0.0,0.0,0.0,0.0,0.0
1987-10-01,Pi,0.0,0.0,0.0,0.0,0.0
1988-01-01,Pi,0.0,0.0,0.0,0.0,0.0
1988-04-01,Pi,0.0,0.0,0.0,0.0,0.0
1988-07-01,Pi,0.0,0.0,0.0,0.0,0.0
1988-10-01,Pi,0.0,0.0,0.0,0.0,0.0
1989-01-01,Pi,0.0,0.0,0.0,0.0,0.0
1989-04-01,Pi,0.0,0.0,0.0,0.0,0.0
1989-07-01,Pi,0.0,0.0,0.0,0.0,0.0
1989-10-01,Pi,0.0,0.0,0.0,0.0,0.0
1990-01-01,Pi,0.0,0.0,0.0,0.0,0.0
1990-04-01,Pi,0.0,0.0,0.0,0.0,0.0
1990-07-01,Pi,0.0,0.0,0.0,0.0,0.0
1990-10-01,Pi,0.0,0.0,0.0,0.0,0.0
1991-01-01,Pi,0.0,0.0,0.0,0.0,0.0
1991-04-01,Pi,0.0,0.0,0.0,0.0,0.0
1991-07-01,Pi,0.0,0.0,0.0,0.0,0.0
1991-10-01,Pi,0.0,0.0,0.0,0.0,0.0
1992-01-01,Pi,0.0,0.0,0.0,0.0,0.0
1992-04-01,Pi,0.0,0.0,0.0,0.0,0.0
1992-07-01,Pi,0.0,0.0,0.0,0.0,0.0
1992-10-01,Pi,0.0,0.0,0.0,0.0,0.0
1993-01-01,Pi,0.0,0.0,0.0,0.0,0.0
1993-04-01,Pi,0.0,0.0,0.0,0.0,0.0
1993-07-01,Pi,0.0,0.0,0.0,0.0,0.0
1993-10-01,Pi,0.0,0.0,0.0,0.0,0.0
1994-01-01,Pi,0.0,0.0,0.0,0.0,0.0
1994-04-01,Pi,0.0,0.0,0.0,0.0,0.0
1994-07-01,Pi,0.0,0.0,0.0,0.0,0.0
1994-10-01,Pi,0.0,0.0,0.0,0.0,0.0
1995-01-01,Pi,0.0,0.0,0.0,0.0,0.0
1995-04-01,Pi,0.0,0.0,0.0,0.0,0.0
1995-07-01,Pi,0.0,0.0,0.0,0.0,0.0
1995-10-01,Pi,0.0,0.0,0.0,0.0,0.0
1996-01-01,Pi,0.0,0.0,0.0,0.0,0.0
1996-04-01,Pi,0.0,0.0,0.0,0.0,0.0
1996-07-01,Pi,0.0,0.0,0.0,0.0,0.0
1996-10-01,Pi,0.0,0.0,0.0,0.0,0.0
1997-01-01,Pi,0.0,0.0,0.0,0.0,0.0
1997-04-01,Pi,0.0,0.0,0.0,0.0,0.0
1997-07-01,Pi,0.0,0.0,0.0,0.0,0.0
1997-10-01,Pi,0.0,0.0,0.0,0.0,0.0
1998-01-01,Pi,0.0,0.0,0.0,0.0,0.0
1998-04-01,Pi,0.0,0.0,0.0,0.0,0.0
1998-07-01,Pi,0.0,0.0,0.0,0.0,0.0
1998-10-01,Pi,0.0,0.0,0.0,0.0,0.0
1999-01-01,Pi,0.0,0.0,0.0,0.0,0.0
1999-04-01,Pi,0.0,0.0,0.0,0.0,0.0
1999-07-01,Pi,0.0,0.0,0.0,0.0,0.0
1999-10-01,Pi,0.0,0.0,0.0,0.0,0.0
2000-01-01,Pi,0.0,0.0,0.0,0.0,0.0
2000-04-01,Pi,0.0,0.0,0.0,0.0,0.0
2000-07-01,Pi,0.0,0.0,0.0,0.0,0.0
2000-10-01,Pi,0.0,0.0,0.0,0.0,0.0
2001-01-01,Pi,0.0,0.0,0.0,0.0,0.0
2001-04-01,Pi,0.0,0.0,0.0,0.0,0.0
2001-07-01,Pi,0.0,0.0,0.0,0.0,0.0
2001-10-01,Pi,0.0,0.0,0.0,0.0,0.0
2002-01-01,Pi,0.0,0.0,0.0,0.0,0.0
2002-04-01,Pi,0.0,0.0,0.0,0.0,0.0
2002-07-01,Pi,0.0,0.0,0.0,0.0,0.0
2002-10-01,Pi,0.0,0.0,0.0,0.0,0.0
2003-01-01,Pi,0.0,0.0,0.0,0.0,0.0
2003-04-01,Pi,0.0,0.0,0.0,0.0,0.0
2003-07-01,Pi,0.0,0.0,0.0,0.0,0.0
2003-10-01,Pi,0.0,0.0,0.0,0.0,0.0
2004-01-01,Pi,0.0,0.0,0.0,0.0,0.0
2004-04-01,Pi,0.0,0.0,0.0,0.0,0.0
2004-07-01,Pi,0.0,0.0,0.0,0.0,0.0
2004-10-01,Pi,0.0,0.0,0.0,0.0,0.0
2005-01-01,Pi,0.0,0.0,0.0,0.0,0.0
2005-04-01,Pi,0.0,0.0,0.0,0.0,0.0
2005-07-01,Pi,0.0,0.0,0.0,0.0,0.0
2005-10-01,Pi,0.0,0.0,0.0,0.0,0.0
2006-01-01,Pi,0.0,0.0,0.0,0.0,0.0
2006-04-01,Pi,0.0,0.0,0.0,0.0,0.0
2006-07-01,Pi,0.0,0.0,0.0,0.0,0.0
2006-10-01,Pi,0.0,0.0,0.0,0.0,0.0
2007-01-01,Pi,0.0,0.0,0.0,0.0,0.0
2007-04-01,Pi,0.0,0.0,0.0,0.0,0.0
2007-07-01,Pi,0.0,0.0,0.0,0.0,0.0
2007-10-01,Pi,0.0,0.0,0.0,0.0,0.0
2008-01-01,Pi,0.0,0.0,0.0,0.0,0.0
2008-04-01,Pi,0.0,0.0,0.0,0.0,0.0
2008-07-01,Pi,0.0,0.0,0.0,0.0,0.0
2008-10-01,Pi,0.0,0.0,0.0,0.0,0.0
2009-01-01,Pi,0.0,0.0,0.0,0.0,0.0
2009-04-01,Pi,0.0,0.0,0.0,0.0,0.0
2009-07-01,Pi,0.0,0.0,0.0,0.0,0.0
2009-10-01,Pi,0.0,0.0,0.0,0.0,0.0
2010-01-01,Pi,0.0,0.0,0.0,0.0,0.0
2010-04-01,Pi,0.0,0.0,0.0,0.0,0.0
2010-07-01,Pi,0.0,0.0,0.0,0.0,0.0
2010-10-01,Pi,0.0,0.0,0.0,0.0,0.0
2011-01-01,Pi,0.0,0.0,0.0,0.0,0.0
2011-04-01,Pi,0.0,0.0,0.0,0.0,0.0
2011-07-01,Pi,0.0,0.0,0.0,0.0,0.0
2011-10-01,Pi,0.0,0.0,0.0,0.0,0.0
2012-01-01,Pi,0.0,0.0,0.0,0.0,0.0
2012-04-01,Pi,0.0,0.0,0.0,0.0,0.0
2012-07-01,Pi,0.0,0.0,0.0,0.0,0.0
2012-10-01,Pi,0.0,0.0,0.0,0.0,0.0
2013-01-01,Pi,0.0,0.0,0.0,0.0,0.0
2013-04-01,Pi,0.0,0.0,0.0,0.0,0.0
2013-07-01,Pi,0.0,0.0,0.0,0.0,0.0
2013-10-01,Pi,0.0,0.0,0.0,0.0,0.0
2014-01-01,Pi,0.0,0.0,0.0,0.0,0.0
2014-04-01,Pi,0.0,0.0,0.0,0.0,0.0
2014-07-01,Pi,0.0,0.0,0.0,0.0,0.0
2014-10-01,Pi,0.0,0.0,0.0,0.0,0.0
2015-01-01,Pi,0.0,0.0,0.0,0.0,0.0
2015-04-01,Pi,0.0,0.0,0.0,0.0,0.0
2015-07-01,Pi,0.0,0.0,0.0,0.0,0.0
2015-10-01,Pi,0.0,0.0,0.0,0.0,0.0
2016-01-01,Pi,0.0,0.0,0.0,0.0,0.0
2016-04-01,Pi,0.0,0.0,0.0,0.0,0.0
2016-07-01,Pi,0.0,0.0,0.0,0.0,0.0
2016-10-01,Pi,0.0,0.0,0.0,0.0,0.0
2017-01-01,Pi,0.0,0.0,0.0,0.0,0.0
2017-04-01,Pi,0.0,0.0,0.0,0.0,0.0
2017-07-01,Pi,0.0,0.0,0.0,0.0,0.0
2017-10-01,Pi,0.0,0.0,0.0,0.0,0.0
2018-01-01,Pi,0.0,0.0,0.0,0.0,0.0
2018-04-01,Pi,0.0,0.0,0.0,0.0,0.0
2018-07-01,Pi,0.0,0.0,0.0,0.0,0.0
2018-10-01,Pi,0.0,0.0,0.0,0.0,0.0
2019-01-01,Pi,0.0,0.0,0.0,0.0,0.0
2019-04-01,Pi,0.0,0.0,0.0,0.0,0.0
2019-07-01,Pi,0.0,0.0,0.0,0.0,0.0
2019-10-01,Pi,0.0,0.0,0.0,0.0,0.0
2020-01-01,Pi,0.0,0.0,0.0,0.0,0.0
2020-04-01,Pi,0.0,0.0,0.0,0.0,0.0
2020-07-01,Pi,0.0,0.0,0.0,0.0,0.0
2020-10-01,Pi,0.0,0.0,0.0,0.0,0.0
2021-01-01,Pi,0.0,0.0,0.0,0.0,0.0
2021-04-01,Pi,0.0,0.0,0.0,0.0,0.0
2021-07-01,Pi,0.0,0.0,0.0,0.0,0.0
2021-10-01,Pi,0.0,0.0,0.0,0.0,0.0
2022-01-01,Pi,0.0,0.0,0.0,0.0,0.0
2022-04-01,Pi,0.0,0.0,0.0,0.0,0.0
2022-07-01,Pi,0.0,0.0,0.0,0.0,0.0
2022-10-01,Pi,0.0,0.0,0.0,0.0,0.0
2023-01-01,Pi,0.0,0.0,0.0,0.0,0.0
2023-04-01,Pi,0.0,0.0,0.0,0.0,0.0
2023-07-01,Pi,0.0,0.0,0.0,0.0,0.0
2023-10-01,Pi,0.0,0.0,0.0,0.0,0.0
2024-01-01,Pi,0.0,0.0,0.0,0.0,0.0
2024-04-01,Pi,0.0,0.0,0.0,0.0,0.0
2024-07-01,Pi,0.0,0.0,0.0,0.0,0.0
2024-10-01,Pi,0.0,0.0,0.0,0.0,0.0
2025-01-01,Pi,0.0,0.0,0.0,0.0,0.0
2025-04-01,Pi,0.0,0.0,0.0,0.0,0.0
1960-01-01,EPi,0.0,0.0,0.0,0.0,0.0
1960-04-01,EPi,0.0,0.0,0.0,0.0,0.0
1960-07-01,EPi,0.0,0.0,0.0,0.0,0.0
1960-10-01,EPi,0.0,0.0,0.0,0.0,0.0
1961-01-01,EPi,0.0,0.0,0.0,0.0,0.0
1961-04-01,EPi,0.0,0.0,0.0,0.0,0.0
1961-07-01,EPi,0.0,0.0,0.0,0.0,0.0
1961-10-01,EPi,0.0,0.0,0.0,0.0,0.0
1962-01-01,EPi,0.0,0.0,0.0,0.0,0.0
1962-04-01,EPi,0.0,0.0,0.0,0.0,0.0
1962-07-01,EPi,0.0,0.0,0.0,0.0,0.0
1962-10-01,EPi,0.0,0.0,0.0,0.0,0.0
1963-01-01,EPi,0.0,0.0,0.0,0.0,0.0
1963-04-01,EPi,0.0,0.0,0.0,0.0,0.0
1963-07-01,EPi,0.0,0.0,0.0,0.0,0.0
1963-10-01,EPi,0.0,0.0,0.0,0.0,0.0
1964-01-01,EPi,0.0,0.0,0.0,0.0,0.0
1964-04-01,EPi,0.0,0.0,0.0,0.0,0.0
1964-07-01,EPi,0.0,0.0,0.0,0.0,0.0
1964-10-01,EPi,0.0,0.0,0.0,0.0,0.0
1965-01-01,EPi,0.0,0.0,0.0,0.0,0.0
1965-04-01,EPi,0.0,0.0,0.0,0.0,0.0
1965-07-01,EPi,0.0,0.0,0.0,0.0,0.0
1965-10-01,EPi,0.0,0.0,0.0,0.0,0.0
1966-01-01,EPi,0.0,0.0,0.0,0.0,0.0
1966-04-01,EPi,0.0,0.0,0.0,0.0,0.0
1966-07-01,EPi,0.0,0.0,0.0,0.0,0.0
1966-10-01,EPi,0.0,0.0,0.0,0.0,0.0
1967-01-01,EPi,0.0,0.0,0.0,0.0,0.0
1967-04-01,EPi,0.0,0.0,0.0,0.0,0.0
1967-07-01,EPi,0.0,0.0,0.0,0.0,0.0
1967-10-01,EPi,0.0,0.0,0.0,0.0,0.0
1968-01-01,EPi,0.0,0.0,0.0,0.0,0.0
1968-04-01,EPi,0.0,0.0,0.0,0.0,0.0
1968-07-01,EPi,0.0,0.0,0.0,0.0,0.0
1968-10-01,EPi,0.0,0.0,0.0,0.0,0.0
1969-01-01,EPi,0.0,0.0,0.0,0.0,0.0
1969-04-01,EPi,0.0,0.0,0.0,0.0,0.0
1969-07-01,EPi,0.0,0.0,0.0,0.0,0.0
1969-10-01,EPi,0.0,0.0,0.0,0.0,0.0
1970-01-01,EPi,0.0,0.0,0.0,0.0,0.0
1970-04-01,EPi,0.0,0.0,0.0,0.0,0.0
1970-07-01,EPi,0.0,0.0,0.0,0.0,0.0
1970-10-01,EPi,0.0,0.0,0.0,0.0,0.0
1971-01-01,EPi,0.0,0.0,0.0,0.0,0.0
1971-04-01,EPi,0.0,0.0,0.0,0.0,0.0
1971-07-01,EPi,0.0,0.0,0.0,0.0,0.0
1971-10-01,EPi,0.0,0.0,0.0,0.0,0.0
1972-01-01,EPi,0.0,0.0,0.0,0.0,0.0
1972-04-01,EPi,0.0,0.0,0.0,0.0,0.0
1972-07-01,EPi,0.0,0.0,0.0,0.0,0.0
1972-10-01,EPi,0.0,0.0,0.0,0.0,0.0
1973-01-01,EPi,0.0,0.0,0.0,0.0,0.0
1973-04-01,EPi,0.0,0.0,0.0,0.0,0.0
1973-07-01,EPi,0.0,0.0,0.0,0.0,0.0
1973-10-01,EPi,0.0,0.0,0.0,0.0,0.0
1974-01-01,EPi,0.0,0.0,0.0,0.0,0.0
1974-04-01,EPi,0.0,0.0,0.0,0.0,0.0
1974-07-01,EPi,0.0,0.0,0.0,0.0,0.0
1974-10-01,EPi,0.0,0.0,0.0,0.0,0.0
1975-01-01,EPi,0.0,0.0,0.0,0.0,0.0
1975-04-01,EPi,0.0,0.0,0.0,0.0,0.0
1975-07-01,EPi,0.0,0.0,0.0,0.0,0.0
1975-10-01,EPi,0.0,0.0,0.0,0.0,0.0
1976-01-01,EPi,0.0,0.0,0.0,0.0,0.0
1976-04-01,EPi,0.0,0.0,0.0,0.0,0.0
1976-07-01,EPi,0.0,0.0,0.0,0.0,0.0
1976-10-01,EPi,0.0,0.0,0.0,0.0,0.0
1977-01-01,EPi,0.0,0.0,0.0,0.0,0.0
1977-04-01,EPi,0.0,0.0,0.0,0.0,0.0
1977-07-01,EPi,0.0,0.0,0.0,0.0,0.0
1977-10-01,EPi,0.0,0.0,0.0,0.0,0.0
1978-01-01,EPi,0.0,0.0,0.0,0.0,0.0
1978-04-01,EPi,0.0,0.0,0.0,0.0,0.0
1978-07-01,EPi,0.0,0.0,0.0,0.0,0.0
1978-10-01,EPi,0.0,0.0,0.0,0.0,0.0
1979-01-01,EPi,0.0,0.0,0.0,0.0,0.0
1979-04-01,EPi,0.0,0.0,0.0,0.0,0.0
1979-07-01,EPi,0.0,0.0,0.0,0.0,0.0
1979-10-01,EPi,0.0,0.0,0.0,0.0,0.0
1980-01-01,EPi,0.0,0.0,0.0,0.0,0.0
1980-04-01,EPi,0.0,0.0,0.0,0.0,0.0
1980-07-01,EPi,0.0,0.0,0.0,0.0,0.0
1980-10-01,EPi,0.0,0.0,0.0,0.0,0.0
1981-01-01,EPi,0.0,0.0,0.0,0.0,0.0
1981-04-01,EPi,0.0,0.0,0.0,0.0,0.0
1981-07-01,EPi,0.0,0.0,0.0,0.0,0.0
1981-10-01,EPi,0.0,0.0,0.0,0.0,0.0
1982-01-01,EPi,0.0,0.0,0.0,0.0,0.0
1982-04-01,EPi,0.0,0.0,0.0,0.0,0.0
1982-07-01,EPi,0.0,0.0,0.0,0.0,0.0
1982-10-01,EPi,0.0,0.0,0.0,0.0,0.0
1983-01-01,EPi,0.0,0.0,0.0,0.0,0.0
1983-04-01,EPi,0.0,0.0,0.0,0.0,0.0
1983-07-01,EPi,0.0,0.0,0.0,0.0,0.0
1983-10-01,EPi,0.0,0.0,0.0,0.0,0.0
1984-01-01,EPi,0.0,0.0,0.0,0.0,0.0
1984-04-01,EPi,0.0,0.0,0.0,0.0,0.0
1984-07-01,EPi,0.0,0.0,0.0,0.0,0.0
1984-10-01,EPi,0.0,0.0,0.0,0.0,0.0
1985-01-01,EPi,0.0,0.0,0.0,0.0,0.0
1985-04-01,EPi,0.0,0.0,0.0,0.0,0.0
1985-07-01,EPi,0.0,0.0,0.0,0.0,0.0
1985-10-01,EPi,0.0,0.0,0.0,0.0,0.0
1986-01-01,EPi,0.0,0.0,0.0,0.0,0.0
1986-04-01,EPi,0.0,0.0,0.0,0.0,0.0
1986-07-01,EPi,0.0,0.0,0.0,0.0,0.0
1986-10-01,EPi,0.0,0.0,0.0,0.0,0.0
1987-01-01,EPi,0.0,0.0,0.0,0.0,0.0
1987-04-01,EPi,0.0,0.0,0.0,0.0,0.0
1987-07-01,EPi,0.0,0.0,0.0,0.0,0.0
1987-10-01,EPi,0.0,0.0,0.0,0.0,0.0
1988-01-01,EPi,0.0,0.0,0.0,0.0,0.0
1988-04-01,EPi,0.0,0.0,0.0,0.0,0.0
1988-07-01,EPi,0.0,0.0,0.0,0.0,0.0
1988-10-01,EPi,0.0,0.0,0.0,0.0,0.0
1989-01-01,EPi,0.0,0.0,0.0,0.0,0.0
1989-04-01,EPi,0.0,0.0,0.0,0.0,0.0
1989-07-01,EPi,0.0,0.0,0.0,0.0,0.0
1989-10-01,EPi,0.0,0.0,0.0,0.0,0.0
1990-01-01,EPi,0.0,0.0,0.0,0.0,0.0
1990-04-01,EPi,0.0,0.0,0.0,0.0,0.0
1990-07-01,EPi,0.0,0.0,0.0,0.0,0.0
1990-10-01,EPi,0.0,0.0,0.0,0.0,0.0
1991-01-01,EPi,0.0,0.0,0.0,0.0,0.0
1991-04-01,EPi,0.0,0.0,0.0,0.0,0.0
1991-07-01,EPi,0.0,0.0,0.0,0.0,0.0
1991-10-01,EPi,0.0,0.0,0.0,0.0,0.0
1992-01-01,EPi,0.0,0.0,0.0,0.0,0.0
1992-04-01,EPi,0.0,0.0,0.0,0.0,0.0
1992-07-01,EPi,0.0,0.0,0.0,0.0,0.0
1992-10-01,EPi,0.0,0.0,0.0,0.0,0.0
1993-01-01,EPi,0.0,0.0,0.0,0.0,0.0
1993-04-01,EPi,0.0,0.0,0.0,0.0,0.0
1993-07-01,EPi,0.0,0.0,0.0,0.0,0.0
1993-10-01,EPi,0.0,0.0,0.0,0.0,0.0
1994-01-01,EPi,0.0,0.0,0.0,0.0,0.0
1994-04-01,EPi,0.0,0.0,0.0,0.0,0.0
1994-07-01,EPi,0.0,0.0,0.0,0.0,0.0
1994-10-01,EPi,0.0,0.0,0.0,0.0,0.0
1995-01-01,EPi,0.0,0.0,0.0,0.0,0.0
1995-04-01,EPi,0.0,0.0,0.0,0.0,0.0
1995-07-01,EPi,0.0,0.0,0.0,0.0,0.0
1995-10-01,EPi,0.0,0.0,0.0,0.0,0.0
1996-01-01,EPi,0.0,0.0,0.0,0.0,0.0
1996-04-01,EPi,0.0,0.0,0.0,0.0,0.0
1996-07-01,EPi,0.0,0.0,0.0,0.0,0.0
1996-10-01,EPi,0.0,0.0,0.0,0.0,0.0
1997-01-01,EPi,0.0,0.0,0.0,0.0,0.0
1997-04-01,EPi,0.0,0.0,0.0,0.0,0.0
1997-07-01,EPi,0.0,0.0,0.0,0.0,0.0
1997-10-01,EPi,0.0,0.0,0.0,0.0,0.0
1998-01-01,EPi,0.0,0.0,0.0,0.0,0.0
1998-04-01,EPi,0.0,0.0,0.0,0.0,0.0
1998-07-01,EPi,0.0,0.0,0.0,0.0,0.0
1998-10-01,EPi,0.0,0.0,0.0,0.0,0.0
1999-01-01,EPi,0.0,0.0,0.0,0.0,0.0
1999-04-01,EPi,0.0,0.0,0.0,0.0,0.0
1999-07-01,EPi,0.0,0.0,0.0,0.0,0.0
1999-10-01,EPi,0.0,0.0,0.0,0.0,0.0
2000-01-01,EPi,0.0,0.0,0.0,0.0,0.0
2000-04-01,EPi,0.0,0.0,0.0,0.0,0.0
2000-07-01,EPi,0.0,0.0,0.0,0.0,0.0
2000-10-01,EPi,0.0,0.0,0.0,0.0,0.0
2001-01-01,EPi,0.0,0.0,0.0,0.0,0.0
2001-04-01,EPi,0.0,0.0,0.0,0.0,0.0
2001-07-01,EPi,0.0,0.0,0.0,0.0,0.0
2001-10-01,EPi,0.0,0.0,0.0,0.0,0.0
2002-01-01,EPi,0.0,0.0,0.0,0.0,0.0
2002-04-01,EPi,0.0,0.0,0.0,0.0,0.0
2002-07-01,EPi,0.0,0.0,0.0,0.0,0.0
2002-10-01,EPi,0.0,0.0,0.0,0.0,0.0
2003-01-01,EPi,0.0,0.0,0.0,0.0,0.0
2003-04-01,EPi,0.0,0.0,0.0,0.0,0.0
2003-07-01,EPi,0.0,0.0,0.0,0.0,0.0
2003-10-01,EPi,0.0,0.0,0.0,0.0,0.0
2004-01-01,EPi,0.0,0.0,0.0,0.0,0.0
2004-04-01,EPi,0.0,0.0,0.0,0.0,0.0
2004-07-01,EPi,0.0,0.0,0.0,0.0,0.0
2004-10-01,EPi,0.0,0.0,0.0,0.0,0.0
2005-01-01,EPi,0.0,0.0,0.0,0.0,0.0
2005-04-01,EPi,0.0,0.0,0.0,0.0,0.0
2005-07-01,EPi,0.0,0.0,0.0,0.0,0.0
2005-10-01,EPi,0.0,0.0,0.0,0.0,0.0
2006-01-01,EPi,0.0,0.0,0.0,0.0,0.0
2006-04-01,EPi,0.0,0.0,0.0,0.0,0.0
2006-07-01,EPi,0.0,0.0,0.0,0.0,0.0
2006-10-01,EPi,0.0,0.0,0.0,0.0,0.0
2007-01-01,EPi,0.0,0.0,0.0,0.0,0.0
2007-04-01,EPi,0.0,0.0,0.0,0.0,0.0
2007-07-01,EPi,0.0,0.0,0.0,0.0,0.0
2007-10-01,EPi,0.0,0.0,0.0,0.0,0.0
2008-01-01,EPi,0.0,0.0,0.0,0.0,0.0
2008-04-01,EPi,0.0,0.0,0.0,0.0,0.0
2008-07-01,EPi,0.0,0.0,0.0,0.0,0.0
2008-10-01,EPi,0.0,0.0,0.0,0.0,0.0
2009-01-01,EPi,0.0,0.0,0.0,0.0,0.0
2009-04-01,EPi,0.0,0.0,0.0,0.0,0.0
2009-07-01,EPi,0.0,0.0,0.0,0.0,0.0
2009-10-01,EPi,0.0,0.0,0.0,0.0,0.0
2010-01-01,EPi,0.0,0.0,0.0,0.0,0.0
2010-04-01,EPi,0.0,0.0,0.0,0.0,0.0
2010-07-01,EPi,0.0,0.0,0.0,0.0,0.0
2010-10-01,EPi,0.0,0.0,0.0,0.0,0.0
2011-01-01,EPi,0.0,0.0,0.0,0.0,0.0
2011-04-01,EPi,0.0,0.0,0.0,0.0,0.0
2011-07-01,EPi,0.0,0.0,0.0,0.0,0.0
2011-10-01,EPi,0.0,0.0,0.0,0.0,0.0
2012-01-01,EPi,0.0,0.0,0.0,0.0,0.0
2012-04-01,EPi,0.0,0.0,0.0,0.0,0.0
2012-07-01,EPi,0.0,0.0,0.0,0.0,0.0
2012-10-01,EPi,0.0,0.0,0.0,0.0,0.0
2013-01-01,EPi,0.0,0.0,0.0,0.0,0.0
2013-04-01,EPi,0.0,0.0,0.0,0.0,0.0
2013-07-01,EPi,0.0,0.0,0.0,0.0,0.0
2013-10-01,EPi,0.0,0.0,0.0,0.0,0.0
2014-01-01,EPi,0.0,0.0,0.0,0.0,0.0
2014-04-01,EPi,0.0,0.0,0.0,0.0,0.0
2014-07-01,EPi,0.0,0.0,0.0,0.0,0.0
2014-10-01,EPi,0.0,0.0,0.0,0.0,0.0
2015-01-01,EPi,0.0,0.0,0.0,0.0,0.0
2015-04-01,EPi,0.0,0.0,0.0,0.0,0.0
2015-07-01,EPi,0.0,0.0,0.0,0.0,0.0
2015-10-01,EPi,0.0,0.0,0.0,0.0,0.0
2016-01-01,EPi,0.0,0.0,0.0,0.0,0.0
2016-04-01,EPi,0.0,0.0,0.0,0.0,0.0
2016-07-01,EPi,0.0,0.0,0.0,0.0,0.0
2016-10-01,EPi,0.0,0.0,0.0,0.0,0.0
2017-01-01,EPi,0.0,0.0,0.0,0.0,0.0
2017-04-01,EPi,0.0,0.0,0.0,0.0,0.0
2017-07-01,EPi,0.0,0.0,0.0,0.0,0.0
2017-10-01,EPi,0.0,0.0,0.0,0.0,0.0
2018-01-01,EPi,0.0,0.0,0.0,0.0,0.0
2018-04-01,EPi,0.0,0.0,0.0,0.0,0.0
2018-07-01,EPi,0.0,0.0,0.0,0.0,0.0
2018-10-01,EPi,0.0,0.0,0.0,0.0,0.0
2019-01-01,EPi,0.0,0.0,0.0,0.0,0.0
2019-04-01,EPi,0.0,0.0,0.0,0.0,0.0
2019-07-01,EPi,0.0,0.0,0.0,0.0,0.0
2019-10-01,EPi,0.0,0.0,0.0,0.0,0.0
2020-01-01,EPi,0.0,0.0,0.0,0.0,0.0
2020-04-01,EPi,0.0,0.0,0.0,0.0,0.0
2020-07-01,EPi,0.0,0.0,0.0,0.0,0.0
2020-10-01,EPi,0.0,0.0,0.0,0.0,0.0
2021-01-01,EPi,0.0,0.0,0.0,0.0,0.0
2021-04-01,EPi,0.0,0.0,0.0,0.0,0.0
2021-07-01,EPi,0.0,0.0,0.0,0.0,0.0
2021-10-01,EPi,0.0,0.0,0.0,0.0,0.0
2022-01-01,EPi,0.0,0.0,0.0,0.0,0.0
2022-04-01,EPi,0.0,0.0,0.0,0.0,0.0
2022-07-01,EPi,0.0,0.0,0.0,0.0,0.0
2022-10-01,EPi,0.0,0.0,0.0,0.0,0.0
2023-01-01,EPi,0.0,0.0,0.0,0.0,0.0
2023-04-01,EPi,0.0,0.0,0.0,0.0,0.0
2023-07-01,EPi,0.0,0.0,0.0,0.0,0.0
2023-10-01,EPi,0.0,0.0,0.0,0.0,0.0
2024-01-01,EPi,0.0,0.0,0.0,0.0,0.0
2024-04-01,EPi,0.0,0.0,0.0,0.0,0.0
2024-07-01,EPi,0.0,0.0,0.0,0.0,0.0
2024-10-01,EPi,0.0,0.0,0.0,0.0,0.0
2025-01-01,EPi,0.0,0.0,0.0,0.0,0.0
2025-04-01,EPi,0.0,0.0,0.0,0.0,0.0
1960-01-01,BILL,1.208375341424,1.208375341424,1.4813374031627842,2.037696186201887,2.037696186201887
1960-04-01,BILL,1.2896342186953036,1.2896342186953036,1.4451867027257852,1.9285252061148124,1.9285252061148124
1960-07-01,BILL,1.3360297899398543,1.3360297899398543,1.3825986689750431,1.8509163327319798,1.8509163327319798
1960-10-01,BILL,1.2429893618800398,1.2429893618800398,1.42766490498179,1.8186842424529268,1.8186842424529268
1961-01-01,BILL,1.2049468022494703,1.2049468022494703,1.469248068380247,1.8999679821760653,1.8999679821760653
1961-04-01,BILL,1.2295981447749487,1.2295981447749487,1.4700543949655631,1.9622870738904763,1.9622870738904763
1961-07-01,BILL,1.2275548548114559,1.2275548548114559,1.392148020384185,1.897440660224003,1.897440660224003
1961-10-01,BILL,1.2369200861974587,1.2369200861974587,1.3385913811218964,1.9503825932354495,1.9503825932354495
1962-01-01,BILL,1.263906707140343,1.263906707140343,1.4574698373087251,1.9419986623848593,1.9419986623848593
1962-04-01,BILL,1.1744092516344118,1.1744092516344118,1.4453880121995073,1.8412811521355692,1.8412811521355692
1962-07-01,BILL,1.0937496097295833,1.0937496097295833,1.4677859189974827,1.8902914071768309,1.8902914071768309
1962-10-01,BILL,1.1214569885200076,1.1214569885200076,1.5085688320519193,1.8726376566729075,1.8726376566729075
1963-01-01,BILL,1.1495823205911089,1.1495823205911089,1.485749761845494,1.9664866006635802,1.9664866006635802
1963-04-01,BILL,1.1827930277391634,1.1827930277391634,1.4594610078132484,2.04347167520988,2.04347167520988
1963-07-01,BILL,1.160260888833594,1.160260888833594,1.5371086994197174,2.066336293450346,2.066336293450346
1963-10-01,BILL,1.1681374281562986,1.1681374281562986,1.5308961314284708,1.9914814202378504,1.9914814202378504
1964-01-01,BILL,1.1690526726839054,1.1690526726839054,1.569141335598836,1.9033612175867438,1.9033612175867438
1964-04-01,BILL,1.1979103813536183,1.1979103813536183,1.5204297962051436,1.9650374412740186,1.9650374412740186
1964-07-01,BILL,1.1924453135262405,1.1924453135262405,1.4656450779039245,1.9351075721506723,1.9351075721506723
1964-10-01,BILL,1.1951534746438992,1.1951534746438992,1.5177370268465882,2.0060754902651663,2.0060754902651663
1965-01-01,BILL,1.246452183496343,1.246452183496343,1.4645887436875675,1.9684059589112497,1.9684059589112497
1965-04-01,BILL,1.273597405807294,1.273597405807294,1.3910311866055391,1.8976285139321731,1.8976285139321731
1965-07-01,BILL,1.2398198476617917,1.2398198476617917,1.3831798812435938,1.9314343816135517,1.9314343816135517
1965-10-01,BILL,1.2111377683221602,1.2111377683221602,1.4099760031624125,1.9409833975235795,1.9409833975235795
1966-01-01,BILL,1.1377886063070968,1.1377886063070968,1.3857330634451799,1.911033232448091,1.911033232448091
1966-04-01,BILL,1.148299921050208,1.148299921050208,1.4471587785175573,1.8977931810716027,1.8977931810716027
1966-07-01,BILL,1.1189445497685098,1.1189445497685098,1.5157755839718257,1.7926684817157785,1.7926684817157785
1966-10-01,BILL,1.2233379409606646,1.2233379409606646,1.5490321121983732,1.7994975264529753,1.7994975264529753
1967-01-01,BILL,1.1870938870890957,1.1870938870890957,1.575818073466512,1.8917554237500673,1.8917554237500673
1967-04-01,BILL,1.234962531244174,1.234962531244174,1.541843719761561,1.8293119088620557,1.8293119088620557
1967-07-01,BILL,1.2908311363702125,1.2908311363702125,1.5730441243332944,1.9312885707253622,1.9312885707253622
1967-10-01,BILL,1.2884397325490904,1.2884397325490904,1.6730442238885463,1.860772027607006,1.860772027607006
1968-01-01,BILL,1.364707465048929,1.364707465048929,1.591380567436961,1.8673148177321064,1.8673148177321064
1968-04-01,BILL,1.3509342983379349,1.3509342983379349,1.6031958480582371,1.923059772267678,1.923059772267678
1968-07-01,BILL,1.32717935539176,1.32717935539176,1.6280331821685305,1.9037709906893818,1.9037709906893818
1968-10-01,BILL,1.3590044989106813,1.3590044989106813,1.51985706302473,1.9230021008874694,1.9230021008874694
1969-01-01,BILL,1.383796309988607,1.383796309988607,1.6418594759111809,1.9137828134659036,1.9137828134659036
1969-04-01,BILL,1.3820225767827192,1.3820225767827192,1.7088378786807195,1.9206039400331396,1.9206039400331396
1969-07-01,BILL,1.3503908276181553,1.3503908276181553,1.7570363217072729,1.9184945479782505,1.9184945479782505
1969-10-01,BILL,1.348059968768746,1.348059968768746,1.7805603928510692,2.0052002970171316,2.0052002970171316
1970-01-01,BILL,1.3744532509975627,1.3744532509975627,1.8082199961714118,2.0809437815286103,2.0809437815286103
1970-04-01,BILL,1.4458655804091511,1.4458655804091511,1.9018866681080897,2.010479850340986,2.010479850340986
1970-07-01,BILL,1.515396464813799,1.515396464813799,1.9087999608743764,2.0370655512583546,2.0370655512583546
1970-10-01,BILL,1.492984574662933,1.492984574662933,1.8821442139667672,2.039560143718289,2.039560143718289
1971-01-01,BILL,1.5773346008934381,1.5773346008934381,1.9234472110746128,2.066264488742692,2.066264488742692
1971-04-01,BILL,1.597083824253944,1.597083824253944,1.9805849082837956,2.03990389783903,2.03990389783903
1971-07-01,BILL,1.6690254841977277,1.6690254841977277,2.0371252541292693,2.101139222968836,2.101139222968836
1971-10-01,BILL,1.6479706324987358,1.6479706324987358,2.058415677799561,2.206363694816019,2.206363694816019
1972-01-01,BILL,1.6696092906373745,1.6696092906373745,2.049323469770434,2.378434101561365,2.378434101561365
1972-04-01,BILL,1.6931106538294216,1.6931106538294216,2.0702453280607394,2.3488304528594774,2.3488304528594774
1972-07-01,BILL,1.6750198016898192,1.6750198016898192,2.121815520568408,2.410756321512749,2.410756321512749
1972-10-01,BILL,1.7303663406844487,1.7303663406844487,2.1119649129076925,2.4134403140000864,2.4134403140000864
1973-01-01,BILL,1.7564207050105412,1.7564207050105412,2.1636601423240758,2.4586750795596406,2.4586750795596406
1973-04-01,BILL,1.8303295885566808,1.8303295885566808,2.162893276940154,2.4599407480054167,2.4599407480054167
1973-07-01,BILL,1.9294974623034788,1.9294974623034788,2.156018364047088,2.4683076499823255,2.4683076499823255
1973-10-01,BILL,1.9541079338869376,1.9541079338869376,2.1521439487044587,2.4388535053035927,2.4388535053035927
1974-01-01,BILL,1.961728907822523,1.961728907822523,2.179902792997949,2.4193820288148165,2.4193820288148165
1974-04-01,BILL,1.9888907475811965,1.9888907475811965,2.2327829144393956,2.3637398552987485,2.3637398552987485
1974-07-01,BILL,1.9485799026728918,1.9485799026728918,2.2429355731673937,2.3630726723483635,2.3630726723483635
1974-10-01,BILL,1.931681847730898,1.931681847730898,2.2734904399118343,2.4476729013842644,2.4476729013842644
1975-01-01,BILL,1.9712755693438846,1.9712755693438846,2.3219129117088317,2.5128191771558774,2.5128191771558774
1975-04-01,BILL,1.9571246268662108,1.9571246268662108,2.3170704627503627,2.6360130302496083,2.6360130302496083
1975-07-01,BILL,1.980561662502355,1.980561662502355,2.255988824133494,2.6512579492788726,2.6512579492788726
1975-10-01,BILL,1.8735242887349326,1.8735242887349326,2.2705050348415723,2.6265455517700023,2.6265455517700023
1976-01-01,BILL,1.9476321591061538,1.9476321591061538,2.339276268261104,2.545946372109665,2.545946372109665
1976-04-01,BILL,1.9634157253186832,1.9634157253186832,2.3315678913800846,2.521802017774901,2.521802017774901
1976-07-01,BILL,2.033333254972541,2.033333254972541,2.290165379659562,2.5198333762379144,2.5198333762379144
1976-10-01,BILL,1.9964921613178717,1.9964921613178717,2.2925213108968707,2.54958738698326,2.54958738698326
1977-01-01,BILL,1.9545462784344527,1.9545462784344527,2.3029758733881027,2.5623410449880226,2.5623410449880226
1977-04-01,BILL,1.9518837843968952,1.9518837843968952,2.3464266544170287,2.5640336545044082,2.5640336545044082
1977-07-01,BILL,1.9602269824681677,1.9602269824681677,2.3340032838134994,2.631710752076521,2.631710752076521
1977-10-01,BILL,1.9433656547509701,1.9433656547509701,2.4142193724842493,2.6466019105451846,2.6466019105451846
1978-01-01,BILL,1.8662933216238224,1.8662933216238224,2.381371899971765,2.5933918028036036,2.5933918028036036
1978-04-01,BILL,1.8579824124812465,1.8579824124812465,2.376185727551273,2.6320256420345065,2.6320256420345065
1978-07-01,BILL,1.8841809054852734,1.8841809054852734,2.3551023511773166,2.680387339252019,2.680387339252019
1978-10-01,BILL,1.8661276699917688,1.8661276699917688,2.37424474649044,2.744412844149224,2.744412844149224
1979-01-01,BILL,1.8304667675974062,1.8304667675974062,2.444010299786303,2.841896068310669,2.841896068310669
1979-04-01,BILL,1.9235006785895807,1.9235006785895807,2.484851419245357,2.919429085955699,2.919429085955699
1979-07-01,BILL,1.9604746274789075,1.9604746274789075,2.420863239173705,2.8951788150786997,2.8951788150786997
1979-10-01,BILL,1.8885856802061987,1.8885856802061987,2.444048417464101,2.8059997106348544,2.8059997106348544
1980-01-01,BILL,1.8957722086644244,1.8957722086644244,2.4675909919749257,2.86912730249442,2.86912730249442
1980-04-01,BILL,1.8873786642940675,1.8873786642940675,2.454169201509494,2.7862529903753166,2.7862529903753166
1980-07-01,BILL,1.920709319712628,1.920709319712628,2.4435131668134944,2.831867734178555,2.831867734178555
1980-10-01,BILL,1.995067428492843,1.995067428492843,2.5185736685731857,2.9404173780465928,2.9404173780465928
1981-01-01,BILL,2.0332706259147644,2.0332706259147644,2.5223565790859843,2.863658451774759,2.863658451774759
1981-04-01,BILL,1.9634042891520234,1.9634042891520234,2.5738562871842285,2.943750422260127,2.943750422260127
1981-07-01,BILL,2.048466060142838,2.048466060142838,2.6846545368943384,2.9396709474422407,2.9396709474422407
1981-10-01,BILL,2.151284933131097,2.151284933131097,2.65971108424695,2.903317047852493,2.903317047852493
1982-01-01,BILL,2.1609134894452264,2.1609134894452264,2.5844710349104223,2.962211489994751,2.962211489994751
1982-04-01,BILL,2.1262561214159996,2.1262561214159996,2.6481406669134095,2.8999142118443286,2.8999142118443286
1982-07-01,BILL,2.1025144419695794,2.1025144419695794,2.5926924640915257,2.9229828399333693,2.9229828399333693
1982-10-01,BILL,2.0886612705714724,2.0886612705714724,2.531572492585101,2.9269770644244013,2.9269770644244013
1983-01-01,BILL,2.070512350593848,2.070512350593848,2.501655480753433,2.894792502938452,2.894792502938452
1983-04-01,BILL,2.0351666108242803,2.0351666108242803,2.6252745368773356,2.9217324169735335,2.9217324169735335
1983-07-01,BILL,2.070977884513161,2.070977884513161,2.716720878736933,3.0465500622851835,3.0465500622851835
1983-10-01,BILL,2.0328180141838135,2.0328180141838135,2.693498254341344,3.0169637340593227,3.0169637340593227
1984-01-01,BILL,2.032389385545586,2.032389385545586,2.7022473813091086,2.9925161559822158,2.9925161559822158
1984-04-01,BILL,2.0645894679554178,2.0645894679554178,2.6371090709366767,2.9020573888158885,2.9020573888158885
1984-07-01,BILL,2.012350324739629,2.012350324739629,2.697330406480806,2.8668243864972425,2.8668243864972425
1984-10-01,BILL,2.0465734575895715,2.0465734575895715,2.6295265109991743,2.766388155470604,2.766388155470604
1985-01-01,BILL,2.038170633333366,2.038170633333366,2.569681439688748,2.678690908289506,2.678690908289506
1985-04-01,BILL,1.9891751308020755,1.9891751308020755,2.623122512472595,2.763865079569829,2.763865079569829
1985-07-01,BILL,1.932877859193298,1.932877859193298,2.568119178703208,2.7207733978322395,2.7207733978322395
1985-10-01,BILL,1.9376441626852998,1.9376441626852998,2.529000743281891,2.69406943212997,2.69406943212997
1986-01-01,BILL,1.898161722516285,1.898161722516285,2.4268846160056645,2.6531836375618294,2.6531836375618294
1986-04-01,BILL,1.8661685609139698,1.8661685609139698,2.4471012283259723,2.6467478973073524,2.6467478973073524
1986-07-01,BILL,1.9375265820556287,1.9375265820556287,2.4554453622016736,2.6677185631045974,2.6677185631045974
1986-10-01,BILL,1.9316460161529136,1.9316460161529136,2.51030691994217,2.6069306931341014,2.6069306931341014
1987-01-01,BILL,1.9892305718530479,1.9892305718530479,2.5015569720546886,2.6607483918735877,2.6607483918735877
1987-04-01,BILL,1.9714956836117672,1.9714956836117672,2.454700017855834,2.70054438297371,2.70054438297371
1987-07-01,BILL,2.021740236067316,2.021740236067316,2.469641668918583,2.746252202367938,2.746252202367938
1987-10-01,BILL,1.971770985936925,1.971770985936925,2.453943255689199,2.7409442865095883,2.7409442865095883
1988-01-01,BILL,1.8895112152393632,1.8895112152393632,2.5230996076526164,2.7244475960672228,2.7244475960672228
1988-04-01,BILL,1.9228610646147726,1.9228610646147726,2.5290638625300437,2.6882354986385777,2.6882354986385777
1988-07-01,BILL,1.8883071909432916,1.8883071909432916,2.5193117805456464,2.6245419014245033,2.6245419014245033
1988-10-01,BILL,1.9613404884159484,1.9613404884159484,2.4295038947897707,2.650780472314118,2.650780472314118
1989-01-01,BILL,1.9739418196293728,1.9739418196293728,2.412621712101896,2.6519836063363202,2.6519836063363202
1989-04-01,BILL,1.969189451560707,1.969189451560707,2.4037636857868443,2.6351628783520913,2.6351628783520913
1989-07-01,BILL,2.026879388841019,2.026879388841019,2.35778147044741,2.5444037539778077,2.5444037539778077
1989-10-01,BILL,2.032717428308872,2.032717428308872,2.375882286155623,2.5831772648620825,2.5831772648620825
1990-01-01,BILL,2.04174355056218,2.04174355056218,2.386741793345993,2.6539267699343516,2.6539267699343516
1990-04-01,BILL,1.9983979272860413,1.9983979272860413,2.476715681271995,2.6168571784951107,2.6168571784951107
1990-07-01,BILL,1.959592768662549,1.959592768662549,2.4791357269151106,2.5980052606213064,2.5980052606213064
1990-10-01,BILL,1.9072087094243755,1.9072087094243755,2.4922204208962406,2.693415640488239,2.693415640488239
1991-01-01,BILL,1.9232342132841163,1.9232342132841163,2.4372786451659816,2.6311478187431336,2.6311478187431336
1991-04-01,BILL,1.887788137956254,1.887788137956254,2.3356855948039046,2.6082772608312323,2.6082772608312323
1991-07-01,BILL,1.9651137421863587,1.9651137421863587,2.3209242547243143,2.5007754926455057,2.5007754926455057
1991-10-01,BILL,2.000547023395032,2.000547023395032,2.2142211554926345,2.5274222337661074,2.5274222337661074
1992-01-01,BILL,2.025602270722475,2.025602270722475,2.238579695057084,2.4268556660885063,2.4268556660885063
1992-04-01,BILL,2.0588193168495854,2.0588193168495854,2.174342385148176,2.401577202455215,2.401577202455215
1992-07-01,BILL,1.943165652668225,1.943165652668225,2.155236937318837,2.285948809670967,2.285948809670967
1992-10-01,BILL,1.8260885839216308,1.8260885839216308,2.1864879104846398,2.3495544877012575,2.3495544877012575
1993-01-01,BILL,1.869654913488859,1.869654913488859,2.1695537203071216,2.3449329831062236,2.3449329831062236
1993-04-01,BILL,1.9900133725651776,1.9900133725651776,2.1793184929185077,2.2951914806813085,2.2951914806813085
1993-07-01,BILL,2.016974084749316,2.016974084749316,2.1466583869055595,2.2638554622524394,2.2638554622524394
1993-10-01,BILL,2.067652420576442,2.067652420576442,2.1625617982227396,2.2856345797784785,2.2856345797784785
1994-01-01,BILL,2.0779210553991625,2.0779210553991625,2.1496537734245136,2.328940595934503,2.328940595934503
1994-04-01,BILL,2.1116854321082124,2.1116854321082124,2.236329094815248,2.4200486736432354,2.4200486736432354
1994-07-01,BILL,2.0988280008379907,2.0988280008379907,2.3010251848500722,2.3343475485184366,2.3343475485184366
1994-10-01,BILL,2.0626456756986444,2.0626456756986444,2.3163283026778774,2.3740614611939166,2.3740614611939166
1995-01-01,BILL,2.0139312305172625,2.0139312305172625,2.2875653964959235,2.3852743895169475,2.3852743895169475
1995-04-01,BILL,2.069236515995601,2.069236515995601,2.191965239336925,2.304978637507028,2.304978637507028
1995-07-01,BILL,2.088016050079755,2.088016050079755,2.1649873930090138,2.290149466206943,2.290149466206943
1995-10-01,BILL,2.0583666374915155,2.0583666374915155,2.204737298829582,2.2590720667517226,2.2590720667517226
1996-01-01,BILL,2.065072481428103,2.065072481428103,2.2064180692047937,2.232365799016466,2.232365799016466
1996-04-01,BILL,2.0314274995266786,2.0314274995266786,2.2491344457470364,2.265240112102489,2.265240112102489
1996-07-01,BILL,2.0805958599795713,2.0805958599795713,2.18769099321328,2.3002317597904036,2.3002317597904036
1996-10-01,BILL,2.1307188984919727,2.1307188984919727,2.1542047259414825,2.301045416910885,2.301045416910885
1997-01-01,BILL,2.107367270190637,2.107367270190637,2.1813596375973185,2.2583077169282126,2.2583077169282126
1997-04-01,BILL,2.154139355435356,2.154139355435356,2.1763941334011707,2.319030636293089,2.319030636293089
1997-07-01,BILL,2.137362815278894,2.137362815278894,2.194374549123648,2.2776173033616502,2.2776173033616502
1997-10-01,BILL,2.106182923897234,2.106182923897234,2.199066813586399,2.2841649186019986,2.2841649186019986
1998-01-01,BILL,2.069550940692246,2.069550940692246,2.239656941039372,2.312815521217745,2.312815521217745
1998-04-01,BILL,2.0292717138822294,2.0292717138822294,2.298115152088586,2.4534396923170787,2.4534396923170787
1998-07-01,BILL,2.067250636065768,2.067250636065768,2.294195143409926,2.3842695560465894,2.3842695560465894
1998-10-01,BILL,2.1526248331411657,2.1526248331411657,2.2030340396419232,2.418186184561411,2.418186184561411
1999-01-01,BILL,2.1226399032651644,2.1226399032651644,2.2477283066273137,2.4176346966173896,2.4176346966173896
1999-04-01,BILL,2.1899439080165872,2.1899439080165872,2.2216670582404956,2.4375095786502823,2.4375095786502823
1999-07-01,BILL,2.1916270248682705,2.1916270248682705,2.273710813615453,2.413526062942433,2.413526062942433
1999-10-01,BILL,2.2210453829617,2.2210453829617,2.2633716338906904,2.3664213172836908,2.3664213172836908
2000-01-01,BILL,2.2656845670114096,2.2656845670114096,2.29485328207836,2.3566213711461783,2.3566213711461783
2000-04-01,BILL,2.1545594449811114,2.1545594449811114,2.2726256101087428,2.3472525789810144,2.3472525789810144
2000-07-01,BILL,2.097331971541383,2.097331971541383,2.270420481763918,2.327972677628438,2.327972677628438
2000-10-01,BILL,2.1523443303797287,2.1523443303797287,2.2233700883741534,2.3050631357161366,2.3050631357161366
2001-01-01,BILL,2.067951406222577,2.067951406222577,2.1675056751856197,2.3108003890889264,2.3108003890889264
2001-04-01,BILL,2.051763821831108,2.051763821831108,2.1041338661492364,2.3104125107737934,2.3104125107737934
2001-07-01,BILL,2.0318280800043964,2.0318280800043964,2.126175911159878,2.280184426308993,2.280184426308993
2001-10-01,BILL,2.0858060384794785,2.0858060384794785,2.107905944272682,2.3240041083672796,2.3240041083672796
2002-01-01,BILL,2.0939460847956166,2.0939460847956166,2.1077095484381405,2.466116303775765,2.466116303775765
2002-04-01,BILL,2.089160264868057,2.089160264868057,2.144784873143554,2.5208193233222165,2.5208193233222165
2002-07-01,BILL,2.0948150786736064,2.0948150786736064,2.116843413163585,2.4273717825244514,2.4273717825244514
2002-10-01,BILL,2.0337030410996677,2.0337030410996677,2.144536920524671,2.4649225733419287,2.4649225733419287
2003-01-01,BILL,2.008180271426133,2.008180271426133,2.140858055541252,2.4644235976317375,2.4644235976317375
2003-04-01,BILL,1.912926826433127,1.912926826433127,2.050381838394581,2.482041156637221,2.482041156637221
2003-07-01,BILL,1.826317679377856,1.826317679377856,2.052461268351608,2.476155915703114,2.476155915703114
2003-10-01,BILL,1.7675382249905307,1.7675382249905307,2.051170897398833,2.4485717611479894,2.4485717611479894
2004-01-01,BILL,1.7460613966457372,1.7460613966457372,1.9704035193913445,2.427730870200626,2.427730870200626
2004-04-01,BILL,1.857837404901045,1.857837404901045,1.8950398238914579,2.3724702090761935,2.3724702090761935
2004-07-01,BILL,1.7954577599029748,1.7954577599029748,1.8521019270937298,2.299789207930001,2.299789207930001
2004-10-01,BILL,1.7795133933878584,1.7795133933878584,1.871028478644204,2.24020887396614,2.24020887396614
2005-01-01,BILL,1.7993059865782437,1.7993059865782437,1.868064097559172,2.18868347927451,2.18868347927451
2005-04-01,BILL,1.729815348379926,1.729815348379926,1.8625179636087852,2.1886381984199046,2.1886381984199046
2005-07-01,BILL,1.689849920816789,1.689849920816789,1.8671456514367482,2.2425461429509714,2.2425461429509714
2005-10-01,BILL,1.657516144395235,1.657516144395235,1.8256951386088598,2.2538484998633015,2.2538484998633015
2006-01-01,BILL,1.5980331213781511,1.5980331213781511,1.8289690935274454,2.1610572328236204,2.1610572328236204
2006-04-01,BILL,1.4871771778649077,1.4871771778649077,1.70773488370105,2.1755604090192735,2.1755604090192735
2006-07-01,BILL,1.3752048443115064,1.3752048443115064,1.6276719536003261,2.024353284321724,2.024353284321724
2006-10-01,BILL,1.4029874144332208,1.4029874144332208,1.6228701648488906,1.9897202025065772,1.9897202025065772
2007-01-01,BILL,1.4598680119978842,1.4598680119978842,1.6350698809306745,2.026006101341961,2.026006101341961
2007-04-01,BILL,1.51347665924668,1.51347665924668,1.5922706661509611,1.8997909752053836,1.8997909752053836
2007-07-01,BILL,1.5124997056313882,1.5124997056313882,1.5732152025705473,1.8180848908268001,1.8180848908268001
2007-10-01,BILL,1.4816906719130671,1.4816906719130671,1.527327935734438,1.7896732222141032,1.7896732222141032
2008-01-01,BILL,1.4559036183492455,1.4559036183492455,1.5398396718623895,1.7016532247878606,1.7016532247878606
2008-04-01,BILL,1.417002867258627,1.417002867258627,1.46362877171916,1.682762413578181,1.682762413578181
2008-07-01,BILL,1.312388094832842,1.312388094832842,1.4554673486462322,1.6965963503600878,1.6965963503600878
2008-10-01,BILL,1.2662693278579096,1.2662693278579096,1.4386562746061877,1.6820850657487543,1.6820850657487543
2009-01-01,BILL,1.1879550623852644,1.1879550623852644,1.4225570636524827,1.6729373997663068,1.6729373997663068
2009-04-01,BILL,1.0925811185545646,1.0925811185545646,1.4960595941936439,1.6372194568019542,1.6372194568019542
2009-07-01,BILL,1.1215624631071612,1.1215624631071612,1.4469667743073693,1.5721759790468708,1.5721759790468708
2009-10-01,BILL,1.0647766877339582,1.0647766877339582,1.3893054623836312,1.5740840891885297,1.5740840891885297
2010-01-01,BILL,1.011954396657523,1.011954396657523,1.3463403659054771,1.5079390678957296,1.5079390678957296
2010-04-01,BILL,0.9929702288568325,0.9929702288568325,1.2748057839715863,1.4444519666109534,1.4444519666109534
2010-07-01,BILL,0.8899761026099628,0.8899761026099628,1.2923817737648677,1.4905745350612922,1.4905745350612922
2010-10-01,BILL,0.882172604921106,0.882172604921106,1.2932329633762107,1.4160436884915664,1.4160436884915664
2011-01-01,BILL,0.8664059589556007,0.8664059589556007,1.211419226734056,1.3508716753972116,1.3508716753972116
2011-04-01,BILL,0.8656924634818891,0.8656924634818891,1.1807142573462477,1.4028129851042959,1.4028129851042959
2011-07-01,BILL,0.7918863686745942,0.7918863686745942,1.138837495753361,1.3147662566389424,1.3147662566389424
2011-10-01,BILL,0.7602725500976891,0.7602725500976891,1.0385457345760372,1.287031556237906,1.287031556237906
2012-01-01,BILL,0.7322091969232145,0.7322091969232145,1.0322137338260466,1.1785708176243335,1.1785708176243335
2012-04-01,BILL,0.7756169183949911,0.7756169183949911,0.9803820235497627,1.0934423192987126,1.0934423192987126
2012-07-01,BILL,0.7586700059617812,0.7586700059617812,0.9658082585207174,1.0759009623918572,1.0759009623918572
2012-10-01,BILL,0.7363067619697102,0.7363067619697102,0.9511914114085752,1.0442066898180744,1.0442066898180744
2013-01-01,BILL,0.7876938832581385,0.7876938832581385,0.9482169731772739,1.0654196215684495,1.0654196215684495
2013-04-01,BILL,0.6850840625064737,0.6850840625064737,0.9726044089405909,1.0900223336637886,1.0900223336637886
2013-07-01,BILL,0.7470965459291427,0.7470965459291427,0.8817736766857593,1.1479786077656304,1.1479786077656304
2013-10-01,BILL,0.7278585383121094,0.7278585383121094,0.8602016624237101,1.1155419175874157,1.1155419175874157
2014-01-01,BILL,0.7192789762932449,0.7192789762932449,0.8187023423535901,1.0966854423117331,1.0966854423117331
2014-04-01,BILL,0.774979284821344,0.774979284821344,0.787966166684257,1.1578968512247785,1.1578968512247785
2014-07-01,BILL,0.7401970931118992,0.7401970931118992,0.8597382189098621,1.019008443876475,1.019008443876475
2014-10-01,BILL,0.7309804221612849,0.7309804221612849,0.7498695606320519,1.0119276475733774,1.0119276475733774
2015-01-01,BILL,0.6710066944489504,0.6710066944489504,0.7381995160362382,1.0079822501273645,1.0079822501273645
2015-04-01,BILL,0.6244846711357828,0.6244846711357828,0.719678573244614,1.0267696109864743,1.0267696109864743
2015-07-01,BILL,0.5431283383352565,0.5431283383352565,0.7657709172662666,1.0136517502965556,1.0136517502965556
2015-10-01,BILL,0.5295192661738936,0.5295192661738936,0.7222929338342913,0.918050223845528,0.918050223845528
2016-01-01,BILL,0.6253985930974613,0.6253985930974613,0.726160426450213,0.8483149298538601,0.8483149298538601
2016-04-01,BILL,0.592934546043631,0.592934546043631,0.7210439121842872,0.8569922701381222,0.8569922701381222
2016-07-01,BILL,0.5675730474584728,0.5675730474584728,0.756891878918149,0.8951724549841786,0.8951724549841786
2016-10-01,BILL,0.5659378171996926,0.5659378171996926,0.8025271846185036,0.8851595842742057,0.8851595842742057
2017-01-01,BILL,0.600535860424125,0.600535860424125,0.79847003197967,0.8248591244756871,0.8248591244756871
2017-04-01,BILL,0.5546340167926423,0.5546340167926423,0.687373603938414,0.8147935373050332,0.8147935373050332
2017-07-01,BILL,0.48366259598598427,0.48366259598598427,0.7155033162794165,0.843393589686062,0.843393589686062
2017-10-01,BILL,0.3642073915775569,0.3642073915775569,0.5768537216050574,0.8729606281427955,0.8729606281427955
2018-01-01,BILL,0.2843816854183049,0.2843816854183049,0.577571803521427,0.8863797023523006,0.8863797023523006
2018-04-01,BILL,0.3148291321459568,0.3148291321459568,0.6368127877394191,0.8211799416307775,0.8211799416307775
2018-07-01,BILL,0.27415823652708154,0.27415823652708154,0.6516493977305747,0.7005739259693263,0.7005739259693263
2018-10-01,BILL,0.2829801552782268,0.2829801552782268,0.5560725412255759,0.6178669562896824,0.6178669562896824
2019-01-01,BILL,0.3981827443471566,0.3981827443471566,0.5755580120764907,0.6225620525273967,0.6225620525273967
2019-04-01,BILL,0.4416672711050066,0.4416672711050066,0.5722723826533491,0.685653956716081,0.685653956716081
2019-07-01,BILL,0.4215243761739492,0.4215243761739492,0.5040535005022809,0.6461154652948017,0.6461154652948017
2019-10-01,BILL,0.3871567186298705,0.3871567186298705,0.43963295202338415,0.5919100076914415,0.5919100076914415
2020-01-01,BILL,0.2759325257939389,0.2759325257939389,0.4099576030202993,0.5899270443764453,0.5899270443764453
2020-04-01,BILL,0.24853260317233705,0.24853260317233705,0.421785422345037,0.5231600001060126,0.5231600001060126
2020-07-01,BILL,0.16870049061280676,0.16870049061280676,0.44381316993564585,0.5540072020101741,0.5540072020101741
2020-10-01,BILL,0.14205946369030897,0.14205946369030897,0.3744983199496606,0.5459018453432695,0.5459018453432695
2021-01-01,BILL,0.16670287621291632,0.16670287621291632,0.4317027469577503,0.579388405234443,0.579388405234443
2021-04-01,BILL,0.23015578368435277,0.23015578368435277,0.4065741648431514,0.49724415785272363,0.49724415785272363
2021-07-01,BILL,0.20462036352899837,0.20462036352899837,0.3895204091553563,0.5356793623673923,0.5356793623673923
2021-10-01,BILL,0.15478549615254433,0.15478549615254433,0.361150690193108,0.42238240876803834,0.42238240876803834
2022-01-01,BILL,0.15437156496346413,0.15437156496346413,0.3484428291938899,0.44415477158948186,0.44415477158948186
2022-04-01,BILL,0.1749635916217567,0.1749635916217567,0.419447440346339,0.5985859986272917,0.5985859986272917
2022-07-01,BILL,0.14207523363610117,0.14207523363610117,0.42356025647980633,0.6315148797154119,0.6315148797154119
2022-10-01,BILL,0.1728419218120826,0.1728419218120826,0.42367862781378723,0.630153566103351,0.630153566103351
2023-01-01,BILL,0.1385766521433544,0.1385766521433544,0.3979548010122327,0.5540834302935962,0.5540834302935962
2023-04-01,BILL,0.2039690446387886,0.2039690446387886,0.420346811723405,0.6025923558935985,0.6025923558935985
2023-07-01,BILL,0.17837705766624412,0.17837705766624412,0.4020048709068421,0.609939163883639,0.609939163883639
2023-10-01,BILL,0.10664559488388459,0.10664559488388459,0.32579871343647787,0.6014478332666137,0.6014478332666137
2024-01-01,BILL,0.14643229708218636,0.14643229708218636,0.34558309833960166,0.6312365263565052,0.6312365263565052
2024-04-01,BILL,0.15491102543220578,0.15491102543220578,0.3174558939039503,0.6636642741483244,0.6636642741483244
2024-07-01,BILL,0.18843949090947315,0.18843949090947315,0.39392056766427763,0.6482791808914712,0.6482791808914712
2024-10-01,BILL,0.13607627966506503,0.13607627966506503,0.43274418795885305,0.7401378383764897,0.7401378383764897
2025-01-01,BILL,0.16980685798419234,0.16980685798419234,0.5019769458509254,0.6838082420938661,0.6838082420938661
2025-04-01,BILL,0.18485989535649341,0.18485989535649341,0.41737622247711886,0.6967467544394905,0.6967467544394905
1960-01-01,EBILL,1.208375341424,1.208375341424,1.4813374031627842,2.037696186201887,2.037696186201887
1960-04-01,EBILL,1.2896342186953036,1.2896342186953036,1.4451867027257852,1.9285252061148124,1.9285252061148124
1960-07-01,EBILL,1.3360297899398543,1.3360297899398543,1.3825986689750431,1.8509163327319798,1.8509163327319798
1960-10-01,EBILL,1.2429893618800398,1.2429893618800398,1.42766490498179,1.8186842424529268,1.8186842424529268
1961-01-01,EBILL,1.2049468022494703,1.2049468022494703,1.469248068380247,1.8999679821760653,1.8999679821760653
1961-04-01,EBILL,1.2295981447749487,1.2295981447749487,1.4700543949655631,1.9622870738904763,1.9622870738904763
1961-07-01,EBILL,1.2275548548114559,1.2275548548114559,1.392148020384185,1.897440660224003,1.897440660224003
1961-10-01,EBILL,1.2369200861974587,1.2369200861974587,1.3385913811218964,1.9503825932354495,1.9503825932354495
1962-01-01,EBILL,1.263906707140343,1.263906707140343,1.4574698373087251,1.9419986623848593,1.9419986623848593
1962-04-01,EBILL,1.1744092516344118,1.1744092516344118,1.4453880121995073,1.8412811521355692,1.8412811521355692
1962-07-01,EBILL,1.0937496097295833,1.0937496097295833,1.4677859189974827,1.8902914071768309,1.8902914071768309
1962-10-01,EBILL,1.1214569885200076,1.1214569885200076,1.5085688320519193,1.8726376566729075,1.8726376566729075
1963-01-01,EBILL,1.1495823205911089,1.1495823205911089,1.485749761845494,1.9664866006635802,1.9664866006635802
1963-04-01,EBILL,1.1827930277391634,1.1827930277391634,1.4594610078132484,2.04347167520988,2.04347167520988
1963-07-01,EBILL,1.160260888833594,1.160260888833594,1.5371086994197174,2.066336293450346,2.066336293450346
1963-10-01,EBILL,1.1681374281562986,1.1681374281562986,1.5308961314284708,1.9914814202378504,1.9914814202378504
1964-01-01,EBILL,1.1690526726839054,1.1690526726839054,1.569141335598836,1.9033612175867438,1.9033612175867438
1964-04-01,EBILL,1.1979103813536183,1.1979103813536183,1.5204297962051436,1.9650374412740186,1.9650374412740186
1964-07-01,EBILL,1.1924453135262405,1.1924453135262405,1.4656450779039245,1.9351075721506723,1.9351075721506723
1964-10-01,EBILL,1.1951534746438992,1.1951534746438992,1.5177370268465882,2.0060754902651663,2.0060754902651663
1965-01-01,EBILL,1.246452183496343,1.246452183496343,1.4645887436875675,1.9684059589112497,1.9684059589112497
1965-04-01,EBILL,1.273597405807294,1.273597405807294,1.3910311866055391,1.8976285139321731,1.8976285139321731
1965-07-01,EBILL,1.2398198476617917,1.2398198476617917,1.3831798812435938,1.9314343816135517,1.9314343816135517
1965-10-01,EBILL,1.2111377683221602,1.2111377683221602,1.4099760031624125,1.9409833975235795,1.9409833975235795
1966-01-01,EBILL,1.1377886063070968,1.1377886063070968,1.3857330634451799,1.911033232448091,1.911033232448091
1966-04-01,EBILL,1.148299921050208,1.148299921050208,1.4471587785175573,1.8977931810716027,1.8977931810716027
1966-07-01,EBILL,1.1189445497685098,1.1189445497685098,1.5157755839718257,1.7926684817157785,1.7926684817157785
1966-10-01,EBILL,1.2233379409606646,1.2233379409606646,1.5490321121983732,1.7994975264529753,1.7994975264529753
1967-01-01,EBILL,1.1870938870890957,1.1870938870890957,1.575818073466512,1.8917554237500673,1.8917554237500673
1967-04-01,EBILL,1.234962531244174,1.234962531244174,1.541843719761561,1.8293119088620557,1.8293119088620557
1967-07-01,EBILL,1.2908311363702125,1.2908311363702125,1.5730441243332944,1.9312885707253622,1.9312885707253622
1967-10-01,EBILL,1.2884397325490904,1.2884397325490904,1.6730442238885463,1.860772027607006,1.860772027607006
1968-01-01,EBILL,1.364707465048929,1.364707465048929,1.591380567436961,1.8673148177321064,1.8673148177321064
1968-04-01,EBILL,1.3509342983379349,1.3509342983379349,1.6031958480582371,1.923059772267678,1.923059772267678
1968-07-01,EBILL,1.32717935539176,1.32717935539176,1.6280331821685305,1.9037709906893818,1.9037709906893818
1968-10-01,EBILL,1.3590044989106813,1.3590044989106813,1.51985706302473,1.9230021008874694,1.9230021008874694
1969-01-01,EBILL,1.383796309988607,1.383796309988607,1.6418594759111809,1.9137828134659036,1.9137828134659036
1969-04-01,EBILL,1.3820225767827192,1.3820225767827192,1.7088378786807195,1.9206039400331396,1.9206039400331396
1969-07-01,EBILL,1.3503908276181553,1.3503908276181553,1.7570363217072729,1.9184945479782505,1.9184945479782505
1969-10-01,EBILL,1.348059968768746,1.348059968768746,1.7805603928510692,2.0052002970171316,2.0052002970171316
1970-01-01,EBILL,1.3744532509975627,1.3744532509975627,1.8082199961714118,2.0809437815286103,2.0809437815286103
1970-04-01,EBILL,1.4458655804091511,1.4458655804091511,1.9018866681080897,2.010479850340986,2.010479850340986
1970-07-01,EBILL,1.515396464813799,1.515396464813799,1.9087999608743764,2.0370655512583546,2.0370655512583546
1970-10-01,EBILL,1.492984574662933,1.492984574662933,1.8821442139667672,2.039560143718289,2.039560143718289
1971-01-01,EBILL,1.5773346008934381,1.5773346008934381,1.9234472110746128,2.066264488742692,2.066264488742692
1971-04-01,EBILL,1.597083824253944,1.597083824253944,1.9805849082837956,2.03990389783903,2.03990389783903
1971-07-01,EBILL,1.6690254841977277,1.6690254841977277,2.0371252541292693,2.101139222968836,2.101139222968836
1971-10-01,EBILL,1.6479706324987358,1.6479706324987358,2.058415677799561,2.206363694816019,2.206363694816019
1972-01-01,EBILL,1.6696092906373745,1.6696092906373745,2.049323469770434,2.378434101561365,2.378434101561365
1972-04-01,EBILL,1.6931106538294216,1.6931106538294216,2.0702453280607394,2.3488304528594774,2.3488304528594774
1972-07-01,EBILL,1.6750198016898192,1.6750198016898192,2.121815520568408,2.410756321512749,2.410756321512749
1972-10-01,EBILL,1.7303663406844487,1.7303663406844487,2.1119649129076925,2.4134403140000864,2.4134403140000864
1973-01-01,EBILL,1.7564207050105412,1.7564207050105412,2.1636601423240758,2.4586750795596406,2.4586750795596406
1973-04-01,EBILL,1.8303295885566808,1.8303295885566808,2.162893276940154,2.4599407480054167,2.4599407480054167
1973-07-01,EBILL,1.9294974623034788,1.9294974623034788,2.156018364047088,2.4683076499823255,2.4683076499823255
1973-10-01,EBILL,1.9541079338869376,1.9541079338869376,2.1521439487044587,2.4388535053035927,2.4388535053035927
1974-01-01,EBILL,1.961728907822523,1.961728907822523,2.179902792997949,2.4193820288148165,2.4193820288148165
1974-04-01,EBILL,1.9888907475811965,1.9888907475811965,2.2327829144393956,2.3637398552987485,2.3637398552987485
1974-07-01,EBILL,1.9485799026728918,1.9485799026728918,2.2429355731673937,2.3630726723483635,2.3630726723483635
1974-10-01,EBILL,1.931681847730898,1.931681847730898,2.2734904399118343,2.4476729013842644,2.4476729013842644
1975-01-01,EBILL,1.9712755693438846,1.9712755693438846,2.3219129117088317,2.5128191771558774,2.5128191771558774
1975-04-01,EBILL,1.9571246268662108,1.9571246268662108,2.3170704627503627,2.6360130302496083,2.6360130302496083
1975-07-01,EBILL,1.980561662502355,1.980561662502355,2.255988824133494,2.6512579492788726,2.6512579492788726
1975-10-01,EBILL,1.8735242887349326,1.8735242887349326,2.2705050348415723,2.6265455517700023,2.6265455517700023
1976-01-01,EBILL,1.9476321591061538,1.9476321591061538,2.339276268261104,2.545946372109665,2.545946372109665
1976-04-01,EBILL,1.9634157253186832,1.9634157253186832,2.3315678913800846,2.521802017774901,2.521802017774901
1976-07-01,EBILL,2.033333254972541,2.033333254972541,2.290165379659562,2.5198333762379144,2.5198333762379144
1976-10-01,EBILL,1.9964921613178717,1.9964921613178717,2.2925213108968707,2.54958738698326,2.54958738698326
1977-01-01,EBILL,1.9545462784344527,1.9545462784344527,2.3029758733881027,2.5623410449880226,2.5623410449880226
1977-04-01,EBILL,1.9518837843968952,1.9518837843968952,2.3464266544170287,2.5640336545044082,2.5640336545044082
1977-07-01,EBILL,1.9602269824681677,1.9602269824681677,2.3340032838134994,2.631710752076521,2.631710752076521
1977-10-01,EBILL,1.9433656547509701,1.9433656547509701,2.4142193724842493,2.6466019105451846,2.6466019105451846
1978-01-01,EBILL,1.8662933216238224,1.8662933216238224,2.381371899971765,2.5933918028036036,2.5933918028036036
1978-04-01,EBILL,1.8579824124812465,1.8579824124812465,2.376185727551273,2.6320256420345065,2.6320256420345065
1978-07-01,EBILL,1.8841809054852734,1.8841809054852734,2.3551023511773166,2.680387339252019,2.680387339252019
1978-10-01,EBILL,1.8661276699917688,1.8661276699917688,2.37424474649044,2.744412844149224,2.744412844149224
1979-01-01,EBILL,1.8304667675974062,1.8304667675974062,2.444010299786303,2.841896068310669,2.841896068310669
1979-04-01,EBILL,1.9235006785895807,1.9235006785895807,2.484851419245357,2.919429085955699,2.919429085955699
1979-07-01,EBILL,1.9604746274789075,1.9604746274789075,2.420863239173705,2.8951788150786997,2.8951788150786997
1979-10-01,EBILL,1.8885856802061987,1.8885856802061987,2.444048417464101,2.8059997106348544,2.8059997106348544
1980-01-01,EBILL,1.8957722086644244,1.8957722086644244,2.4675909919749257,2.86912730249442,2.86912730249442
1980-04-01,EBILL,1.8873786642940675,1.8873786642940675,2.454169201509494,2.7862529903753166,2.7862529903753166
1980-07-01,EBILL,1.920709319712628,1.920709319712628,2.4435131668134944,2.831867734178555,2.831867734178555
1980-10-01,EBILL,1.995067428492843,1.995067428492843,2.5185736685731857,2.9404173780465928,2.9404173780465928
1981-01-01,EBILL,2.0332706259147644,2.0332706259147644,2.5223565790859843,2.863658451774759,2.863658451774759
1981-04-01,EBILL,1.9634042891520234,1.9634042891520234,2.5738562871842285,2.943750422260127,2.943750422260127
1981-07-01,EBILL,2.048466060142838,2.048466060142838,2.6846545368943384,2.9396709474422407,2.9396709474422407
1981-10-01,EBILL,2.151284933131097,2.151284933131097,2.65971108424695,2.903317047852493,2.903317047852493
1982-01-01,EBILL,2.1609134894452264,2.1609134894452264,2.5844710349104223,2.962211489994751,2.962211489994751
1982-04-01,EBILL,2.1262561214159996,2.1262561214159996,2.6481406669134095,2.8999142118443286,2.8999142118443286
1982-07-01,EBILL,2.1025144419695794,2.1025144419695794,2.5926924640915257,2.9229828399333693,2.9229828399333693
1982-10-01,EBILL,2.0886612705714724,2.0886612705714724,2.531572492585101,2.9269770644244013,2.9269770644244013
1983-01-01,EBILL,2.070512350593848,2.070512350593848,2.501655480753433,2.894792502938452,2.894792502938452
1983-04-01,EBILL,2.0351666108242803,2.0351666108242803,2.6252745368773356,2.9217324169735335,2.9217324169735335
1983-07-01,EBILL,2.070977884513161,2.070977884513161,2.716720878736933,3.0465500622851835,3.0465500622851835
1983-10-01,EBILL,2.0328180141838135,2.0328180141838135,2.693498254341344,3.0169637340593227,3.0169637340593227
1984-01-01,EBILL,2.032389385545586,2.032389385545586,2.7022473813091086,2.9925161559822158,2.9925161559822158
1984-04-01,EBILL,2.0645894679554178,2.0645894679554178,2.6371090709366767,2.9020573888158885,2.9020573888158885
1984-07-01,EBILL,2.012350324739629,2.012350324739629,2.697330406480806,2.8668243864972425,2.8668243864972425
1984-10-01,EBILL,2.0465734575895715,2.0465734575895715,2.6295265109991743,2.766388155470604,2.766388155470604
1985-01-01,EBILL,2.038170633333366,2.038170633333366,2.569681439688748,2.678690908289506,2.678690908289506
1985-04-01,EBILL,1.9891751308020755,1.9891751308020755,2.623122512472595,2.763865079569829,2.763865079569829
1985-07-01,EBILL,1.932877859193298,1.932877859193298,2.568119178703208,2.7207733978322395,2.7207733978322395
1985-10-01,EBILL,1.9376441626852998,1.9376441626852998,2.529000743281891,2.69406943212997,2.69406943212997
1986-01-01,EBILL,1.898161722516285,1.898161722516285,2.4268846160056645,2.6531836375618294,2.6531836375618294
1986-04-01,EBILL,1.8661685609139698,1.8661685609139698,2.4471012283259723,2.6467478973073524,2.6467478973073524
1986-07-01,EBILL,1.9375265820556287,1.9375265820556287,2.4554453622016736,2.6677185631045974,2.6677185631045974
1986-10-01,EBILL,1.9316460161529136,1.9316460161529136,2.51030691994217,2.6069306931341014,2.6069306931341014
1987-01-01,EBILL,1.9892305718530479,1.9892305718530479,2.5015569720546886,2.6607483918735877,2.6607483918735877
1987-04-01,EBILL,1.9714956836117672,1.9714956836117672,2.454700017855834,2.70054438297371,2.70054438297371
1987-07-01,EBILL,2.021740236067316,2.021740236067316,2.469641668918583,2.746252202367938,2.746252202367938
1987-10-01,EBILL,1.971770985936925,1.971770985936925,2.453943255689199,2.7409442865095883,2.7409442865095883
1988-01-01,EBILL,1.8895112152393632,1.8895112152393632,2.5230996076526164,2.7244475960672228,2.7244475960672228
1988-04-01,EBILL,1.9228610646147726,1.9228610646147726,2.5290638625300437,2.6882354986385777,2.6882354986385777
1988-07-01,EBILL,1.8883071909432916,1.8883071909432916,2.5193117805456464,2.6245419014245033,2.6245419014245033
1988-10-01,EBILL,1.9613404884159484,1.9613404884159484,2.4295038947897707,2.650780472314118,2.650780472314118
1989-01-01,EBILL,1.9739418196293728,1.9739418196293728,2.412621712101896,2.6519836063363202,2.6519836063363202
1989-04-01,EBILL,1.969189451560707,1.969189451560707,2.4037636857868443,2.6351628783520913,2.6351628783520913
1989-07-01,EBILL,2.026879388841019,2.026879388841019,2.35778147044741,2.5444037539778077,2.5444037539778077
1989-10-01,EBILL,2.032717428308872,2.032717428308872,2.375882286155623,2.5831772648620825,2.5831772648620825
1990-01-01,EBILL,2.04174355056218,2.04174355056218,2.386741793345993,2.6539267699343516,2.6539267699343516
1990-04-01,EBILL,1.9983979272860413,1.9983979272860413,2.476715681271995,2.6168571784951107,2.6168571784951107
1990-07-01,EBILL,1.959592768662549,1.959592768662549,2.4791357269151106,2.5980052606213064,2.5980052606213064
1990-10-01,EBILL,1.9072087094243755,1.9072087094243755,2.4922204208962406,2.693415640488239,2.693415640488239
1991-01-01,EBILL,1.9232342132841163,1.9232342132841163,2.4372786451659816,2.6311478187431336,2.6311478187431336
1991-04-01,EBILL,1.887788137956254,1.887788137956254,2.3356855948039046,2.6082772608312323,2.6082772608312323
1991-07-01,EBILL,1.9651137421863587,1.9651137421863587,2.3209242547243143,2.5007754926455057,2.5007754926455057
1991-10-01,EBILL,2.000547023395032,2.000547023395032,2.2142211554926345,2.5274222337661074,2.5274222337661074
1992-01-01,EBILL,2.025602270722475,2.025602270722475,2.238579695057084,2.4268556660885063,2.4268556660885063
1992-04-01,EBILL,2.0588193168495854,2.0588193168495854,2.174342385148176,2.401577202455215,2.401577202455215
1992-07-01,EBILL,1.943165652668225,1.943165652668225,2.155236937318837,2.285948809670967,2.285948809670967
1992-10-01,EBILL,1.8260885839216308,1.8260885839216308,2.1864879104846398,2.3495544877012575,2.3495544877012575
1993-01-01,EBILL,1.869654913488859,1.869654913488859,2.1695537203071216,2.3449329831062236,2.3449329831062236
1993-04-01,EBILL,1.9900133725651776,1.9900133725651776,2.1793184929185077,2.2951914806813085,2.2951914806813085
1993-07-01,EBILL,2.016974084749316,2.016974084749316,2.1466583869055595,2.2638554622524394,2.2638554622524394
1993-10-01,EBILL,2.067652420576442,2.067652420576442,2.1625617982227396,2.2856345797784785,2.2856345797784785
1994-01-01,EBILL,2.0779210553991625,2.0779210553991625,2.1496537734245136,2.328940595934503,2.328940595934503
1994-04-01,EBILL,2.1116854321082124,2.1116854321082124,2.236329094815248,2.4200486736432354,2.4200486736432354
1994-07-01,EBILL,2.0988280008379907,2.0988280008379907,2.3010251848500722,2.3343475485184366,2.3343475485184366
1994-10-01,EBILL,2.0626456756986444,2.0626456756986444,2.3163283026778774,2.3740614611939166,2.3740614611939166
1995-01-01,EBILL,2.0139312305172625,2.0139312305172625,2.2875653964959235,2.3852743895169475,2.3852743895169475
1995-04-01,EBILL,2.069236515995601,2.069236515995601,2.191965239336925,2.304978637507028,2.304978637507028
1995-07-01,EBILL,2.088016050079755,2.088016050079755,2.1649873930090138,2.290149466206943,2.290149466206943
1995-10-01,EBILL,2.0583666374915155,2.0583666374915155,2.204737298829582,2.2590720667517226,2.2590720667517226
1996-01-01,EBILL,2.065072481428103,2.065072481428103,2.2064180692047937,2.232365799016466,2.232365799016466
1996-04-01,EBILL,2.0314274995266786,2.0314274995266786,2.2491344457470364,2.265240112102489,2.265240112102489
1996-07-01,EBILL,2.0805958599795713,2.0805958599795713,2.18769099321328,2.3002317597904036,2.3002317597904036
1996-10-01,EBILL,2.1307188984919727,2.1307188984919727,2.1542047259414825,2.301045416910885,2.301045416910885
1997-01-01,EBILL,2.107367270190637,2.107367270190637,2.1813596375973185,2.2583077169282126,2.2583077169282126
1997-04-01,EBILL,2.154139355435356,2.154139355435356,2.1763941334011707,2.319030636293089,2.319030636293089
1997-07-01,EBILL,2.137362815278894,2.137362815278894,2.194374549123648,2.2776173033616502,2.2776173033616502
1997-10-01,EBILL,2.106182923897234,2.106182923897234,2.199066813586399,2.2841649186019986,2.2841649186019986
1998-01-01,EBILL,2.069550940692246,2.069550940692246,2.239656941039372,2.312815521217745,2.312815521217745
1998-04-01,EBILL,2.0292717138822294,2.0292717138822294,2.298115152088586,2.4534396923170787,2.4534396923170787
1998-07-01,EBILL,2.067250636065768,2.067250636065768,2.294195143409926,2.3842695560465894,2.3842695560465894
1998-10-01,EBILL,2.1526248331411657,2.1526248331411657,2.2030340396419232,2.418186184561411,2.418186184561411
1999-01-01,EBILL,2.1226399032651644,2.1226399032651644,2.2477283066273137,2.4176346966173896,2.4176346966173896
1999-04-01,EBILL,2.1899439080165872,2.1899439080165872,2.2216670582404956,2.4375095786502823,2.4375095786502823
1999-07-01,EBILL,2.1916270248682705,2.1916270248682705,2.273710813615453,2.413526062942433,2.413526062942433
1999-10-01,EBILL,2.2210453829617,2.2210453829617,2.2633716338906904,2.3664213172836908,2.3664213172836908
2000-01-01,EBILL,2.2656845670114096,2.2656845670114096,2.29485328207836,2.3566213711461783,2.3566213711461783
2000-04-01,EBILL,2.1545594449811114,2.1545594449811114,2.2726256101087428,2.3472525789810144,2.3472525789810144
2000-07-01,EBILL,2.097331971541383,2.097331971541383,2.270420481763918,2.327972677628438,2.327972677628438
2000-10-01,EBILL,2.1523443303797287,2.1523443303797287,2.2233700883741534,2.3050631357161366,2.3050631357161366
2001-01-01,EBILL,2.067951406222577,2.067951406222577,2.1675056751856197,2.3108003890889264,2.3108003890889264
2001-04-01,EBILL,2.051763821831108,2.051763821831108,2.1041338661492364,2.3104125107737934,2.3104125107737934
2001-07-01,EBILL,2.0318280800043964,2.0318280800043964,2.126175911159878,2.280184426308993,2.280184426308993
2001-10-01,EBILL,2.0858060384794785,2.0858060384794785,2.107905944272682,2.3240041083672796,2.3240041083672796
2002-01-01,EBILL,2.0939460847956166,2.0939460847956166,2.1077095484381405,2.466116303775765,2.466116303775765
2002-04-01,EBILL,2.089160264868057,2.089160264868057,2.144784873143554,2.5208193233222165,2.5208193233222165
2002-07-01,EBILL,2.0948150786736064,2.0948150786736064,2.116843413163585,2.4273717825244514,2.4273717825244514
2002-10-01,EBILL,2.0337030410996677,2.0337030410996677,2.144536920524671,2.4649225733419287,2.4649225733419287
2003-01-01,EBILL,2.008180271426133,2.008180271426133,2.140858055541252,2.4644235976317375,2.4644235976317375
2003-04-01,EBILL,1.912926826433127,1.912926826433127,2.050381838394581,2.482041156637221,2.482041156637221
2003-07-01,EBILL,1.826317679377856,1.826317679377856,2.052461268351608,2.476155915703114,2.476155915703114
2003-10-01,EBILL,1.7675382249905307,1.7675382249905307,2.051170897398833,2.4485717611479894,2.4485717611479894
2004-01-01,EBILL,1.7460613966457372,1.7460613966457372,1.9704035193913445,2.427730870200626,2.427730870200626
2004-04-01,EBILL,1.857837404901045,1.857837404901045,1.8950398238914579,2.3724702090761935,2.3724702090761935
2004-07-01,EBILL,1.7954577599029748,1.7954577599029748,1.8521019270937298,2.299789207930001,2.299789207930001
2004-10-01,EBILL,1.7795133933878584,1.7795133933878584,1.871028478644204,2.24020887396614,2.24020887396614
2005-01-01,EBILL,1.7993059865782437,1.7993059865782437,1.868064097559172,2.18868347927451,2.18868347927451
2005-04-01,EBILL,1.729815348379926,1.729815348379926,1.8625179636087852,2.1886381984199046,2.1886381984199046
2005-07-01,EBILL,1.689849920816789,1.689849920816789,1.8671456514367482,2.2425461429509714,2.2425461429509714
2005-10-01,EBILL,1.657516144395235,1.657516144395235,1.8256951386088598,2.2538484998633015,2.2538484998633015
2006-01-01,EBILL,1.5980331213781511,1.5980331213781511,1.8289690935274454,2.1610572328236204,2.1610572328236204
2006-04-01,EBILL,1.4871771778649077,1.4871771778649077,1.70773488370105,2.1755604090192735,2.1755604090192735
2006-07-01,EBILL,1.3752048443115064,1.3752048443115064,1.6276719536003261,2.024353284321724,2.024353284321724
2006-10-01,EBILL,1.4029874144332208,1.4029874144332208,1.6228701648488906,1.9897202025065772,1.9897202025065772
2007-01-01,EBILL,1.4598680119978842,1.4598680119978842,1.6350698809306745,2.026006101341961,2.026006101341961
2007-04-01,EBILL,1.51347665924668,1.51347665924668,1.5922706661509611,1.8997909752053836,1.8997909752053836
2007-07-01,EBILL,1.5124997056313882,1.5124997056313882,1.5732152025705473,1.8180848908268001,1.8180848908268001
2007-10-01,EBILL,1.4816906719130671,1.4816906719130671,1.527327935734438,1.7896732222141032,1.7896732222141032
2008-01-01,EBILL,1.4559036183492455,1.4559036183492455,1.5398396718623895,1.7016532247878606,1.7016532247878606
2008-04-01,EBILL,1.417002867258627,1.417002867258627,1.46362877171916,1.682762413578181,1.682762413578181
2008-07-01,EBILL,1.312388094832842,1.312388094832842,1.4554673486462322,1.6965963503600878,1.6965963503600878
2008-10-01,EBILL,1.2662693278579096,1.2662693278579096,1.4386562746061877,1.6820850657487543,1.6820850657487543
2009-01-01,EBILL,1.1879550623852644,1.1879550623852644,1.4225570636524827,1.6729373997663068,1.6729373997663068
2009-04-01,EBILL,1.0925811185545646,1.0925811185545646,1.4960595941936439,1.6372194568019542,1.6372194568019542
2009-07-01,EBILL,1.1215624631071612,1.1215624631071612,1.4469667743073693,1.5721759790468708,1.5721759790468708
2009-10-01,EBILL,1.0647766877339582,1.0647766877339582,1.3893054623836312,1.5740840891885297,1.5740840891885297
2010-01-01,EBILL,1.011954396657523,1.011954396657523,1.3463403659054771,1.5079390678957296,1.5079390678957296
2010-04-01,EBILL,0.9929702288568325,0.9929702288568325,1.2748057839715863,1.4444519666109534,1.4444519666109534
2010-07-01,EBILL,0.8899761026099628,0.8899761026099628,1.2923817737648677,1.4905745350612922,1.4905745350612922
2010-10-01,EBILL,0.882172604921106,0.882172604921106,1.2932329633762107,1.4160436884915664,1.4160436884915664
2011-01-01,EBILL,0.8664059589556007,0.8664059589556007,1.211419226734056,1.3508716753972116,1.3508716753972116
2011-04-01,EBILL,0.8656924634818891,0.8656924634818891,1.1807142573462477,1.4028129851042959,1.4028129851042959
2011-07-01,EBILL,0.7918863686745942,0.7918863686745942,1.138837495753361,1.3147662566389424,1.3147662566389424
2011-10-01,EBILL,0.7602725500976891,0.7602725500976891,1.0385457345760372,1.287031556237906,1.287031556237906
2012-01-01,EBILL,0.7322091969232145,0.7322091969232145,1.0322137338260466,1.1785708176243335,1.1785708176243335
2012-04-01,EBILL,0.7756169183949911,0.7756169183949911,0.9803820235497627,1.0934423192987126,1.0934423192987126
2012-07-01,EBILL,0.7586700059617812,0.7586700059617812,0.9658082585207174,1.0759009623918572,1.0759009623918572
2012-10-01,EBILL,0.7363067619697102,0.7363067619697102,0.9511914114085752,1.0442066898180744,1.0442066898180744
2013-01-01,EBILL,0.7876938832581385,0.7876938832581385,0.9482169731772739,1.0654196215684495,1.0654196215684495
2013-04-01,EBILL,0.6850840625064737,0.6850840625064737,0.9726044089405909,1.0900223336637886,1.0900223336637886
2013-07-01,EBILL,0.7470965459291427,0.7470965459291427,0.8817736766857593,1.1479786077656304,1.1479786077656304
2013-10-01,EBILL,0.7278585383121094,0.7278585383121094,0.8602016624237101,1.1155419175874157,1.1155419175874157
2014-01-01,EBILL,0.7192789762932449,0.7192789762932449,0.8187023423535901,1.0966854423117331,1.0966854423117331
2014-04-01,EBILL,0.774979284821344,0.774979284821344,0.787966166684257,1.1578968512247785,1.1578968512247785
2014-07-01,EBILL,0.7401970931118992,0.7401970931118992,0.8597382189098621,1.019008443876475,1.019008443876475
2014-10-01,EBILL,0.7309804221612849,0.7309804221612849,0.7498695606320519,1.0119276475733774,1.0119276475733774
2015-01-01,EBILL,0.6710066944489504,0.6710066944489504,0.7381995160362382,1.0079822501273645,1.0079822501273645
2015-04-01,EBILL,0.6244846711357828,0.6244846711357828,0.719678573244614,1.0267696109864743,1.0267696109864743
2015-07-01,EBILL,0.5431283383352565,0.5431283383352565,0.7657709172662666,1.0136517502965556,1.0136517502965556
2015-10-01,EBILL,0.5295192661738936,0.5295192661738936,0.7222929338342913,0.918050223845528,0.918050223845528
2016-01-01,EBILL,0.6253985930974613,0.6253985930974613,0.726160426450213,0.8483149298538601,0.8483149298538601
2016-04-01,EBILL,0.592934546043631,0.592934546043631,0.7210439121842872,0.8569922701381222,0.8569922701381222
2016-07-01,EBILL,0.5675730474584728,0.5675730474584728,0.756891878918149,0.8951724549841786,0.8951724549841786
2016-10-01,EBILL,0.5659378171996926,0.5659378171996926,0.8025271846185036,0.8851595842742057,0.8851595842742057
2017-01-01,EBILL,0.600535860424125,0.600535860424125,0.79847003197967,0.8248591244756871,0.8248591244756871
2017-04-01,EBILL,0.5546340167926423,0.5546340167926423,0.687373603938414,0.8147935373050332,0.8147935373050332
2017-07-01,EBILL,0.48366259598598427,0.48366259598598427,0.7155033162794165,0.843393589686062,0.843393589686062
2017-10-01,EBILL,0.3642073915775569,0.3642073915775569,0.5768537216050574,0.8729606281427955,0.8729606281427955
2018-01-01,EBILL,0.2843816854183049,0.2843816854183049,0.577571803521427,0.8863797023523006,0.8863797023523006
2018-04-01,EBILL,0.3148291321459568,0.3148291321459568,0.6368127877394191,0.8211799416307775,0.8211799416307775
2018-07-01,EBILL,0.27415823652708154,0.27415823652708154,0.6516493977305747,0.7005739259693263,0.7005739259693263
2018-10-01,EBILL,0.2829801552782268,0.2829801552782268,0.5560725412255759,0.6178669562896824,0.6178669562896824
2019-01-01,EBILL,0.3981827443471566,0.3981827443471566,0.5755580120764907,0.6225620525273967,0.6225620525273967
2019-04-01,EBILL,0.4416672711050066,0.4416672711050066,0.5722723826533491,0.685653956716081,0.685653956716081
2019-07-01,EBILL,0.4215243761739492,0.4215243761739492,0.5040535005022809,0.6461154652948017,0.6461154652948017
2019-10-01,EBILL,0.3871567186298705,0.3871567186298705,0.43963295202338415,0.5919100076914415,0.5919100076914415
2020-01-01,EBILL,0.2759325257939389,0.2759325257939389,0.4099576030202993,0.5899270443764453,0.5899270443764453
2020-04-01,EBILL,0.24853260317233705,0.24853260317233705,0.421785422345037,0.5231600001060126,0.5231600001060126
2020-07-01,EBILL,0.16870049061280676,0.16870049061280676,0.44381316993564585,0.5540072020101741,0.5540072020101741
2020-10-01,EBILL,0.14205946369030897,0.14205946369030897,0.3744983199496606,0.5459018453432695,0.5459018453432695
2021-01-01,EBILL,0.16670287621291632,0.16670287621291632,0.4317027469577503,0.579388405234443,0.579388405234443
2021-04-01,EBILL,0.23015578368435277,0.23015578368435277,0.4065741648431514,0.49724415785272363,0.49724415785272363
2021-07-01,EBILL,0.20462036352899837,0.20462036352899837,0.3895204091553563,0.5356793623673923,0.5356793623673923
2021-10-01,EBILL,0.15478549615254433,0.15478549615254433,0.361150690193108,0.42238240876803834,0.42238240876803834
2022-01-01,EBILL,0.15437156496346413,0.15437156496346413,0.3484428291938899,0.44415477158948186,0.44415477158948186
2022-04-01,EBILL,0.1749635916217567,0.1749635916217567,0.419447440346339,0.5985859986272917,0.5985859986272917
2022-07-01,EBILL,0.14207523363610117,0.14207523363610117,0.42356025647980633,0.6315148797154119,0.6315148797154119
2022-10-01,EBILL,0.1728419218120826,0.1728419218120826,0.42367862781378723,0.630153566103351,0.630153566103351
2023-01-01,EBILL,0.1385766521433544,0.1385766521433544,0.3979548010122327,0.5540834302935962,0.5540834302935962
2023-04-01,EBILL,0.2039690446387886,0.2039690446387886,0.420346811723405,0.6025923558935985,0.6025923558935985
2023-07-01,EBILL,0.17837705766624412,0.17837705766624412,0.4020048709068421,0.609939163883639,0.609939163883639
2023-10-01,EBILL,0.10664559488388459,0.10664559488388459,0.32579871343647787,0.6014478332666137,0.6014478332666137
2024-01-01,EBILL,0.14643229708218636,0.14643229708218636,0.34558309833960166,0.6312365263565052,0.6312365263565052
2024-04-01,EBILL,0.15491102543220578,0.15491102543220578,0.3174558939039503,0.6636642741483244,0.6636642741483244
2024-07-01,EBILL,0.18843949090947315,0.18843949090947315,0.39392056766427763,0.6482791808914712,0.6482791808914712
2024-10-01,EBILL,0.13607627966506503,0.13607627966506503,0.43274418795885305,0.7401378383764897,0.7401378383764897
2025-01-01,EBILL,0.16980685798419234,0.16980685798419234,0.5019769458509254,0.6838082420938661,0.6838082420938661
2025-04-01,EBILL,0.18485989535649341,0.18485989535649341,0.41737622247711886,0.6967467544394905,0.6967467544394905
1960-01-01,TBlong,2.175563160523695,2.175563160523695,2.4122715782977657,2.9142914707950958,2.9142914707950958
1960-04-01,TBlong,2.1594392187896974,2.1594392187896974,2.378613802905881,2.919489593349571,2.919489593349571
1960-07-01,TBlong,2.023879623695624,2.023879623695624,2.4536833691199407,2.9368164369076,2.9368164369076
1960-10-01,TBlong,2.0042223135894766,2.0042223135894766,2.5156114351922927,2.9020799311231498,2.9020799311231498
1961-01-01,TBlong,2.0647604088463094,2.0647604088463094,2.425567418023335,2.9183345240937326,2.9183345240937326
1961-04-01,TBlong,1.9649251678967161,1.9649251678967161,2.3196105178872126,2.9144330122812,2.9144330122812
1961-07-01,TBlong,1.915660255963195,1.915660255963195,2.3768124102363446,2.9923944907675635,2.9923944907675635
1961-10-01,TBlong,1.8357008214399548,1.8357008214399548,2.387153752753796,2.9373285343619457,2.9373285343619457
1962-01-01,TBlong,2.029221495286693,2.029221495286693,2.4211280500565824,2.9016067739371856,2.9016067739371856
1962-04-01,TBlong,2.0728255639187756,2.0728255639187756,2.3515966866219635,2.813779165924917,2.813779165924917
1962-07-01,TBlong,2.062912361170394,2.062912361170394,2.369539184767728,2.7577306374564907,2.7577306374564907
1962-10-01,TBlong,2.062154820638186,2.062154820638186,2.3910049698168283,2.746282559518079,2.746282559518079
1963-01-01,TBlong,2.136068362677335,2.136068362677335,2.420273681692386,2.8217736598740895,2.8217736598740895
1963-04-01,TBlong,2.092219437035846,2.092219437035846,2.3985624262393053,2.8716019476741867,2.8716019476741867
1963-07-01,TBlong,2.1658179250004124,2.1658179250004124,2.3268977023566118,2.8924343440573193,2.8924343440573193
1963-10-01,TBlong,2.18017515202044,2.18017515202044,2.2693744402780753,2.823320979426832,2.823320979426832
1964-01-01,TBlong,2.176194621891448,2.176194621891448,2.37584425561772,2.735964956864621,2.735964956864621
1964-04-01,TBlong,2.2096457880255014,2.2096457880255014,2.4292438275419808,2.724846255407643,2.724846255407643
1964-07-01,TBlong,2.1515901739081533,2.1515901739081533,2.311086940906432,2.7564227391384337,2.7564227391384337
1964-10-01,TBlong,2.1668075841724352,2.1668075841724352,2.350640319123399,2.912679662472987,2.912679662472987
1965-01-01,TBlong,2.3309401344528506,2.3309401344528506,2.354201679653971,2.910397637178309,2.910397637178309
1965-04-01,TBlong,2.3718399572241102,2.3718399572241102,2.411336329016229,2.824896095838565,2.824896095838565
1965-07-01,TBlong,2.2518330248416616,2.2518330248416616,2.523112618464732,2.894839444791587,2.894839444791587
1965-10-01,TBlong,2.1425218323234514,2.1425218323234514,2.466375561144706,2.945086375777809,2.945086375777809
1966-01-01,TBlong,2.1037802760672975,2.1037802760672975,2.43768108669045,2.90191591611391,2.90191591611391
1966-04-01,TBlong,2.1799729366812315,2.1799729366812315,2.4941901830736004,2.9635741787833054,2.9635741787833054
1966-07-01,TBlong,2.1296703167376476,2.1296703167376476,2.4917608429767606,2.8181955457363523,2.8181955457363523
1966-10-01,TBlong,2.290287341027426,2.290287341027426,2.5363216059969598,2.8675017006290275,2.8675017006290275
1967-01-01,TBlong,2.4183031912885964,2.4183031912885964,2.5668406918175943,3.0367093045667923,3.0367093045667923
1967-04-01,TBlong,2.4521248767515744,2.4521248767515744,2.5130729685645514,3.0614457982950807,3.0614457982950807
1967-07-01,TBlong,2.4934836357340795,2.4934836357340795,2.539789846681141,3.2047765813244062,3.2047765813244062
1967-10-01,TBlong,2.5008549919141614,2.5008549919141614,2.5890323047238493,3.0470637824598477,3.0470637824598477
1968-01-01,TBlong,2.573856259197242,2.573856259197242,2.6335149574733956,3.1571651984339657,3.1571651984339657
1968-04-01,TBlong,2.5503508793480596,2.5503508793480596,2.636181729643591,3.247891846009757,3.247891846009757
1968-07-01,TBlong,2.439437305235132,2.439437305235132,2.6634271256091044,3.214989243268577,3.214989243268577
1968-10-01,TBlong,2.504880968872923,2.504880968872923,2.632138730246509,3.2865712895024286,3.2865712895024286
1969-01-01,TBlong,2.6102305151078546,2.6102305151078546,2.767982876528686,3.319055589690182,3.319055589690182
1969-04-01,TBlong,2.7018306792621685,2.7018306792621685,2.871621943133027,3.355454143943258,3.355454143943258
1969-07-01,TBlong,2.752618439132137,2.752618439132137,2.9348368814120516,3.3921736944264387,3.3921736944264387
1969-10-01,TBlong,2.726244844643344,2.726244844643344,2.942562589692357,3.518378119227346,3.518378119227346
1970-01-01,TBlong,2.7692206862256303,2.7692206862256303,3.0141036078205445,3.6898245255745508,3.6898245255745508
1970-04-01,TBlong,2.7786233340767277,2.7786233340767277,3.1292234210082928,3.5991293088751677,3.5991293088751677
1970-07-01,TBlong,2.740668901391227,2.740668901391227,3.112248275883211,3.5429699596212654,3.5429699596212654
1970-10-01,TBlong,2.750272628921108,2.750272628921108,3.121135067735384,3.5447552914788325,3.5447552914788325
1971-01-01,TBlong,2.90684833069571,2.90684833069571,3.1242840331848787,3.595341570813162,3.595341570813162
1971-04-01,TBlong,2.830859336705335,2.830859336705335,3.1304487821937195,3.631031238321643,3.631031238321643
1971-07-01,TBlong,2.8274324002522517,2.8274324002522517,3.2196794165590434,3.614360573337515,3.614360573337515
1971-10-01,TBlong,2.8993505597769738,2.8993505597769738,3.346123418085658,3.6250234434879554,3.6250234434879554
1972-01-01,TBlong,2.906309483326824,2.906309483326824,3.2942025751075024,3.859480781678962,3.859480781678962
1972-04-01,TBlong,2.968046814277773,2.968046814277773,3.3231475720483097,3.76271192818359,3.76271192818359
1972-07-01,TBlong,3.014378924700715,3.014378924700715,3.392794638975576,3.9022426765136706,3.9022426765136706
1972-10-01,TBlong,3.120387010079141,3.120387010079141,3.4484011485750967,3.9284965008619013,3.9284965008619013
1973-01-01,TBlong,3.2041205788143188,3.2041205788143188,3.4767555795702854,3.9958341060227553,3.9958341060227553
1973-04-01,TBlong,3.261231773309274,3.261231773309274,3.5162524339852883,4.005566475063656,4.005566475063656
1973-07-01,TBlong,3.285945941279396,3.285945941279396,3.561270090330352,4.118112318981304,4.118112318981304
1973-10-01,TBlong,3.26425213770446,3.26425213770446,3.6866144341853264,4.021399321232958,4.021399321232958
1974-01-01,TBlong,3.308640104722267,3.308640104722267,3.7881436627037712,4.043288989546358,4.043288989546358
1974-04-01,TBlong,3.37597256590632,3.37597256590632,3.8469033542693225,3.9820761333470376,3.9820761333470376
1974-07-01,TBlong,3.341457860624083,3.341457860624083,3.728156963373431,4.021860068577082,4.021860068577082
1974-10-01,TBlong,3.3311348787316124,3.3311348787316124,3.753970353970552,4.0355791047728795,4.0355791047728795
1975-01-01,TBlong,3.36577530232141,3.36577530232141,3.8016661199179236,4.044396455719951,4.044396455719951
1975-04-01,TBlong,3.3975559234415473,3.3975559234415473,3.8553001766222943,4.008743871211895,4.008743871211895
1975-07-01,TBlong,3.4584751712768,3.4584751712768,3.7387308350176642,4.0049945001218035,4.0049945001218035
1975-10-01,TBlong,3.477295273553735,3.477295273553735,3.7420811136759804,4.111513370489882,4.111513370489882
1976-01-01,TBlong,3.4861917483463927,3.4861917483463927,3.82920946975556,4.274567925830354,4.274567925830354
1976-04-01,TBlong,3.566212657270301,3.566212657270301,3.899855806663984,4.244136578833167,4.244136578833167
1976-07-01,TBlong,3.6999203501877433,3.6999203501877433,3.9704349445742633,4.176775821490418,4.176775821490418
1976-10-01,TBlong,3.693131539014119,3.693131539014119,3.8899732419855697,4.1953009537939145,4.1953009537939145
1977-01-01,TBlong,3.6916513402707345,3.6916513402707345,3.8076199050657507,4.241230363875865,4.241230363875865
1977-04-01,TBlong,3.733216002088838,3.733216002088838,3.907331022656292,4.226968142712762,4.226968142712762
1977-07-01,TBlong,3.8021759785984806,3.8021759785984806,4.000351401131878,4.321095661655283,4.321095661655283
1977-10-01,TBlong,3.8866359555060246,3.8866359555060246,4.095337810539918,4.329856485943496,4.329856485943496
1978-01-01,TBlong,3.761006302794902,3.761006302794902,4.04367224503876,4.336386003449947,4.336386003449947
1978-04-01,TBlong,3.7634942520124577,3.7634942520124577,3.9916037532779383,4.297852507103958,4.297852507103958
1978-07-01,TBlong,3.8320137567249892,3.8320137567249892,3.957579419743052,4.366841148090801,4.366841148090801
1978-10-01,TBlong,3.80742844635682,3.80742844635682,3.9569992030428605,4.5006175306301515,4.5006175306301515
1979-01-01,TBlong,3.821613926915153,3.821613926915153,4.005714046993291,4.450153872150219,4.450153872150219
1979-04-01,TBlong,3.8992342637755195,3.8992342637755195,4.105630093727127,4.521944005654528,4.521944005654528
1979-07-01,TBlong,3.974274687064936,3.974274687064936,4.187706734511844,4.400308513879907,4.400308513879907
1979-10-01,TBlong,3.9804258227376486,3.9804258227376486,4.1716046919092635,4.321790475595204,4.321790475595204
1980-01-01,TBlong,3.987129719657888,3.987129719657888,4.264226012868236,4.510855172203891,4.510855172203891
1980-04-01,TBlong,3.940533653722165,3.940533653722165,4.156912575820817,4.535921182938725,4.535921182938725
1980-07-01,TBlong,3.9512261388098215,3.9512261388098215,4.184032675998125,4.638133667745431,4.638133667745431
1980-10-01,TBlong,4.040320013434013,4.040320013434013,4.240283813534443,4.725478980935969,4.725478980935969
1981-01-01,TBlong,4.0649340674352485,4.0649340674352485,4.384748445502589,4.657996912957004,4.657996912957004
1981-04-01,TBlong,4.028103749564631,4.028103749564631,4.409829898475286,4.747760431591276,4.747760431591276
1981-07-01,TBlong,4.124405239174715,4.124405239174715,4.489438118584339,4.783773063061292,4.783773063061292
1981-10-01,TBlong,4.1917067699402235,4.1917067699402235,4.486418729978251,4.723876754445695,4.723876754445695
1982-01-01,TBlong,4.2668058410848655,4.2668058410848655,4.476033577234367,4.812189996635118,4.812189996635118
1982-04-01,TBlong,4.188748907496523,4.188748907496523,4.540181403461301,4.786378679327077,4.786378679327077
1982-07-01,TBlong,4.179000825140084,4.179000825140084,4.376322641251023,4.801133847616146,4.801133847616146
1982-10-01,TBlong,4.106610512641902,4.106610512641902,4.277026125865985,4.761662015262294,4.761662015262294
1983-01-01,TBlong,4.074133836583343,4.074133836583343,4.368374368931251,4.794612928753761,4.794612928753761
1983-04-01,TBlong,4.020633540879088,4.020633540879088,4.337855416423055,4.8082781527687635,4.8082781527687635
1983-07-01,TBlong,4.050834298008405,4.050834298008405,4.541053993153309,5.009827319483515,5.009827319483515
1983-10-01,TBlong,4.016485613209495,4.016485613209495,4.699879497004491,4.9609920360428035,4.9609920360428035
1984-01-01,TBlong,3.9572557647885116,3.9572557647885116,4.68749985765545,4.930957801860408,4.930957801860408
1984-04-01,TBlong,3.97083571643055,3.97083571643055,4.649741250989726,5.001783919697474,5.001783919697474
1984-07-01,TBlong,3.900797285877495,3.900797285877495,4.744821323613735,4.766316342225352,4.766316342225352
1984-10-01,TBlong,3.932667862780809,3.932667862780809,4.580035690332191,4.6748122355473285,4.6748122355473285
1985-01-01,TBlong,3.8529637849769705,3.8529637849769705,4.521303031522785,4.637939488357152,4.637939488357152
1985-04-01,TBlong,3.831957570226347,3.831957570226347,4.618212493386404,4.678735396152781,4.678735396152781
1985-07-01,TBlong,3.7692521761436364,3.7692521761436364,4.590508279398758,4.627161058699647,4.627161058699647
1985-10-01,TBlong,3.698409839636509,3.698409839636509,4.547118892291383,4.622220188336907,4.622220188336907
1986-01-01,TBlong,3.6972723991976064,3.6972723991976064,4.336087690072451,4.663400703911368,4.663400703911368
1986-04-01,TBlong,3.6772529628497894,3.6772529628497894,4.354779013787345,4.6914369931202256,4.6914369931202256
1986-07-01,TBlong,3.7809855773574523,3.7809855773574523,4.418698241156006,4.711981841988305,4.711981841988305
1986-10-01,TBlong,3.7797145000470973,3.7797145000470973,4.4010848856615965,4.59964566757671,4.59964566757671
1987-01-01,TBlong,3.847942125632647,3.847942125632647,4.395258544234143,4.567419209059718,4.567419209059718
1987-04-01,TBlong,3.86255644800784,3.86255644800784,4.454016118411494,4.7201879918311125,4.7201879918311125
1987-07-01,TBlong,3.8765350040479714,3.8765350040479714,4.437930794921402,4.681365459799704,4.681365459799704
1987-10-01,TBlong,3.862289749724814,3.862289749724814,4.3912346500100625,4.667878735139503,4.667878735139503
1988-01-01,TBlong,3.8149013104876373,3.8149013104876373,4.429717625850689,4.688933075892757,4.688933075892757
1988-04-01,TBlong,3.8738595533364673,3.8738595533364673,4.410304042252994,4.756328506794013,4.756328506794013
1988-07-01,TBlong,3.8689701703606634,3.8689701703606634,4.482854556702436,4.708257745470888,4.708257745470888
1988-10-01,TBlong,3.9797208529970027,3.9797208529970027,4.386179482859479,4.619540248180588,4.619540248180588
1989-01-01,TBlong,4.0101006314334295,4.0101006314334295,4.399820757133688,4.528694358363645,4.528694358363645
1989-04-01,TBlong,3.9891771402682084,3.9891771402682084,4.330636548694237,4.530356412943727,4.530356412943727
1989-07-01,TBlong,3.9538751818433138,3.9538751818433138,4.2813744266492115,4.413662179898873,4.413662179898873
1989-10-01,TBlong,3.9141201191443473,3.9141201191443473,4.39327121274373,4.442511912850862,4.442511912850862
1990-01-01,TBlong,3.955348250211294,3.955348250211294,4.367697279064245,4.494345806272039,4.494345806272039
1990-04-01,TBlong,3.866490075413166,3.866490075413166,4.394745451500388,4.441488689541993,4.441488689541993
1990-07-01,TBlong,3.797832464483788,3.797832464483788,4.32689669855752,4.60164266448338,4.60164266448338
1990-10-01,TBlong,3.811432632877427,3.811432632877427,4.264881171750091,4.639930419153235,4.639930419153235
1991-01-01,TBlong,3.9051331059708643,3.9051331059708643,4.30329271514542,4.648001656288685,4.648001656288685
1991-04-01,TBlong,3.846252853955663,3.846252853955663,4.220483360396562,4.615476638563154,4.615476638563154
1991-07-01,TBlong,3.9762182834018764,3.9762182834018764,4.248514607622677,4.553969104073906,4.553969104073906
1991-10-01,TBlong,4.011797937197473,4.011797937197473,4.199841540991484,4.485726037790651,4.485726037790651
1992-01-01,TBlong,4.147503452627534,4.147503452627534,4.205704662661393,4.378559951585816,4.378559951585816
1992-04-01,TBlong,4.154535319888192,4.154535319888192,4.2216618693129675,4.230699619482237,4.230699619482237
1992-07-01,TBlong,3.9993576163755886,3.9993576163755886,4.094360849212931,4.171080306823398,4.171080306823398
1992-10-01,TBlong,3.7744903871209257,3.7744903871209257,4.1148543821761825,4.162710704887776,4.162710704887776
1993-01-01,TBlong,3.7825899165389636,3.7825899165389636,4.097583181589103,4.147739213138795,4.147739213138795
1993-04-01,TBlong,3.921525197347178,3.921525197347178,3.9687314735536767,4.120088792259187,4.120088792259187
1993-07-01,TBlong,3.913683270205416,3.913683270205416,3.9799195976748,4.146912305182455,4.146912305182455
1993-10-01,TBlong,3.9928406026406194,3.9928406026406194,4.071881093668089,4.11303421433405,4.11303421433405
1994-01-01,TBlong,3.972933569677432,3.972933569677432,4.045557178242737,4.251556594701779,4.251556594701779
1994-04-01,TBlong,4.0158373898498425,4.0158373898498425,4.114567647093405,4.332033467124429,4.332033467124429
1994-07-01,TBlong,4.068263375075894,4.068263375075894,4.164999875673838,4.226974200264666,4.226974200264666
1994-10-01,TBlong,4.056793264786904,4.056793264786904,4.20652077673577,4.263747220590289,4.263747220590289
1995-01-01,TBlong,4.006125003274375,4.006125003274375,4.159123975215792,4.270193544146043,4.270193544146043
1995-04-01,TBlong,4.063715626018642,4.063715626018642,4.083497350767572,4.165327380692108,4.165327380692108
1995-07-01,TBlong,3.9159642723342927,3.9159642723342927,4.0884066551400515,4.1487587290087795,4.1487587290087795
1995-10-01,TBlong,3.9768326880242504,3.9768326880242504,3.983125468736591,4.133154577129324,4.133154577129324
1996-01-01,TBlong,3.865781984934903,3.865781984934903,3.9840378792953075,4.2112508627520135,4.2112508627520135
1996-04-01,TBlong,3.882652201929881,3.882652201929881,4.00958607578978,4.313618120271202,4.313618120271202
1996-07-01,TBlong,3.9123278677635813,3.9123278677635813,4.013831114329941,4.412338635937445,4.412338635937445
1996-10-01,TBlong,3.8614865070407234,3.8614865070407234,4.018405431004074,4.432458856713751,4.432458856713751
1997-01-01,TBlong,3.7942302019961374,3.7942302019961374,4.035025320593134,4.312410857759243,4.312410857759243
1997-04-01,TBlong,3.8378568081897773,3.8378568081897773,3.9861960176471394,4.337363123688032,4.337363123688032
1997-07-01,TBlong,3.884150377927102,3.884150377927102,3.984574418308454,4.318249660509542,4.318249660509542
1997-10-01,TBlong,3.8385927561994215,3.8385927561994215,3.9906253349540752,4.303638177913474,4.303638177913474
1998-01-01,TBlong,3.833925813993998,3.833925813993998,4.0162147315997805,4.378797256556659,4.378797256556659
1998-04-01,TBlong,3.7699933763995426,3.7699933763995426,4.176374700955903,4.640696876319235,4.640696876319235
1998-07-01,TBlong,3.8406047725117496,3.8406047725117496,4.225116525891652,4.521917054627112,4.521917054627112
1998-10-01,TBlong,3.956336388976538,3.956336388976538,4.066737075188406,4.607224071487793,4.607224071487793
1999-01-01,TBlong,3.9637464914674645,3.9637464914674645,4.023189804670846,4.599536005223938,4.599536005223938
1999-04-01,TBlong,3.959832745569088,3.959832745569088,4.117992543037773,4.580974157175081,4.580974157175081
1999-07-01,TBlong,3.985435822675292,3.985435822675292,4.078223003821261,4.46252530915223,4.46252530915223
1999-10-01,TBlong,3.962213453482236,3.962213453482236,4.090977044486433,4.342009575372846,4.342009575372846
2000-01-01,TBlong,4.003156522458012,4.003156522458012,4.195859843638,4.3743107594416495,4.3743107594416495
2000-04-01,TBlong,3.965236169425024,3.965236169425024,4.056513898892312,4.2861135470345415,4.2861135470345415
2000-07-01,TBlong,3.975684197720607,3.975684197720607,4.120313858048277,4.151669739131849,4.151669739131849
2000-10-01,TBlong,3.8814443267225567,3.8814443267225567,4.059477801249989,4.214686357494379,4.214686357494379
2001-01-01,TBlong,3.8056520665444604,3.8056520665444604,4.0602779750362545,4.074301751283057,4.074301751283057
2001-04-01,TBlong,3.834859003938716,3.834859003938716,3.932871830658734,4.154894004869535,4.154894004869535
2001-07-01,TBlong,3.8924718617758303,3.8924718617758303,3.9611762652462286,4.149631135378316,4.149631135378316
2001-10-01,TBlong,3.860453223837566,3.860453223837566,4.014128952859709,4.105148120227045,4.105148120227045
2002-01-01,TBlong,3.859698849566931,3.859698849566931,4.060794459200524,4.159464132692971,4.159464132692971
2002-04-01,TBlong,3.822101749274629,3.822101749274629,4.049235687715508,4.254699219776407,4.254699219776407
2002-07-01,TBlong,3.828978424355059,3.828978424355059,4.034200066143176,4.246606058536663,4.246606058536663
2002-10-01,TBlong,3.885106816329168,3.885106816329168,3.9758267174120077,4.23577201738785,4.23577201738785
2003-01-01,TBlong,3.7763893097071763,3.7763893097071763,4.082964033587949,4.297034342249532,4.297034342249532
2003-04-01,TBlong,3.608740910374511,3.608740910374511,3.994791445523938,4.293790643911743,4.293790643911743
2003-07-01,TBlong,3.4636713764700953,3.4636713764700953,4.01144113365263,4.195638939140835,4.195638939140835
2003-10-01,TBlong,3.37468633518344,3.37468633518344,3.948129039913096,4.149995631113864,4.149995631113864
2004-01-01,TBlong,3.3558994400548663,3.3558994400548663,3.878727111254645,4.085572676548832,4.085572676548832
2004-04-01,TBlong,3.467656870499912,3.467656870499912,3.8365096821352873,4.09658084945881,4.09658084945881
2004-07-01,TBlong,3.402596115201723,3.402596115201723,3.8432088712677857,3.970963004991792,3.970963004991792
2004-10-01,TBlong,3.433492619624568,3.433492619624568,3.793002087094036,3.859103208444158,3.859103208444158
2005-01-01,TBlong,3.539254569512426,3.539254569512426,3.7202457437298255,3.869632440142057,3.869632440142057
2005-04-01,TBlong,3.5312220415558344,3.5312220415558344,3.6183612187428658,3.822592189743445,3.822592189743445
2005-07-01,TBlong,3.3696158951670756,3.3696158951670756,3.732650631201275,3.7705230402033703,3.7705230402033703
2005-10-01,TBlong,3.3105736069013436,3.3105736069013436,3.6982325583633,3.8068152269773203,3.8068152269773203
2006-01-01,TBlong,3.24385585599218,3.24385585599218,3.670389309402311,3.6903889073768004,3.6903889073768004
2006-04-01,TBlong,3.2468619716635594,3.2468619716635594,3.5408048309323483,3.7455940210154344,3.7455940210154344
2006-07-01,TBlong,3.1916242591653785,3.1916242591653785,3.4323294555051325,3.78742569355414,3.78742569355414
2006-10-01,TBlong,3.2064124571546015,3.2064124571546015,3.2761455745678356,3.5577103849024674,3.5577103849024674
2007-01-01,TBlong,3.1392490706510756,3.1392490706510756,3.302555267782411,3.561469605938351,3.561469605938351
2007-04-01,TBlong,3.047747773581081,3.047747773581081,3.27955023146673,3.4371643270744086,3.4371643270744086
2007-07-01,TBlong,3.009563027912979,3.009563027912979,3.1916526584517326,3.4007893477307434,3.4007893477307434
2007-10-01,TBlong,2.858795715528036,2.858795715528036,3.156530369374533,3.434676209351299,3.434676209351299
2008-01-01,TBlong,2.9012640370744607,2.9012640370744607,3.0227653621177963,3.3988508083383913,3.3988508083383913
2008-04-01,TBlong,2.8387988819312113,2.8387988819312113,2.985447989743288,3.4557615911580943,3.4557615911580943
2008-07-01,TBlong,2.785059800543002,2.785059800543002,2.9476349599227767,3.3958253563301213,3.3958253563301213
2008-10-01,TBlong,2.687716620618658,2.687716620618658,2.8815732625856985,3.464971007980912,3.464971007980912
2009-01-01,TBlong,2.6061009996969067,2.6061009996969067,2.8354423961555604,3.3786226389352914,3.3786226389352914
2009-04-01,TBlong,2.4995935156021742,2.4995935156021742,2.768664785062625,3.313889870632359,3.313889870632359
2009-07-01,TBlong,2.379830448644281,2.379830448644281,2.76045739645509,3.1862607133185574,3.1862607133185574
2009-10-01,TBlong,2.415574933867653,2.415574933867653,2.8447726013683603,3.152940153414887,3.152940153414887
2010-01-01,TBlong,2.3479208933648668,2.3479208933648668,2.7310405727088916,3.0307509258241696,3.0307509258241696
2010-04-01,TBlong,2.2434139478388717,2.2434139478388717,2.6805664450150823,2.950198208330409,2.950198208330409
2010-07-01,TBlong,2.124447452219206,2.124447452219206,2.7132462429087942,2.937518655874978,2.937518655874978
2010-10-01,TBlong,2.1688897619302114,2.1688897619302114,2.4878853184045715,2.855094452591077,2.855094452591077
2011-01-01,TBlong,2.1333465243114644,2.1333465243114644,2.4002228472671194,2.824251348054945,2.824251348054945
2011-04-01,TBlong,2.114030461525459,2.114030461525459,2.4987420714943704,2.7278912412180563,2.7278912412180563
2011-07-01,TBlong,2.054252709225596,2.054252709225596,2.496933071432224,2.5940182565593997,2.5940182565593997
2011-10-01,TBlong,1.9442871498059318,1.9442871498059318,2.329048093819276,2.478057705800694,2.478057705800694
2012-01-01,TBlong,1.8248501673102324,1.8248501673102324,2.2117786558486543,2.5682337204673065,2.5682337204673065
2012-04-01,TBlong,1.9022487053530979,1.9022487053530979,2.1963996895932785,2.616830064579023,2.616830064579023
2012-07-01,TBlong,1.9073257267764625,1.9073257267764625,2.09511142294282,2.6569273086888865,2.6569273086888865
2012-10-01,TBlong,1.9102608441386435,1.9102608441386435,2.0158135887239226,2.591638507795623,2.591638507795623
2013-01-01,TBlong,1.905270862248372,1.905270862248372,2.0487792278516443,2.586019752796211,2.586019752796211
2013-04-01,TBlong,1.7721906270818581,1.7721906270818581,1.9765633924274693,2.699117873299856,2.699117873299856
2013-07-01,TBlong,1.8528965787784117,1.8528965787784117,2.052012091654821,2.6302271468413885,2.6302271468413885
2013-10-01,TBlong,1.8393899431127443,1.8393899431127443,1.9115439303805375,2.6773460232756916,2.6773460232756916
2014-01-01,TBlong,1.7489487385131586,1.7489487385131586,1.866245322029243,2.740802886163768,2.740802886163768
2014-04-01,TBlong,1.7216433125215678,1.7216433125215678,1.8966376869654389,2.697763881072137,2.697763881072137
2014-07-01,TBlong,1.621567225068191,1.621567225068191,1.9041300377223451,2.651884271360272,2.651884271360272
2014-10-01,TBlong,1.612375226166657,1.612375226166657,1.7755466325652445,2.4111819546196247,2.4111819546196247
2015-01-01,TBlong,1.5260190347865912,1.5260190347865912,1.7409643395446492,2.408036110901074,2.408036110901074
2015-04-01,TBlong,1.3316321414419636,1.3316321414419636,1.6649378140377862,2.351298352188153,2.351298352188153
2015-07-01,TBlong,1.138051662883421,1.138051662883421,1.7492784446881733,2.265447508557633,2.265447508557633
2015-10-01,TBlong,1.1445094402130946,1.1445094402130946,1.7064403809510182,2.22104528481657,2.22104528481657
2016-01-01,TBlong,1.3184540724819596,1.3184540724819596,1.6313808483100412,2.081635989999641,2.081635989999641
2016-04-01,TBlong,1.2722397331957875,1.2722397331957875,1.6184202342547889,2.053343970348082,2.053343970348082
2016-07-01,TBlong,1.1923436529401656,1.1923436529401656,1.5649395694716117,2.1245391814614445,2.1245391814614445
2016-10-01,TBlong,1.156507673323485,1.156507673323485,1.5475789636571726,2.0352035945149836,2.0352035945149836
2017-01-01,TBlong,1.1869256456558843,1.1869256456558843,1.545529503539957,1.9719144194227431,1.9719144194227431
2017-04-01,TBlong,1.15306274077546,1.15306274077546,1.543433812237265,1.9573798692626325,1.9573798692626325
2017-07-01,TBlong,1.1534869063785844,1.1534869063785844,1.6342847006604173,1.96473967130941,1.96473967130941
2017-10-01,TBlong,1.0432875757504667,1.0432875757504667,1.6472221149311255,1.8168466299567276,1.8168466299567276
2018-01-01,TBlong,1.0399878468246784,1.0399878468246784,1.4968268793806567,1.7818450904253762,1.7818450904253762
2018-04-01,TBlong,0.9967447281160999,0.9967447281160999,1.5636412082629287,1.718382286601958,1.718382286601958
2018-07-01,TBlong,1.0690018646463555,1.0690018646463555,1.515269279560672,1.6091159149620673,1.6091159149620673
2018-10-01,TBlong,1.011191875995289,1.011191875995289,1.4007492640463581,1.5879081905717478,1.5879081905717478
2019-01-01,TBlong,0.9944768161923783,0.9944768161923783,1.430293435955475,1.7376781955388254,1.7376781955388254
2019-04-01,TBlong,0.975662210067923,0.975662210067923,1.3623908726623735,1.7616995254365646,1.7616995254365646
2019-07-01,TBlong,1.0527421675161905,1.0527421675161905,1.256135134122843,1.7675173664697543,1.7675173664697543
2019-10-01,TBlong,1.0439327798014162,1.0439327798014162,1.18619857712562,1.7259054738968662,1.7259054738968662
2020-01-01,TBlong,1.0484737212939703,1.0484737212939703,1.254068588313647,1.6860192123433744,1.6860192123433744
2020-04-01,TBlong,1.0094536024240277,1.0094536024240277,1.2509757325969322,1.553211211488934,1.553211211488934
2020-07-01,TBlong,0.8775098082956341,0.8775098082956341,1.297318822541055,1.520796557176118,1.520796557176118
2020-10-01,TBlong,0.8497613191552883,0.8497613191552883,1.214617942466374,1.5540826747063015,1.5540826747063015
2021-01-01,TBlong,0.836396470179351,0.836396470179351,1.217971335743866,1.5278016841466557,1.5278016841466557
2021-04-01,TBlong,0.7567831424305086,0.7567831424305086,1.147452331884979,1.5796898418672094,1.5796898418672094
2021-07-01,TBlong,0.8468063437494407,0.8468063437494407,1.1482972797457536,1.6313179080048736,1.6313179080048736
2021-10-01,TBlong,0.7165554366371978,0.7165554366371978,1.0493691845777022,1.628488147524656,1.628488147524656
2022-01-01,TBlong,0.731153186769709,0.731153186769709,1.0253031732684836,1.6274431232421591,1.6274431232421591
2022-04-01,TBlong,0.8697104304492521,0.8697104304492521,1.1759680667943326,1.648428964424697,1.648428964424697
2022-07-01,TBlong,0.8197109633644656,0.8197109633644656,1.2099277314120966,1.6670952988231096,1.6670952988231096
2022-10-01,TBlong,0.8773556109370713,0.8773556109370713,1.1703178581491782,1.6600989531808876,1.6600989531808876
2023-01-01,TBlong,0.816336563994126,0.816336563994126,1.06425330413471,1.6847473409553835,1.6847473409553835
2023-04-01,TBlong,0.7005574077538241,0.7005574077538241,1.1348623423038564,1.6335106824909102,1.6335106824909102
2023-07-01,TBlong,0.49558386628812223,0.49558386628812223,1.1516153165069185,1.6474413527582965,1.6474413527582965
2023-10-01,TBlong,0.33911322838748065,0.33911322838748065,1.076345020498137,1.756347481666371,1.756347481666371
2024-01-01,TBlong,0.38443707704102853,0.38443707704102853,1.1329386788432985,1.753329248768786,1.753329248768786
2024-04-01,TBlong,0.3052383338111948,0.3052383338111948,1.1447094883111695,1.7531957579177597,1.7531957579177597
2024-07-01,TBlong,0.4544950041043688,0.4544950041043688,1.1883035036599474,1.866823350730656,1.866823350730656
2024-10-01,TBlong,0.3888248309599287,0.3888248309599287,1.184756825927896,1.8961292339822564,1.8961292339822564
2025-01-01,TBlong,0.46959115188688905,0.46959115188688905,1.2651284273920032,2.0236846985238737,2.0236846985238737
2025-04-01,TBlong,0.5675453986421217,0.5675453986421217,1.062476855564136,1.9945162668593432,1.9945162668593432
